"id","title","kana","cats","area","venue","venue_url","pref","start_date","end_date","date","dates","open_time","start_time","end_time","date_note","backup_date","status","rank","series_id","announced_date","is_additional","onsale_label","onsale_start","onsale_start_time","onsale_end","onsale_end_time","limited_sale","price","price_official","price_best","discount_pct","best_source","coupon_note","price_checked","price_condition","source","url","official_url","lat","lng","desc","note","parking","nearest_station"
"1","勝利の女神:NIKKE × 東京ドームシティ アトラクションズ『遊園地を奪還せよ、指揮官！』","","ent","東京都・文京区","東京ドームシティ アトラクションズ","https://at-raku.com/","tokyo","2026-09-10","2026-10-18","","","","","","","","","","","","","","","","","","","コラボチケット当日2,800円/7,000円/10,000円（税込・特典内容により3段階）","","","","","","2026-10-02","","公式サイト","https://www.at-raku.com/event/nikke/index.html","https://www.at-raku.com/event/nikke/index.html","35.7056","139.7519","スマートフォンゲーム『勝利の女神:NIKKE』が東京ドームシティ アトラクションズを期間限定でジャック。園内謎解きラリーやキャラクターボイス付きアトラクション、混雑日はLINE整理券制の限定グッズ、コラボメニューを楽しめる約5週間の企画。","3段階のチケットは特典内容の違いによるもので代表額を一つに絞れないため price_official は空欄。前売は終了し当日販売のみ","","JR水道橋駅西口/都営三田線水道橋駅A2出口/東京メトロ丸ノ内線・南北線後楽園駅2番出口/都営大江戸線春日駅6番出口"
"2","青鬼×東京ドームシティ アトラクションズ～青鬼祭～","","ent","東京都・文京区","東京ドームシティ アトラクションズ","https://at-raku.com/","tokyo","2026-10-23","2026-11-23","","","","","","","","","","","","","","","","","","","コラボチケット前売2,700円/4,600円・当日2,900円/4,900円（税込・特典内容により2段階。前売は10/22まで）","","","","","","2026-10-02","","公式サイト","https://at-raku.com/event/aooni/index.html","https://at-raku.com/event/aooni/index.html","35.7056","139.7519","人気ホラーゲーム「青鬼」と東京ドームシティ アトラクションズがコラボするハロウィン企画「青鬼祭」。園内装飾やコラボアトラクション演出を予定。詳細は公式サイトで続報予定のため料金は現時点未発表。","ノベルティは無くなり次第終了","","JR水道橋駅西口/都営三田線水道橋駅A2出口/東京メトロ丸ノ内線・南北線後楽園駅2番出口/都営大江戸線春日駅6番出口"
"3","コスプレフェスタTDC","","ent","東京都・文京区","東京ドームシティ アトラクションズ","https://at-raku.com/","tokyo","2026-10-18","2026-10-18","","","","","","","","","","","","","","","","","","","一般入場ワンデー3,980円／アーリー入場付き4,980円／イブニング2,500円（早割3,600円は先着1000名）","","","","","","2026-10-02","","公式サイト","https://at-raku.com/event/cosplay/index.html","https://at-raku.com/event/cosplay/index.html","35.7056","139.7519","東京ドームシティのアトラクション乗り放題つきコスプレイベント。観覧車「ビッグ・オー」などに衣装のまま乗車でき、プリズムホールで受付・更衣・撮影登録を行う1日開催の企画。","3歳からチケット必要。撮影のみの来場もチケットが必要で、当日カメラ登録料500円が別にかかる","","JR水道橋駅西口/都営三田線水道橋駅A2出口/東京メトロ丸ノ内線・南北線後楽園駅2番出口/都営大江戸線春日駅6番出口"
"4","Godzilla AR: Godzilla VS Tokyo Dome","","ent","東京都・文京区","東京ドームシティ アトラクションズ","https://at-raku.com/","tokyo","2026-09-02","2026-12-02","","","","","","","","","","","","","","","","","","","利用料金1,300円","1300","","","","","2026-10-02","","公式サイト","https://at-raku.com/","https://at-raku.com/","35.7056","139.7519","","7歳以上対象。パスポート等の乗り放題料金には含まれない個別アトラクション扱い","","JR水道橋駅西口/都営三田線水道橋駅A2出口/東京メトロ丸ノ内線・南北線後楽園駅2番出口/都営大江戸線春日駅6番出口"
"5","ワンデーパスが割引価格に！「学校行事振替休日キャンペーン」を開催！","","exp","東京都・稲城市","よみうりランド","https://www.yomiuriland.com/","tokyo","2026-09-14","2026-11-30","","","","","","","","","","","","","","","","","","","対象日（学校行事の振替休日）のワンデーパス おとな4,900円／中高生3,700円／小学生・65歳以上3,100円／未就学児1,500円（通常5,900円/4,700円/4,100円/2,500円）","5900","","","","","2026-10-02","学校行事の振替休日の対象者・対象日のみ","公式サイト","https://www.yomiuriland.com/event/furikyu2026autumn/","https://www.yomiuriland.com/","35.6367","139.5133","","対象日は9/14・24・28、10/5・13・19・26、11/2・9・16・24・30。学校行事による振替休日の方が対象","A-1・A-2・C-1・C-2駐車場 平日1,500円・土日祝/特定日2,000円〜(B・D・Eは30分400円)","京王線「京王よみうりランド駅」からゴンドラ「スカイシャトル」/小田急線「読売ランド前駅」からバス"
"6","リポビタンロケット☆ルナ ダーク・ザ・ライド","","fam","東京都・稲城市","よみうりランド","https://www.yomiuriland.com/","tokyo","2026-09-26","2026-11-01","","","","","","","","","","","","","","","","","","","ワンデーパス（入園＋アトラクション乗り放題）おとな5,900円（公式オンライン5,500円）／中高生4,700円／小学生・65歳以上4,100円／未就学児2,500円。入園のみ1,800円","5900","","","","","2026-10-02","","公式サイト","https://www.yomiuriland.com/event/dark_the_ride2026/","https://www.yomiuriland.com/","35.6367","139.5133","人気コースター「リポビタンロケット☆ルナ」がハロウィン期間限定でホラーバージョンに変身。日没後の暗いコースにホラー装飾とBGMが加わり、通常とは異なる恐怖とスリルを味わえる。14:30までは通常運行。","身長110cm以上、130cm未満は中学生以上の同乗が必要","A-1・A-2・C-1・C-2駐車場 平日1,500円・土日祝/特定日2,000円〜(B・D・Eは30分400円)","京王線「京王よみうりランド駅」からゴンドラ「スカイシャトル」/小田急線「読売ランド前駅」からバス"
"7","ブルーロック×よみうりランド","","ent","東京都・稲城市","よみうりランド","https://www.yomiuriland.com/","tokyo","2026-10-02","2026-11-01","","","","","","","","","","","","","","","","","","","ワンデーパス（入園＋アトラクション乗り放題）おとな5,900円（公式オンライン5,500円）／中高生4,700円／小学生・65歳以上4,100円／未就学児2,500円。入園のみ1,800円","5900","","","","","2026-10-02","","公式サイト","https://www.yomiuriland.com/event/","https://www.yomiuriland.com/","35.6367","139.5133","サッカー漫画「ブルーロック」とよみうりランドのコラボ企画。詳細な内容は公式イベント一覧・特設サイトで案内予定。","","A-1・A-2・C-1・C-2駐車場 平日1,500円・土日祝/特定日2,000円〜(B・D・Eは30分400円)","京王線「京王よみうりランド駅」からゴンドラ「スカイシャトル」/小田急線「読売ランド前駅」からバス"
"8","よみランハロウィン！～Jump in Party 2026～","","fam","東京都・稲城市","よみうりランド","https://www.yomiuriland.com/","tokyo","2026-09-26","2026-11-01","","","","","","","","","","","","","","","","","","","ワンデーパス（入園＋アトラクション乗り放題）おとな5,900円（公式オンライン5,500円）／中高生4,700円／小学生・65歳以上4,100円／未就学児2,500円。入園のみ1,800円","5900","","","","ハロウィン仮装でワンデーパス割引（仮装アイテム1点以上・仮装した本人のみ。おとな4,900円〜5,000円）","2026-10-02","仮装した本人のみ","公式サイト","https://www.yomiuriland.com/event/halloween2026/","https://www.yomiuriland.com/","35.6367","139.5133","ハロウィン期間中の仮装パレードやキャラクターグリーティング、限定ワークショップなどを園内各所で展開するファミリー向け企画。仮装での来園者向け特典もある。","","A-1・A-2・C-1・C-2駐車場 平日1,500円・土日祝/特定日2,000円〜(B・D・Eは30分400円)","京王線「京王よみうりランド駅」からゴンドラ「スカイシャトル」/小田急線「読売ランド前駅」からバス"
"9","よみランCLUB会員限定!秋の都民・県民の日キャンペーン","","ent","東京都・稲城市","よみうりランド","https://www.yomiuriland.com/","tokyo","2026-09-28","2026-11-23","","","","","","","","","","","","","","","","","","","対象日の公式オンラインワンデーパスが通常価格から1,000円引き（おとな4,900円/中高生3,700円/小学生・65歳以上3,100円/未就学児1,500円）","5900","","","","","2026-10-02","よみランCLUB会員（無料入会）で東京・群馬・茨城・埼玉・山梨に在住・在学・在勤の方","公式サイト","https://www.yomiuriland.com/event/kenmin2026autumn/","https://www.yomiuriland.com/","35.6367","139.5133","よみランCLUB会員を対象に、都民の日・県民の日にちなんでワンデーパス等が割引になる約2カ月間の期間限定キャンペーン。対象地域の在住・在勤・在学者が条件を提示すると割引が適用される、秋恒例の会員向け優待企画。","","A-1・A-2・C-1・C-2駐車場 平日1,500円・土日祝/特定日2,000円〜(B・D・Eは30分400円)","京王線「京王よみうりランド駅」からゴンドラ「スカイシャトル」/小田急線「読売ランド前駅」からバス"
"10","今シーズンは新色登場！世界的照明デザイナー石井幹子プロデュース「ジュエルミネーション」開催決定","","exp","東京都・稲城市","よみうりランド","https://www.yomiuriland.com/","tokyo","2026-10-29","2027-04-04","","","","","","","","","","","","","","","","","","","ワンデーパス（入園＋アトラクション乗り放題）おとな5,900円（公式オンライン5,500円）／中高生4,700円／小学生・65歳以上4,100円／未就学児2,500円。入園のみ1,800円","5900","","","","","2026-10-02","","公式サイト","https://www.yomiuriland.com/event/","https://www.yomiuriland.com/","35.6367","139.5133","","通常のワンデーパス（5,900円）でも昼から観覧可能。アフターパスは15時以降入園者向けの割引チケット","A-1・A-2・C-1・C-2駐車場 平日1,500円・土日祝/特定日2,000円〜(B・D・Eは30分400円)","京王線「京王よみうりランド駅」からゴンドラ「スカイシャトル」/小田急線「読売ランド前駅」からバス"
"11","グッジョバ!!FOOD factoryリニューアルオープン！ 新アトラクション「U.F.O.ソースシューティング」登場！","","fam","東京都・稲城市","よみうりランド","https://www.yomiuriland.com/","tokyo","2026-07-17","","","","","","","","","","","","","","","","","","","","ワンデーパス（入園＋アトラクション乗り放題）おとな5,900円（公式オンライン5,500円）／中高生4,700円／小学生・65歳以上4,100円／未就学児2,500円。入園のみ1,800円","5900","","","","","2026-10-02","","公式サイト","https://www.yomiuriland.com/event/food_renewal/","https://www.yomiuriland.com/","35.6367","139.5133","食品工場をテーマにしたエリア「グッジョバ!!」の「FOOD factory」がリニューアル。新アトラクション「U.F.O.ソースシューティング」が登場し、食にまつわる体験コンテンツが拡充された。","","A-1・A-2・C-1・C-2駐車場 平日1,500円・土日祝/特定日2,000円〜(B・D・Eは30分400円)","京王線「京王よみうりランド駅」からゴンドラ「スカイシャトル」/小田急線「読売ランド前駅」からバス"
"12","未就学児デビュー応援キャンペーン","","fam","東京都・稲城市","よみうりランド","https://www.yomiuriland.com/","tokyo","2026-10-05","2026-11-03","","","","","","","","","","","","","","","","","","","ワンデーパス（入園＋アトラクション乗り放題）おとな5,900円（公式オンライン5,500円）／中高生4,700円／小学生・65歳以上4,100円／未就学児2,500円。入園のみ1,800円","5900","","","","","2026-10-02","","公式サイト","https://www.yomiuriland.com/event/preschool_children_cp2/","https://www.yomiuriland.com/","35.6367","139.5133","未就学児の遊園地デビューを応援する期間限定キャンペーン。小さな子ども連れでも楽しみやすいアトラクション・企画を案内する。","","A-1・A-2・C-1・C-2駐車場 平日1,500円・土日祝/特定日2,000円〜(B・D・Eは30分400円)","京王線「京王よみうりランド駅」からゴンドラ「スカイシャトル」/小田急線「読売ランド前駅」からバス"
"13","10月31日はラッキーのお誕生日！期間中、バースデーイベント盛りだくさん！","","fam","東京都・稲城市","よみうりランド","https://www.yomiuriland.com/","tokyo","2026-10-01","2026-11-01","","","","","","","","","","","","","","","","","","","ワンデーパス（入園＋アトラクション乗り放題）おとな5,900円（公式オンライン5,500円）／中高生4,700円／小学生・65歳以上4,100円／未就学児2,500円。入園のみ1,800円","5900","","","","","2026-10-02","","公式サイト","https://www.yomiuriland.com/event/luckybd2026/","https://www.yomiuriland.com/","35.6367","139.5133","よみうりランドのマスコット「ラッキー」の誕生日を記念した期間限定企画。グリーティングやお祝い装飾など、バースデー関連のイベントを園内で展開する。","","A-1・A-2・C-1・C-2駐車場 平日1,500円・土日祝/特定日2,000円〜(B・D・Eは30分400円)","京王線「京王よみうりランド駅」からゴンドラ「スカイシャトル」/小田急線「読売ランド前駅」からバス"
"14","PUROMONSTERSCRAMBLE","","ent","東京都・多摩市","サンリオピューロランド","https://www.puroland.jp/","tokyo","2026-09-11","2026-11-03","","","","","","","","","","","","","","","","","","","来園日により変動制（デイパスポートおとな3,900円〜／小人・シニア2,800円〜。当日料金は公式カレンダーで要確認）","","","","","","2026-10-02","","公式サイト","https://www.puroland.jp/event-campaign/2026_halloween/","https://www.puroland.jp/event-campaign/2026_halloween/","35.6373","139.4459","館内が仮装モンスターたちのハロウィーンパーティ会場に。1Fエンターテイメントホールでの没入型ライブショー「PUROMONSTERSCRAMBLE PARTY」やDJタイム、ホラー演出のボートライド「ノロワレピエロ」（土日祝限定・中学生以上）を実施。POP LANDの人気キャラLABUBUとのコラボも。","ボートライドのホラーバージョンは中学生以上のみ乗船可","ピューロランド地下駐車場 1日1,800円(営業日6:00〜閉館30分後、約80台)","京王線「京王多摩センター駅」/小田急線「小田急多摩センター駅」/多摩モノレール「多摩センター駅」"
"15","Sanrio Puroland 35th Anniversary","","ent","東京都・多摩市","サンリオピューロランド","https://www.puroland.jp/","tokyo","2025-12-05","2026-12-31","","","","","","","","","","","","","","","","","","","来園日により変動制（デイパスポートおとな3,900円〜／小人・シニア2,800円〜。当日料金は公式カレンダーで要確認）","","","","","","2026-10-02","","公式サイト","https://www.puroland.jp/event-campaign/35th/","https://www.puroland.jp/event-campaign/35th/","35.6373","139.4459","開館35周年を記念した通年キャンペーン。館内各所に全35キャラクターの鏡のフォトスポットが登場するほか、記念デザイングッズなどを展開する。","","ピューロランド地下駐車場 1日1,800円(営業日6:00〜閉館30分後、約80台)","京王線「京王多摩センター駅」/小田急線「小田急多摩センター駅」/多摩モノレール「多摩センター駅」"
"16","The Quest of Wonders Parade","","ent","東京都・多摩市","サンリオピューロランド","https://www.puroland.jp/","tokyo","2025-12-05","2026-12-31","","","","","","","","","","","","","","","","","","","来園日により変動制（デイパスポートおとな3,900円〜／小人・シニア2,800円〜。当日料金は公式カレンダーで要確認）","","","","","","2026-10-02","","公式サイト","https://www.puroland.jp/event-campaign/35th/","https://www.puroland.jp/event-campaign/35th/","35.6373","139.4459","35周年記念で10年ぶりに上演される新作パレード。ハローキティたちが「永遠にしあわせになれる秘宝」を探す冒険をテーマに、3Fフロアで展開する。","","ピューロランド地下駐車場 1日1,800円(営業日6:00〜閉館30分後、約80台)","京王線「京王多摩センター駅」/小田急線「小田急多摩センター駅」/多摩モノレール「多摩センター駅」"
"17","POMPOMPURIN 30th Anniversary","","ent","東京都・多摩市","サンリオピューロランド","https://www.puroland.jp/","tokyo","2026-04-10","2026-12-31","","","","","","","","","","","","","","","","","","","来園日により変動制（デイパスポートおとな3,900円〜／小人・シニア2,800円〜。当日料金は公式カレンダーで要確認）","","","","","","2026-10-02","","公式サイト","https://www.puroland.jp/event-campaign/pompompurin30th/","https://www.puroland.jp/event-campaign/pompompurin30th/","35.6373","139.4459","ポムポムプリン生誕30周年の通年キャンペーン。特別展・イルミネーション・限定グリーティングやグッズ・フードを順次展開する。企画展「ポムポムすぎるよ展」は11・12月にも追加開催予定。","","ピューロランド地下駐車場 1日1,800円(営業日6:00〜閉館30分後、約80台)","京王線「京王多摩センター駅」/小田急線「小田急多摩センター駅」/多摩モノレール「多摩センター駅」"
"18","WISH ME MELL 15TH ANNIVERSARY","","ent","東京都・多摩市","サンリオピューロランド","https://www.puroland.jp/","tokyo","2026-09-18","2027-03-31","","","","","","","","","","","","","","","","","","","来園日により変動制（デイパスポートおとな3,900円〜／小人・シニア2,800円〜。当日料金は公式カレンダーで要確認）","","","","","","2026-10-02","","公式サイト","https://www.puroland.jp/event-campaign/wishmemell15th/","https://www.puroland.jp/event-campaign/wishmemell15th/","35.6373","139.4459","ウィッシュミーメル15周年記念キャンペーン。「伝えたいきもち」をテーマにしたグリーティングやコスチューム、限定グッズ・フードを展開する。","","ピューロランド地下駐車場 1日1,800円(営業日6:00〜閉館30分後、約80台)","京王線「京王多摩センター駅」/小田急線「小田急多摩センター駅」/多摩モノレール「多摩センター駅」"
"19","SPOOKY PUMPKIN 2026 〜PURO ALL NIGHT HALLOWEEN PARTY〜","","ent","東京都・多摩市","サンリオピューロランド","https://www.puroland.jp/","tokyo","2026-10-31","2026-10-31","","","","","","","","","","","","","SOLD OUT","2026-10-03","10:00","","","","前売り通常チケット13,800円／当日チケット14,800円（税込。公式は完売表示・当日券の販売なし）","13800","","","","","2026-10-07","","公式サイト","https://www.puroland.jp/event-campaign/spookypumpkin2026/","https://www.puroland.jp/event-campaign/spookypumpkin2026/","35.6373","139.4459","20歳以上限定の深夜ハロウィーンナイトパーティ。スチャダラパーや水曜日のカンパネラ、王林、Novel Coreら多数のアーティスト・DJが出演し、朝5時までのオールナイト開催。入場時にIDチェックあり。","20歳以上限定。第一弾・第二弾先行抽選は受付終了","ピューロランド地下駐車場 1日1,800円(営業日6:00〜閉館30分後、約80台)","京王線「京王多摩センター駅」/小田急線「小田急多摩センター駅」/多摩モノレール「多摩センター駅」"
"20","Happy Halloween JOYPOLIS 2026","","ent","東京都・港区","東京ジョイポリス","https://tokyo-joypolis.com/","tokyo","2026-09-19","2026-10-31","","","","","","","","","","","","","","","","","","","入場券おとな1,700円／小・中・高生1,400円。パスポート（入場＋アトラクション乗り放題）おとな6,000円／小・中・高生5,000円（公式Webチケットおとな5,700円／小・中・高生4,700円）","6000","","","","","2026-10-07","","公式サイト","https://tokyo-joypolis.com/ticket/asoview/2303.html","https://tokyo-joypolis.com/event/Halloween2026/index.html","35.6272","139.7745","館内をハロウィン装飾で彩り、限定メニューも登場。神出鬼没のハロウィンバージョン・ソニックが館内に出没するなど、通年営業のジョイポリスに秋の特別ムードを加える期間限定企画。","","DECKS Tokyo Beach駐車場 平日30分300円(上限1,500円)・土日祝30分400円(上限なし)","ゆりかもめ「お台場海浜公園駅」徒歩2分/りんかい線「東京テレポート駅」徒歩5分"
"21","ホロライブ × ジョイポリス SHINY PARTY","","ent","東京都・港区","東京ジョイポリス","https://tokyo-joypolis.com/","tokyo","2026-10-16","2026-12-27","","","","","","","","","","","","1","","","","","","","入場券おとな1,700円／小・中・高生1,400円。パスポート（入場＋アトラクション乗り放題）おとな6,000円／小・中・高生5,000円（公式Webチケットおとな5,700円／小・中・高生4,700円）","6000","","","","","2026-10-07","","公式サイト","https://tokyo-joypolis.com/ticket/asoview/2303.html","https://tokyo-joypolis.com/event/hololive_jp2026/index.html","35.6272","139.7745","ホロライブ × ジョイポリス SHINY PARTY 第6弾。VTuberタレントとのコラボレーション。グリーティング、ミニライブ、限定グッズで推し活を応援。","会期が12月6日から12月27日に延長","DECKS Tokyo Beach駐車場 平日30分300円(上限1,500円)・土日祝30分400円(上限なし)","ゆりかもめ「お台場海浜公園駅」徒歩2分/りんかい線「東京テレポート駅」徒歩5分"
"22","アイドルマスター SideM in JOYPOLIS 3","","ent","東京都・港区","東京ジョイポリス","https://tokyo-joypolis.com/","tokyo","2026-09-12","2026-12-06","","","","","","","","","","","","","","","","","","","入場券おとな1,700円／小・中・高生1,400円。パスポート（入場＋アトラクション乗り放題）おとな6,000円／小・中・高生5,000円（公式Webチケットおとな5,700円／小・中・高生4,700円）","6000","","","","","2026-10-07","","公式サイト","https://tokyo-joypolis.com/ticket/asoview/2303.html","https://tokyo-joypolis.com/event/sidem_jp2026/index.html","35.6272","139.7745","『アイドルマスター SideM』第3弾コラボレーション。315 Productionのアイドルたちが30周年記念大使として登場。ゲーム世界観のエンターテイメント体験。","","DECKS Tokyo Beach駐車場 平日30分300円(上限1,500円)・土日祝30分400円(上限なし)","ゆりかもめ「お台場海浜公園駅」徒歩2分/りんかい線「東京テレポート駅」徒歩5分"
"23","東京ジョイポリス開館30周年","","ent","東京都・港区","東京ジョイポリス","https://tokyo-joypolis.com/","tokyo","2026-07-12","2027-07-11","","","","","","","","","","","","","","","","","","","入場券おとな1,700円／小・中・高生1,400円。パスポート（入場＋アトラクション乗り放題）おとな6,000円／小・中・高生5,000円（公式Webチケットおとな5,700円／小・中・高生4,700円）","6000","","","","","2026-10-07","","公式サイト","https://tokyo-joypolis.com/ticket/asoview/2303.html","https://tokyo-joypolis.com/event/30th_anniversary/index.html","35.6272","139.7745","2026年7月12日の開館30周年を記念し、翌年7月まで1年間を「30周年イヤー」として多彩な記念企画を順次展開。アイドルマスターSideMコラボ等のタイアップも30周年関連企画として実施。","","DECKS Tokyo Beach駐車場 平日30分300円(上限1,500円)・土日祝30分400円(上限なし)","ゆりかもめ「お台場海浜公園駅」徒歩2分/りんかい線「東京テレポート駅」徒歩5分"
"24","ハロウィンイベント「ブリック・オア・トリート」","","fam","東京都・港区","レゴランド・ディスカバリー・センター東京","https://www.legolanddiscoverycenter.com/tokyo/","tokyo","2026-09-18","2026-10-31","","","","","","","","","","","","","","","","","","","来場日により変動制（公式のカレンダーで要確認。前日までのWeb購入で最大550円オフ）","","","","","","2026-10-07","","公式サイト","https://www.legolanddiscoverycenter.com/tokyo/what-s-inside/events/halloween/","https://www.legolanddiscoverycenter.com/tokyo/what-s-inside/events/halloween/","35.6272","139.7745","館内でハロウィン限定のレゴ®ブロックビルドや期間限定4Dムービー「モンスター・パーティからの大脱出」を楽しめる親子向け企画。10月の土日祝は仮装した子供にミニフィギュアをプレゼントするキャンペーンも実施。","10月2〜4日は4Dシネマ上映休止（メンテナンス）。10月の土日祝は仮装した子どもにミニフィギュアをプレゼント（数量限定）","",""
"25","宝石さがし～つまんで、すくって、宝探し～","","fam","東京都・あきる野市","東京サマーランド","https://www.summerland.co.jp/","tokyo","2026-07-04","2026-10-12","","","","","","","","","","","","","","","","","","","宝石さがし1回700円（現金のみ・制限時間10分）。入園は別途1Dayパスが必要（大人2,600円〜5,600円、来場時期により変動）","","","","","","2026-10-02","","公式サイト","https://www.summerland.co.jp/event-info/9701/","https://www.summerland.co.jp/event-info/9701/","35.7472","139.2694","つまんで、すくって、宝探し。夏を彩る家族向けアクティビティ。水中での宝探しと宝集めが楽しめる期間限定イベント。","雨天休止。3歳以下は大人の付き添いが必要。入園には日付指定の1Dayパスの事前購入が必要","平日1,500円・土日祝および8/10・8/12〜8/14は2,000円(乗用車1日1台)",""
"26","特別企画「闇の魔術のハロウィーン」","","ent","東京都・練馬区","ワーナー ブラザース スタジオツアー東京 メイキング・オブ ハリー・ポッター","https://www.wbstudiotour.jp/","tokyo","2026-09-10","2026-11-08","","","","","","","","","","","","","","","","","","","スタジオツアー入場券（日付指定・来場日により変動）大人6,300〜7,300円／中人（12〜17歳）5,200〜6,000円／小人（4〜11歳）3,800〜4,400円。企画自体の追加料金なし","","","","","","2026-10-07","","公式サイト","https://www.wbstudiotour.jp/dark-arts/","https://www.wbstudiotour.jp/dark-arts/","35.7391","139.6547","日本初開催の特別企画「闇の魔術のハロウィーン」。ホグワーツ大広間がハロウィーン仕様に装飾され、館内各所にデスイーターやディメンターが出現。限定フード・ドリンクに加え、初開催のナイトツアー（デスイーター探しの達成認定証つき）も実施。","ナイトバスは修繕のため11月上旬まで展示休止。ナイトツアーは別途案内","事前予約制(詳細は公式サイトのパーキング案内を参照)","西武豊島線「豊島園駅」徒歩2分/都営大江戸線「豊島園駅」徒歩2分"
"27","闇の魔術のハロウィーン期間限定アフタヌーンティー","","food","東京都・練馬区","ワーナー ブラザース スタジオツアー東京 メイキング・オブ ハリー・ポッター","https://www.wbstudiotour.jp/","tokyo","2026-09-10","2026-11-08","","","","","","","","","","","","","","","","","","","アフタヌーンティーパッケージ（ツアー入場券とのセット）大人13,700〜14,700円／中人12,600〜13,400円／小人11,200〜11,800円（来場日により変動）","","","","","","2026-10-07","","公式サイト","https://www.wbstudiotour.jp/the-experience/afternoon-tea/","https://www.wbstudiotour.jp/the-experience/afternoon-tea/","35.7391","139.6547","","パッケージ料金は来場日により変動。単品購入不可でツアー入場券とのセット販売のみ","事前予約制(詳細は公式サイトのパーキング案内を参照)","西武豊島線「豊島園駅」徒歩2分/都営大江戸線「豊島園駅」徒歩2分"
"28","闇の魔術のハロウィーン期間限定ハイティー","","food","東京都・練馬区","ワーナー ブラザース スタジオツアー東京 メイキング・オブ ハリー・ポッター","https://www.wbstudiotour.jp/","tokyo","2026-09-10","2026-11-08","","","","","","","","","","","","","","","","","","","イブニングハイティーパッケージ（ツアー入場券とのセット）大人16,500〜16,800円／中人15,300〜15,500円／小人13,700〜13,900円（来場日により変動）","","","","","","2026-10-07","","公式サイト","https://www.wbstudiotour.jp/the-experience/high-tea/","https://www.wbstudiotour.jp/the-experience/high-tea/","35.7391","139.6547","","単品購入は無く、ツアー入場券とのセット販売のみ","事前予約制(詳細は公式サイトのパーキング案内を参照)","西武豊島線「豊島園駅」徒歩2分/都営大江戸線「豊島園駅」徒歩2分"
"29","VRアトラクション","","exp","東京都・墨田区","すみだ水族館","https://www.sumida-aquarium.com/","tokyo","2026-09-01","2026-11-30","","","","","","","","","","","","","","","","","","","参加料金1コンテンツ1,000円（税込・入館料は別途。入館料 大人2,700円／高校生2,000円／中小学生1,400円／幼児900円）","1000","","","","","2026-10-07","","公式サイト","https://www.sumida-aquarium.com/news/s_260831/","https://www.sumida-aquarium.com/news/s_260831/","35.7101","139.8107","国内水族館初導入の米国IMMOTION社VRアトラクション。圧倒的没入感の海洋コンテンツで、海の深さと生命の多様性を体験。","入館料は別途必要（一般料金：大人2,700円／高校生2,000円／中小学生1,400円／幼児900円）。身長90cm以上対象、小学生以下は保護者同伴必要","専用駐車場なし(近隣の東京スカイツリータウン駐車場等を利用、割引なし)","東武スカイツリーライン「とうきょうスカイツリー駅」すぐ/「押上(スカイツリー前)駅」徒歩5分"
"30","東京都美術館開館100周年記念 大英博物館日本美術コレクション 百花繚乱～海を越えた江戸絵画","","art","東京都・台東区","東京都美術館","https://www.tobikan.jp/","tokyo","2026-07-25","2026-10-18","","","","9:30","17:30","金曜は20:00まで","","","","","","","","","","","","","一般2,300円／大学生・専門学校生1,300円／65歳以上1,600円（18歳以下無料）","2300","","","","","2026-10-07","","公式サイト","https://www.tobikan.jp/exhibition/2026_britishmuseum.html","https://daiei-ten2026.exhibit.jp/","35.7168","139.7714","大英博物館の日本美術コレクションから江戸時代の屏風・掛軸・絵巻と歌麿・写楽・北斎・広重ら8大浮世絵師の版画100点以上を展観。青森・ロンドン・シアトルに分かれた狩野派の襖絵が約150年ぶりに再会する。","休室日は月曜と10月13日。9/29〜10/18は開室9:15","館内に駐車場なし","JR上野駅「公園改札」より徒歩7分"
"32","東京都美術館開館100周年記念 あなたが世界を読むために","","art","東京都・台東区","東京都美術館","https://www.tobikan.jp/","tokyo","2026-11-19","2027-01-11","","","","9:30","17:30","金曜は20:00まで。休室12/7、12/21〜1/3","","","","","","","","","","","","","無料","0","","","","","2026-10-07","","公式サイト","https://www.tobikan.jp/exhibition/2026_waysofreading.html","https://www.tobikan.jp/exhibition/2026_waysofreading.html","35.7168","139.7714","ジャコメッティ、砂澤ビッキ、谷川俊太郎、エレナ・トゥタッチコワ、山西ももらの異なる表現が響き合う企画展。トゥタッチコワは新作セラミック連作『Islands』を出品予定。","","館内に駐車場なし","JR上野駅「公園改札」より徒歩7分"
"33","東京都美術館開館100周年記念 オルセー美術館所蔵 いまを生きる歓び","","art","東京都・台東区","東京都美術館","https://www.tobikan.jp/","tokyo","2026-11-14","2027-03-28","","","9:30","","17:30","月曜休室。金曜は20:00まで","","","","","","","","","","","","","一般2,400円（前売2,200円）／大学生・専門学校生1,300円（1,100円）／65歳以上1,600円（1,400円）／18歳以下無料","2400","","","","","2026-10-02","","公式サイト","https://www.tobikan.jp/exhibition/2026_orsay.html","https://www.tobikan.jp/exhibition/2026_orsay.html","35.7168","139.7714","パリのオルセー美術館が所蔵する印象派を中心とした西洋近代絵画の名品群を紹介する、東京都美術館開館100周年を締めくくる大型特別展。65歳以上向けのシニア無料観覧券も別途用意される。","","館内に駐車場なし","JR上野駅「公園改札」より徒歩7分"
"34","東京都美術館開館100周年記念 はじまりをひらく 東京都美術館の100年","","art","東京都・台東区","東京都美術館","https://www.tobikan.jp/","tokyo","2026-11-19","2027-01-11","","","9:30","","17:30","金曜は20:00まで","","","","","","","","","","","","","無料","","","","","","2026-10-02","","公式サイト","https://www.tobikan.jp/exhibition/2026_archives.html","https://www.tobikan.jp/exhibition/2026_archives.html","35.7168","139.7714","開館100周年を記念し、佐藤慶太郎の寄附による1926年の開館から現在に至る東京都美術館のあゆみを、アーカイブズ資料を中心にたどる無料の記念展。伝説的な前衛美術展の舞台となった歴史や、市民参加の活動の変遷を紹介する。","","館内に駐車場なし","JR上野駅「公園改札」より徒歩7分"
"35","多田美波―光、凛と ゆれる","ただみなみ ひかり りんとゆれる","art","東京都・江東区","東京都現代美術館","https://www.mot-art-museum.jp/","tokyo","2026-08-29","2026-12-06","","","","","","","","","","","","","","","","","","","一般1,600円（前売1,280円）／大学生・専門学校生・65歳以上1,100円（880円）／中高生640円（510円）／小学生以下無料","1600","","","","","2026-10-07","","公式サイト","https://www.mot-art-museum.jp/exhibitions/Tada-Minami/","https://www.mot-art-museum.jp/exhibitions/Tada-Minami/","35.6795","139.7999","彫刻家・多田美波の光と空間を扱った作品世界を紹介する個展。ステンレスやアクリルを用いた光の彫刻作品を中心に、東京都現代美術館のコレクションから構成。企画展チケットでMOTコレクションも観覧可。","11月の毎金曜17時以降は観覧料2割引（学生は無料）。10/10〜12は学生無料デー","あり（有料・90台、1時間300円）","清澄白河駅（徒歩9分）／木場駅（徒歩15分）"
"36","共時的星叢──時を共にした星たち 越境する芸術のまなざし","","art","東京都・江東区","東京都現代美術館","https://www.mot-art-museum.jp/","tokyo","2026-09-05","2026-12-13","","","","","","","","","","","","","","","","","","","一般2,000円（前売1,600円）／大学生・専門学校生・65歳以上1,400円（1,120円）／中高生800円（640円）／小学生以下無料","2000","","","","","2026-10-07","","公式サイト","https://www.mot-art-museum.jp/exhibitions/Constellation/","https://www.mot-art-museum.jp/exhibitions/Constellation/","35.6795","139.7999","異なる時代・地域の作家を星座のように結びつける企画展。国境や時代を越境する視点から現代美術を読み解き、複数作家の作品を通じて同時代性を浮かび上がらせる。","11月の毎金曜17時以降は観覧料2割引（学生は無料）","約90台(1時間300円、以降30分ごとに150円)","東京メトロ半蔵門線 清澄白河駅 B2出口より徒歩9分"
"37","MOTコレクション いつかの光を今みている","","art","東京都・江東区","東京都現代美術館","https://www.mot-art-museum.jp/","tokyo","2026-09-19","2027-01-06","","","","","","","","","","","","","","","","","","","一般500円／大学生・専門学校生400円／高校生・65歳以上250円／中学生以下無料","500","","","","","2026-10-07","","公式サイト","https://www.mot-art-museum.jp/exhibitions/mot-collection-260919/","https://www.mot-art-museum.jp/exhibitions/mot-collection-260919/","35.6795","139.7999","東京都現代美術館の所蔵作品からテーマを組んで見せるコレクション展。企画展チケットでも観覧可能。中学生以下は無料。","","約90台(1時間300円、以降30分ごとに150円)","東京メトロ半蔵門線 清澄白河駅 B2出口より徒歩9分"
"38","マリメッコ展 模様のちから","","art","東京都・港区","東京都庭園美術館","https://www.teien-art-museum.ne.jp/","tokyo","2026-10-03","2026-12-20","","","","10:00","18:00","月曜休館（10/12・11/23は開館）。11/6・13・20・21・27・28、12/4・5は20:00まで夜間開館","","","","","","","","","","","","","一般1,400円／大学生1,120円／高校生・65歳以上700円（日時指定予約制）","1400","","","","","2026-10-07","","公式サイト","https://www.teien-art-museum.ne.jp/exhibition/20261003-1220_marimekko/","https://www.teien-art-museum.ne.jp/exhibition/20261003-1220_marimekko/","35.6355","139.7247","フィンランドのデザインハウス、マリメッコの創造に迫る展覧会。初期から現代まで60点超のドレス、プリント・ファクトリーを描くplaplaxの映像インスタレーション、皆川明の新作展示を、アール・デコの旧朝香宮邸で楽しめる。","","9台(うち身障者優先車両専用スペース1台)","東京メトロ表参道駅 A5出口より徒歩8分"
"39","江戸東京博物館リニューアル記念・NHK大河ドラマ特別展「豊臣兄弟！」","","art","東京都・墨田区","江戸東京博物館","https://www.edo-tokyo-museum.or.jp/","tokyo","2026-09-15","2026-11-08","","","","9:30","17:30","月曜休館（10/12・11/2は開館）。土曜は19:30まで","","","","","","","","","","","","","特別展専用券 一般2,100円／65歳以上1,600円／大学生1,300円（特別展・常設展セット券 一般2,740円）","2100","","","","","2026-10-07","","公式サイト","https://www.edo-tokyo-museum.or.jp/s-exhibition/toyotomi/","https://www.edo-tokyo-museum.or.jp/s-exhibition/toyotomi/","35.6969","139.7961","","","",""
"40","武蔵野の歴史と民俗~武蔵野郷土館コレクション2026~","","art","東京都・小金井市","江戸東京たてもの園","https://tatemonoen.jp/","tokyo","2026-07-18","2026-12-13","","","","","","","","","","","","","","","","","","","入園料 一般400円／65歳以上200円／大学生320円／高校生200円","400","","","","","2026-10-07","","公式サイト","https://tatemonoen.jp/special/2026/20260718.php","https://tatemonoen.jp/special/2026/20260718.php","35.7157","139.5125","前身施設・武蔵野郷土館が収集した考古資料と民俗資料を紹介するシリーズ展。国指定重要文化財の土製耳飾をはじめ、かつて園内にあった民俗園の建物の姿を写真パネルで振り返る内容。","","小金井公園有料駐車場(第1駐車場)を利用","JR中央線 武蔵小金井駅北口よりバス5分(西武バス「小金井公園西口」下車徒歩5分)"
"41","パラレルワールドとしまえん（としまえん100周年記念）","ぱられるわーるどとしまえん","art|ent","埼玉県・所沢市","西武園ゆうえんち","https://www.seibuen-amusement-park.jp/index.html","saitama","2026-09-15","2026-10-25","","","","","","","","","","","","","","","","","","","大人4,900円／中高生4,200円／小学生3,600円／未就学児(3歳～)1,900円（1日レヂャー切符）","4900","","","","","2026-10-07","","公式サイト","https://www.seibuen-amusement-park.jp/event/toshimaen100th/index.html","https://www.seibuen-amusement-park.jp/event/toshimaen100th/index.html","35.769024","139.4426543","としまえん開園100周年を記念し、""閉園せず今も続いていたら""という世界観を再現した特設エリア。園内では歴史を振り返る企画展や復刻メニュー、練馬区民割引も展開される。","","普通車1,800円(7/18〜8/31は2,000円)、大型車2,500円(同期間3,000円)、バイク500円、自転車100円、事前精算制","西武遊園地駅（徒歩すぐ）"
"42","オータムナイトZOO 2026","おーたむないとずー","fam|exp","埼玉県・南埼玉郡宮代町","東武動物公園","https://www.tobuzoo.com/","saitama","2026-09-19","2026-10-12","","2026-09-19|2026-09-20|2026-09-21|2026-09-22|2026-09-23|2026-10-10|2026-10-11|2026-10-12","","9:30","20:00","","","","","","","","","","","","","","入園料 大人2,300円／中人1,800円／小人1,000円／シニア1,500円（2歳以下無料）。入園＋乗り放題 大人5,900円","2300","","","","","2026-10-07","","公式サイト","https://www.tobuzoo.com/event/13713.html","https://www.tobuzoo.com/event/13713.html","36.0249605","139.7265721","夜20時まで営業し、レッサーパンダやビーバーなどのナイトガイド、ペンギン・クマ・ゾウ・ホワイトタイガーへの餌やり体験「アニマルディナー」（各1組500円、先着制）を実施。10月の3日間は夜の園内を舞台にしたホラーイベントも開催。","最終入園19:00。ホラー・ザ・レジーナIIは10/10〜12の18:00〜20:00","平日1,000円・土日祝1,500円（8/12〜14は特異日で1,500円）","東武動物公園駅（徒歩10分）"
"43","ムーミンバレーパークのハーベスト 2026","ムーミンバレーパークノハーベスト2026","fam|ent","埼玉県・飯能市","ムーミンバレーパーク","https://metsa-hanno.com/","saitama","2026-09-12","2026-10-25","","","","","","","","","","","","","","","","","","","1デーパス おとな当日4,300円（前売3,900円）／こども(4歳～高校生)前売1,000円","4300","","","","","2026-10-07","","公式サイト","https://metsa-hanno.com/event/","https://metsa-hanno.com/event/","35.8719763","139.3258264","秋色に染まったムーミンバレーパークで豊かな実りを満喫。新キャラクター『ヨクサル』が登場し、秋のイベントが盛りだくさん。","","あり","飯能駅"
"44","ムーミン谷のクリスマス 2026","むーみんだにのくりすます","fam|ent","埼玉県・飯能市","ムーミンバレーパーク","https://metsa-hanno.com/","saitama","2026-10-31","2026-12-25","","","","","","","","","","","","","","","","","","","1デーパス おとな当日4,300円（前売3,900円）／こども(4歳～高校生)前売1,000円","4300","","","","","2026-10-07","","公式サイト","https://metsa-hanno.com/event/47204/","https://metsa-hanno.com/event/47204/","35.8719763","139.3258264","ムーミンバレーパーク恒例の冬季装飾イベント。園内が北欧風のクリスマス装飾で彩られ、期間限定のグリーティングやフォトスポットが登場する。","公式は「COMING SOON」表記","あり","飯能駅"
"45","みのりフェスタ2026","みのりふぇすた","fam|fest","埼玉県・比企郡滑川町","国営武蔵丘陵森林公園","","saitama","2026-09-12","2026-11-08","","","","","","","","","","","","","","","","","","","入園料 大人（高校生以上）450円／65歳以上210円／中学生以下無料","450","","","","","2026-09-23","","じゃらん","https://www.shinrinkoen.jp/","https://www.shinrinkoen.jp/","36.0912983","139.3682749","約25万本の羽毛ゲイトウ（西口ひろば花畑）と約8千株のサルビア・ローマンレッドが咲く秋の花イベント。週末は虹色ブーケづくりや森林ヨーガ、青空マーケット「botanica picnico」など体験プログラムも実施。","入園料のみで楽しめる（体験プログラムは一部有料）","",""
"46","光と森のStory 第一章 森のハロウィンナイト","ひかりともりのすとーりー","fest|fam","埼玉県・比企郡滑川町","国営武蔵丘陵森林公園","","saitama","2026-10-11","2026-10-31","","2026-10-11|2026-10-12|2026-10-17|2026-10-18|2026-10-24|2026-10-25|2026-10-31","9:30","","20:30","","","","","","","","","","","","","","入園料 大人（高校生以上）450円／65歳以上210円／中学生以下無料","450","","","","","2026-09-23","","じゃらん","https://www.shinrinkoen.jp/","https://www.shinrinkoen.jp/","36.0912983","139.3682749","中央口〜植物園エリアを舞台にした夜間特別開園イベント。約55万球のイルミネーションとカラーライトアップ、巨大かぼちゃやお化けのオブジェで園内をハロウィン装飾。「モーリーキャッスルショー」も実施。","10月11日〜31日の土日祝日限定・雨天中止","",""
"47","収蔵資料展『いろいろ、とりどり。鉄道広告ーあの日、あの場所、あの広告ー』","","art|exp","埼玉県・さいたま市","鉄道博物館","https://www.railway-museum.jp/","saitama","2026-07-11","2026-11-09","","","","","","","","","","","","1","","","","","","","入館料 一般1,600円／小中高生600円／幼児300円（前日までの前売は一般1,500円／小中高生500円／幼児200円）","1600","","","","","2026-10-07","","公式サイト","https://www.railway-museum.jp/event/exhibition.html","https://www.railway-museum.jp/event/exhibition.html","35.9217287","139.617861","明治から現代までの鉄道広告の進化。駅ポスター、中吊り広告、ヘッドマークなど、鉄道を彩ってきた広告を時代順に紹介。","会期を11月9日まで延長。サテライト展示「駅弁デザイン展」も同会期","一般車1,000円／日、バス2,040円／日（閉館とともに閉場）","鉄道博物館駅（徒歩1分）"
"48","『銀河鉄道999』50周年プロジェクト 松本零士展 創作の旅路","","art|ent","埼玉県・所沢市","角川武蔵野ミュージアム","https://kadcul.com/","saitama","2026-09-19","2026-10-26","","","","","","","","","","","","","","","","","","","単体チケット 一般（大学生以上）2,400円／中高生1,700円／小学生1,100円","2400","","","","","2026-10-07","","公式サイト","https://kadcul.com/event/274","https://kadcul.com/event/274","35.797689","139.5078666","マンガ家・松本零士の作品世界を展示する50周年企画展。銀河鉄道999の創作の軌跡を追う。3F展示室にて開催。","10月の休館日は6・13・20・27日。チケットはFeverで販売","ところざわサクラタウン第1駐車場 30分200円・24時間最大800円、第2・3駐車場 30分200円・24時間最大600円","JR武蔵野線 東所沢駅から徒歩約10分"
"49","わたしをすくう エッセイマンガの処方箋展","","art","埼玉県・所沢市","角川武蔵野ミュージアム","https://kadcul.com/","saitama","2026-09-18","2027-01-11","","","","","","","","","","","","","","","","","","","一般（大学生以上）1,400円／中高生1,200円／小学生1,000円／未就学児無料（KCMスタンダードチケット）","1400","","","","","2026-10-07","","公式サイト","https://kadcul.com/event/276","https://kadcul.com/","35.797689","139.5078666","エッセイマンガの世界。人生の処方箋となるマンガを通じて、心を癒す作品たちを紹介。","10月の休館日は6・13・20・27日。チケットはFeverで販売","有（有料）","小手指駅（バス）"
"50","銀河鉄道999 THE GALAXY EXPERIENCE あの旅は、まだ続いている。","","art|ent","埼玉県・所沢市","角川武蔵野ミュージアム","https://kadcul.com/","saitama","2026-04-25","2026-11-23","","","","","","","","","","","","","","","","","","","一般（大学生以上）2,700円／中高生2,200円／小学生1,500円／未就学児無料","2700","","","","","2026-10-07","","公式サイト","https://kadcul.com/event/260","https://kadcul.com/","35.797689","139.5078666","銀河鉄道999の世界観を体感できる常設施設。1F グランドギャラリーで開催中。","10月の休館日は6・13・20・27日。チケットはFeverで販売","有（有料）","小手指駅（バス）"
"51","第17回 九州観光・物産フェアin代々木2026","","food","東京都・渋谷区","代々木公園","https://www.yoyogikoen.info/","tokyo","2026-10-09","2026-10-12","","","","10:00","20:00","最終日は19時まで（時間は仮）","","","","","","","","","","","","","","","","","","","","","代々木公園イベント＆フェス情報","https://www.yoyogikoen.info/kyushu-kanko-bussan-fair-yoyogi-2026/","https://kyushu-yoyogipark.com/","35.6717","139.6949","九州各県のうまかもんが集まる観光・物産フェア。代々木公園イベント広場（B地区）を会場に、17回目を迎える今回も九州の食と観光の魅力を紹介し、復興支援コーナーも設けられる予定になっている恒例の4日間の催し。","","","原宿駅（JR山手線）徒歩約9分／渋谷駅 徒歩約13分／代々木公園駅（千代田線）徒歩約11分"
"52","東京雪祭2026","","fest","東京都・渋谷区","代々木公園","https://www.yoyogikoen.info/","tokyo","2026-10-31","2026-11-01","","","","","","","","","","","","","","","","","","","入場無料","0","","","","","2026-10-02","","代々木公園イベント＆フェス情報","https://www.yoyogikoen.info/tokyo-snow-festival-2026/","https://www.yoyogikoen.info/","35.6717","139.6949","雪と社会貢献をテーマにした毎年恒例イベント。東京で一番早く雪が降る特設会場で、迫力あるジブバトルや、スポーツとしての魅力と老若男女が気軽に参加できる雪あそびが2日間展開され、家族や友人同士で楽しめる。","","","原宿駅（JR山手線）徒歩約9分／渋谷駅 徒歩約13分／代々木公園駅（千代田線）徒歩約11分"
"53","渋谷フェスティバル2026","","fest","東京都・渋谷区","代々木公園","https://www.yoyogikoen.info/","tokyo","2026-11-07","2026-11-08","","","","","","","","","","","","","","","","","","","","","","","","","","","代々木公園イベント＆フェス情報","https://www.yoyogikoen.info/shibuya-festival-2026/","https://www.yoyogikoen.info/","35.6717","139.6949","昭和53年の第1回から数えて48回目を迎える渋谷区民の集い。「わが街と誇れる渋谷」の形成を目指し、パレードやイベントステージ、スタンプラリー、参加団体紹介などを代々木公園イベント広場ほかで2日間実施する。","","","原宿駅（JR山手線）徒歩約9分／渋谷駅 徒歩約13分／代々木公園駅（千代田線）徒歩約11分"
"54","菊花壇展","","art","東京都・新宿区","新宿御苑","https://fng.or.jp/shinjuku/","tokyo","2026-11-01","2026-11-15","","","","","","期間中は休まず毎日開園","","","","","","","","","","","","","一般500円／65歳以上・学生（高校生以上）250円／中学生以下無料（入園料）","500","","","","","2026-10-02","","公式サイト","https://fng.or.jp/shinjuku/place/event/","https://fng.or.jp/shinjuku/place/event/","35.6852","139.7100","明治期の皇室行事「観菊会」の伝統を受け継ぐ恒例展示。回遊式日本庭園内の「上家」と呼ばれる建物に、独自様式で飾り付けた特色ある菊花を毎年11月の同時期に入れ替えて展示する、都心では貴重な伝統園芸の見本市。","","大木戸門駐車場 120分600円・以後30分毎200円・最大2900円（200台）","新宿御苑前駅（東京メトロ丸ノ内線）徒歩5分／新宿三丁目駅 徒歩5分"
"55","浜離宮でお月見散歩","","exp","東京都・中央区","浜離宮恩賜庭園","https://www.tokyo-park.or.jp/park/hama-rikyu/index.html","tokyo","2026-10-21","2026-10-23","","","","","21:00","","","","","","","","","","","","","","入園料 一般300円／65歳以上150円（小学生以下・都内在住在学の中学生は無料）","300","","","","","2026-10-02","","公式サイト","https://www.tokyo-park.or.jp/special/hamarikyu_moon-viewing/index.html","https://www.tokyo-park.or.jp/special/hamarikyu_moon-viewing/index.html","35.6598","139.7633","十三夜「栗名月」に合わせて21時まで開園時間を延長し、江戸湾に面した園路や樹木をかすかに照らす夜間企画。月見台のお供え式や伝統芸能公演も3日間にわたり日替わりで実施され、荒天時は一部プログラムが中止となる。","荒天中止。お月見台は雨天中止","専用駐車場なし（近隣の汐留駐車場等を利用）","汐留駅（都営大江戸線・ゆりかもめ）徒歩5〜7分／新橋駅 徒歩12分"
"56","夜の御庭でそぞろ歩き（開園80周年記念事業）","","exp","東京都・中央区","浜離宮恩賜庭園","https://www.tokyo-park.or.jp/park/hama-rikyu/index.html","tokyo","2026-10-30","2026-11-03","","","","","","","","","","","","","","","","","","","入園料 一般300円／65歳以上150円（小学生以下・都内在住在学の中学生は無料）","300","","","","","2026-10-02","","公式サイト","https://www.tokyo-park.or.jp/special/hamarikyu_moon-viewing/index.html","https://www.tokyo-park.or.jp/special/hamarikyu_moon-viewing/index.html","35.6598","139.7633","都立庭園としての開園80周年を記念し、「傘寿」にちなんだ「傘」の趣向で開園時間を延長する5日間の特別企画。中島の御茶屋での呈茶やお休み処「月傘亭」での軽食・アルコールも用意され、夜の浜御殿を満喫できる。","","専用駐車場なし（近隣の汐留駐車場等を利用）","汐留駅（都営大江戸線・ゆりかもめ）徒歩5〜7分／新橋駅 徒歩12分"
"57","コスモスまつり2026","","fam","東京都・立川市","昭和記念公園","https://www.showakinen-koen.jp/","tokyo","2026-09-12","2026-10-25","","","","","","","","","","","","","","","","","","","","","","","","","","","","","https://www.showakinen-koen.jp/","35.7056","139.4103","「花の丘」のレモンブライトや「原っぱ花畑」のブーケガーデン、センセーションと赤ソバなど4つのお花畑で、合計約440万本のコスモスが見頃を迎える公園の秋を代表する恒例イベントで、開花状況は公式サイトで随時更新される。","","普通車900円/日・大型車1,800円/日（立川口・西立川口・砂川口）","西立川駅（JR青梅線）徒歩約2分"
"58","RYUICHI SAKAMOTO + SHIRO TAKATANI","","art","東京都・港区","麻布台ヒルズギャラリー","","tokyo","2026-08-28","2026-10-25","","","","","","会期中無休","","","","","","","","","","","","","","","","","","","","","公式サイト","https://ambientkyoto.com/","https://www.azabudai-hills.com/azabudaihillsgallery/index.html","35.6616","139.7409","","","",""
"59","HUMAN AND NATURE","","art","東京都・港区","東京ミッドタウン日比谷","https://www.hibiya.tokyo-midtown.com/","tokyo","2026-09-05","2026-10-18","","","","","","","","","","","","","","","","","","","","","","","","","","","公式サイト","https://www.hibiya.tokyo-midtown.com/humanandnature.yuichihirako/","https://www.hibiya.tokyo-midtown.com/humanandnature.yuichihirako/","35.6738","139.7592","6Fホールで開催のアーティスト平子雄一の個展。植物の頭を持つ人物たちが暮らす世界を、初公開の大型モビール群を含む絵画と立体約300点で表現する「見る」だけでなく「歩いて楽しむ」展覧会。サイン会も複数回実施される。","","","日比谷駅（東京メトロ千代田線・日比谷線・都営三田線）直結"
"60","サンシャイン水族館 夜間特別営業「まだまだ♡性いっぱい展」","","fam","東京都・豊島区","池袋サンシャインシティ","","tokyo","2026-09-11","2026-11-03","","","","","","","","","","","","","","","","","","","","","","","","","","","","","https://sunshinecity.jp/","35.7286","139.7192","生き物の「性」をテーマにした夜間特別展。「繁殖行動」「求愛」「仔育て」ごとに解説パネルを設け、生き物の陰茎の仕組みを体験できる「ビンビンBOX」など体験型コンテンツを揃え、2024年以来2年ぶりに開催する。","","",""
"61","HERO GATE","","fest","東京都・渋谷区","代々木公園","https://www.yoyogikoen.info/","tokyo","2026-10-11","2026-10-12","","","","","","","","","","","","","","","","","","","無料観覧エリアあり","","","","","","2026-10-02","","代々木公園イベント＆フェス情報","https://www.yoyogikoen.info/hero-gate-yoyogi-2026/","https://kyushu-yoyogipark.com/","35.6717","139.6949","","10/12は開場10:45・開演11:05","","原宿駅（JR山手線）徒歩約9分／渋谷駅 徒歩約13分／代々木公園駅（千代田線）徒歩約11分"
"62","カリブ・ラテンアメリカストリート代々木2026","","fest","東京都・渋谷区","代々木公園","https://www.yoyogikoen.info/","tokyo","2026-10-17","2026-10-18","","","","10:00","19:00","","","","","","","","","","","","","","入場無料","0","","","","","2026-10-02","","代々木公園イベント＆フェス情報","https://www.yoyogikoen.info/caribbean-latin-america-street-yoyogi-2026/","https://www.yoyogikoen.info/","35.6717","139.6949","","","","原宿駅（JR山手線）徒歩約9分／渋谷駅 徒歩約13分／代々木公園駅（千代田線）徒歩約11分"
"63","日本インドネシア市民友好文化フェスティバル2026","","fest","東京都・渋谷区","代々木公園","https://www.yoyogikoen.info/","tokyo","2026-10-17","2026-10-18","","","","10:00","20:00","","","","","","","","","","","","","","入場無料","0","","","","","2026-10-02","","代々木公園イベント＆フェス情報","https://www.yoyogikoen.info/indonesia-japan-friendship-festival-2026/","http://indonesia-festival.jp","35.6717","139.6949","","","","原宿駅（JR山手線）徒歩約9分／渋谷駅 徒歩約13分／代々木公園駅（千代田線）徒歩約11分"
"64","東京ナイトマーケット","","food","東京都・渋谷区","代々木公園","https://www.yoyogikoen.info/","tokyo","2026-10-21","2026-10-25","","","","","22:00","","","","","","","","","","","","","","入場無料","0","","","","","2026-10-02","","代々木公園イベント＆フェス情報","https://www.yoyogikoen.info/tokyo-night-market-2026-october/","https://www.yoyogikoen.info/","35.6717","139.6949","","","","原宿駅（JR山手線）徒歩約9分／渋谷駅 徒歩約13分／代々木公園駅（千代田線）徒歩約11分"
"65","アースガーデン 秋 2026","","fest","東京都・渋谷区","代々木公園","https://www.yoyogikoen.info/","tokyo","2026-10-24","2026-10-25","","","","","","","","","","","","","","","","","","","入場無料","0","","","","","2026-10-02","","代々木公園イベント＆フェス情報","https://www.yoyogikoen.info/earthgarden-autumn-2026/","https://www.yoyogikoen.info/","35.6717","139.6949","","","","原宿駅（JR山手線）徒歩約9分／渋谷駅 徒歩約13分／代々木公園駅（千代田線）徒歩約11分"
"66","JAZZ FESTIVAL in Yoyogi park 2026","","ent","東京都・渋谷区","代々木公園","https://www.yoyogikoen.info/","tokyo","2026-11-03","2026-11-03","","","","11:00","15:00","","","","","","","","","","","","","","入場無料","0","","","","","2026-10-02","","代々木公園イベント＆フェス情報","https://www.yoyogikoen.info/jazz-festival-yoyogi-park-2026/","https://www.yoyogikoen.info/","35.6717","139.6949","","","","原宿駅（JR山手線）徒歩約9分／渋谷駅 徒歩約13分／代々木公園駅（千代田線）徒歩約11分"
"67","フィエスタ・デ・エスパーニャ 2026","","fest","東京都・渋谷区","代々木公園","https://www.yoyogikoen.info/","tokyo","2026-11-14","2026-11-15","","","","","","土10時〜20時、日10時〜19時","","","","","","","","","","","","","","","","","","","","","代々木公園イベント＆フェス情報","https://www.yoyogikoen.info/fiesta-de-espana-2026/","https://www.yoyogikoen.info/","35.6717","139.6949","","","","原宿駅（JR山手線）徒歩約9分／渋谷駅 徒歩約13分／代々木公園駅（千代田線）徒歩約11分"
"68","SANTA PARADE TOKYO2026","","fest","東京都・渋谷区","代々木公園","https://www.yoyogikoen.info/","tokyo","2026-11-15","2026-11-15","","","","","","","","","","","","","","","","","","","","","","","","","","","代々木公園イベント＆フェス情報","https://www.yoyogikoen.info/santa-parade-tokyo-2026/","https://www.yoyogikoen.info/","35.6717","139.6949","","","","原宿駅（JR山手線）徒歩約9分／渋谷駅 徒歩約13分／代々木公園駅（千代田線）徒歩約11分"
"69","第4回TOKYO女性と子どものフェスティバル","","fam","東京都・渋谷区","代々木公園","https://www.yoyogikoen.info/","tokyo","2026-11-21","2026-11-22","","","","","","","","","","","","","","","","","","","","","","","","","","","代々木公園イベント＆フェス情報","https://www.yoyogikoen.info/tokyo-women-children-festival-2026/","https://www.yoyogikoen.info/","35.6717","139.6949","","","","原宿駅（JR山手線）徒歩約9分／渋谷駅 徒歩約13分／代々木公園駅（千代田線）徒歩約11分"
"70","Shibuya StreetDance Week 2026","","ent","東京都・渋谷区","代々木公園","https://www.yoyogikoen.info/","tokyo","2026-11-23","2026-11-23","","","","","","","","","","","","","","","","","","","","","","","","","","","代々木公園イベント＆フェス情報","https://www.yoyogikoen.info/shibuya-streetdance-week-2026/","https://www.yoyogikoen.info/","35.6717","139.6949","","","","原宿駅（JR山手線）徒歩約9分／渋谷駅 徒歩約13分／代々木公園駅（千代田線）徒歩約11分"
"71","フィリピンフェスティバル東京 2026","","fest","東京都・渋谷区","代々木公園","https://www.yoyogikoen.info/","tokyo","2026-11-28","2026-11-29","","","","","","","","","","","","","","","","","","","","","","","","","","","代々木公園イベント＆フェス情報","https://www.yoyogikoen.info/philippine-festival-tokyo-2026/","https://www.yoyogikoen.info/","35.6717","139.6949","","","","原宿駅（JR山手線）徒歩約9分／渋谷駅 徒歩約13分／代々木公園駅（千代田線）徒歩約11分"
"72","J-WAVE presents INSPIRE TOKYO 2026 WINTER","","ent","東京都・渋谷区","代々木公園","https://www.yoyogikoen.info/","tokyo","2026-12-04","2026-12-06","","","","","","12/4は15時〜21時、12/5・6は11時〜21時","","","","","","","","","","","","","代々木公園イベント広場は入場無料（LINE CUBE SHIBUYAは公演ごとに異なる）","0","","","","","2026-10-02","","代々木公園イベント＆フェス情報","https://www.yoyogikoen.info/inspire-tokyo-2026-winter-shibuya/","https://www.yoyogikoen.info/","35.6717","139.6949","","","","原宿駅（JR山手線）徒歩約9分／渋谷駅 徒歩約13分／代々木公園駅（千代田線）徒歩約11分"
"73","勝利の女神：NIKKE コラボレーション","","ent","東京都・文京区","東京ドームシティ","","tokyo","2026-09-10","2026-10-18","","","","","","","","","","","","","","","","","","","コラボチケット当日2,800円/7,000円/10,000円（税込・特典内容により3段階）","","","","","","2026-10-02","","公式サイト","https://www.at-raku.com/event/nikke/index.html","https://at-raku.com/","","","モバイルゲーム『勝利の女神：NIKKE』とのコラボレーションイベント。銃声響く戦場でガンガールRPGの世界観を体験。キャラクターをモチーフにしたアトラクションが登場。","3段階のチケットは特典内容の違いによるもので代表額を一つに絞れないため price_official は空欄","",""
"74","金曜ナイトトーク","","art","東京都・台東区","国立西洋美術館","https://www.nmwa.go.jp/","tokyo","2026-09-11","2026-12-11","","2026-09-11|2026-10-30|2026-11-13|2026-12-11","","18:30","19:00","各回15名先着・当日受付","","","","","","","","","","","","","参加無料（当日の常設展観覧券が必要：一般500円・大学生250円）","","","","","","2026-10-02","","公式サイト","https://www.nmwa.go.jp/jp/experience-learn/detail/event_34.html","https://www.nmwa.go.jp/","35.7156","139.7757","学芸員による『金曜ナイトトーク』。9月11日、10月30日の18:30～19:00に開催。展覧会に関する深い知識を得られるトークセッション。","","美術館専用駐車場なし(周辺の有料駐車場を利用)","JR上野駅公園口徒歩1分/京成上野駅徒歩7分/東京メトロ銀座線・日比谷線上野駅徒歩8分"
"75","美術トーク（日本手話通訳つき）","","art","東京都・台東区","国立西洋美術館","https://www.nmwa.go.jp/","tokyo","2026-09-19","2026-11-21","","","","","","","","","","","","","","","","","","","","","","","","","","","","","https://www.nmwa.go.jp/","35.7156","139.7757","日本手話通訳付きの美術トーク。9月19日、11月21日の11:00～11:50に開催。すべての来館者が展覧会を深く理解できる配慮。","高校生以下・65歳以上・障害者手帳保持者と付添者1名は常設展観覧が無料。日本手話通訳つき","美術館専用駐車場なし(周辺の有料駐車場を利用)","JR上野駅公園口徒歩1分/京成上野駅徒歩7分/東京メトロ銀座線・日比谷線上野駅徒歩8分"
"76","夜間特別営業『まだまだ♡性いっぱい展』","","exp","東京都・豊島区","サンシャイン水族館","https://sunshinecity.jp/aquarium/","tokyo","2026-09-11","2026-11-03","","","","","","","","","","","","","","","","","","","","","","","","","","","公式サイト","https://sunshinecity.jp/file/aquarium/sexy/","https://sunshinecity.jp/aquarium/","35.7295","139.7189","大人気イベント『性いっぱい展』の夜間特別営業版。生きものの多様な繁殖戦略を、夜ならではの雰囲気で学べる限定企画。","18:15～21:00の完全入替制。通常の入場券・年間パスポートでは入場不可、別売りの専用チケットが必要（20:00まで販売）。成人向け表現あり","サンシャインシティ駐車場を利用(駐車サービスあり)","池袋駅35番出口徒歩/東京メトロ有楽町線「東池袋駅」6・7番出口直結"
"77","闇の魔術のハロウィーン","","ent","東京都・練馬区","ワーナー・ブラザース・スタジオツアー東京","","tokyo","2026-09-10","2026-11-08","","","","","","","","","","","","","","","","","","","スタジオツアー入場券（日付指定・来場日により変動）大人6,300〜7,300円／中人（12〜17歳）5,200〜6,000円／小人（4〜11歳）3,800〜4,400円。企画自体の追加料金なし","","","","","","2026-10-07","","公式サイト","https://www.wbstudiotour.jp/dark-arts/","https://www.wbstudiotour.jp/","","","ハロウィーンシーズンの期間限定イベント。施設全体が『暗い魔術』のテーマで彩られ、魔法学校の世界へ没入。限定イベント販売商品も登場。","特別企画自体の追加料金はなく、通常のスタジオツアー入場料金に含まれる","",""
"79","いきもの超ワールド展","","exp|fam","東京都・台東区","国立科学博物館","https://www.kahaku.go.jp/","tokyo","2026-07-11","2026-10-12","","","","","","","","","","","","","","","","","","","一般・大学生2,300円（前売2,100円）／小・中・高校生600円（前売500円）／未就学児無料","2300","","","","","2026-10-07","","公式サイト","https://ikimonoworld.jp/ticket.html","https://ikimonoworld.jp/","35.7161","139.7765","国立科学博物館とNHK「ダーウィンが来た！」が組んだ特別展。いきものの適応進化と生存戦略を、標本・研究成果・NHKの映像で全6章（五感・エネルギー補給・サイズ・移動・集団・命のバトン）にわたり紹介する。土日祝は日時指定予約が必要。","土日祝は日時指定予約あり。会期末は10/12","敷地内に駐車場なし","JR上野駅（公園口）から徒歩5分"
"80","特別展 エリック・カールといのちの色-同じ世界で、ちがう色-","えりっくかーるといのちのいろ","art|fam","東京都・品川区","しながわ水族館","https://www.aquarium.gr.jp/","tokyo","2026-07-25","2026-12-25","","","","","","","","","","","","","","","","","","","大人（高校生以上）1,350円／小・中学生600円／幼児（4歳以上）300円／シルバー（65歳以上）1,200円（入館料）","1350","","","","","2026-10-07","","公式サイト","https://www.aquarium.gr.jp/","https://www.aquarium.gr.jp/","35.5875","139.7364","絵本作家エリック・カールの色彩表現をテーマにした特別展「同じ世界で、ちがう色」。カールの絵本作品と水族館で暮らす生き物たちの色彩を重ねながら紹介する、年末のクリスマスまで続く約5カ月間のロングラン企画展。","","","京浜急行「大森海岸駅」徒歩約8分/JR京浜東北線「大森駅」北口徒歩約15分"
"81","特別展 内山晋コレクション受贈記念「歌川広重 江戸のベストアングル」","","art","東京都・台東区","東京国立博物館","https://www.tnm.jp/","tokyo","2026-09-29","2026-12-20","","","9:30","","17:00","月曜休館（10/13・11/24・12/15も休館）。金土は20:00まで。展示替えあり（3期制）。当日券はアソビュー！のみ","","","","","","","","","","","","","一般1,500円（前売1,300円）／大学生500円／お得な3枚セット券3,600円（前売・オンライン限定）／中学生以下無料","1500","","","","","2026-10-02","","公式サイト","https://www.tnm.jp/modules/r_free_page/index.php?id=2759","https://www.tnm.jp/modules/r_free_page/index.php?id=2759","35.7188","139.7765","収集家・内山晋の旧蔵浮世絵1,025点の受贈を記念した、東博初の本格的な歌川広重展「江戸のベストアングル」。「東海道五拾三次」「木曽海道六拾九次」「名所江戸百景」の三大シリーズを3期に分けて全点公開する貴重な機会。","","","JR上野駅公園口・鶯谷駅南口徒歩10分/東京メトロ銀座線・日比谷線上野駅、千代田線根津駅、京成上野駅徒歩15分"
"82","開創700年記念 特別展「大徳寺 本朝無双之禅苑」","","art","東京都・台東区","東京国立博物館","https://www.tnm.jp/","tokyo","2026-10-14","2026-12-06","","","9:30","","17:00","月曜休館（11/24も休館）。金土は20:00まで。事前予約不要","","","","","","","","","","","","","一般2,300円（前売2,100円）／大学生1,300円（1,100円）／高校生900円（700円）／中学生以下無料","2300","","","","","2026-10-02","","公式サイト","https://www.tnm.jp/modules/r_free_page/index.php?id=2770","https://daitokuji2026.exhn.jp/","35.7188","139.7765","開創700年を迎える京都・大徳寺と塔頭寺院の非公開寺宝を一堂に公開する特別展「本朝無双之禅苑」。名宝がまとまって公開されるのは41年ぶりで、東京では初開催。国宝の大井戸茶碗「喜左衛門井戸」なども見どころ。","","","JR上野駅公園口・鶯谷駅南口徒歩10分/東京メトロ銀座線・日比谷線上野駅、千代田線根津駅、京成上野駅徒歩15分"
"83","ルーヴル美術館展 ルネサンス","","art","東京都・港区","国立新美術館","https://www.nact.jp/","tokyo","2026-09-09","2026-12-13","","","","","","金・土曜は20:00まで","","","","","","","","","","","","","当日 一般2,400円／大学生1,400円／高校生1,000円（前売 一般2,200円／大学生1,300円／高校生900円）","2400","","","","アソビュー!、ローソンチケット等でも取扱い（価格は未確認）","2026-10-07","","公式サイト","https://www.nact.jp/exhibition_special/2026/louvre2026/","https://www.ntv.co.jp/louvre2026","35.6653","139.7263","パリのルーヴル美術館が誇るルネサンス期の絵画・彫刻・工芸を、ダ・ヴィンチやラファエロを含む選りすぐりの名品でたどる大型企画展。開幕記念講演会や巨匠の代表作を読み解くギャラリートークも予定される。","休館日は火曜（9/22・11/3・12/8は開館、11/4は休館）。12/7〜13は日時指定制。10/1〜10/14は高校生無料観覧日","館内に駐車場なし(周辺有料駐車場を利用)","東京メトロ千代田線 乃木坂駅（美術館直結）"
"84","没後70年 映画監督 溝口健二","","art","東京都・中央区","国立映画アーカイブ","https://www.nfaj.go.jp/","tokyo","2026-08-11","2026-12-13","","","","","","月曜休室。11/3は無料観覧","","","","","","","","","","","","","一般600円／大学生・65歳以上・高校生以下300円（11/3は無料）","600","","","","","2026-10-07","","公式サイト","https://www.nfaj.go.jp/exhibition/mizoguchi2026/","https://www.nfaj.go.jp/exhibition/mizoguchi2026/","35.6759","139.7717","没後70年を記念し、映画監督・溝口健二の足跡をフィルムやポスター、関連資料でたどる展示企画。東京国際映画祭との共催による特集上映「TIFF/NFAJ クラシックス」も会期後半に予定される。","","駐車場・駐輪場なし","東京メトロ銀座線 京橋駅出口1より徒歩1分"
"85","やきもの名品紀行 中国・日本・朝鮮半島","","art","東京都・港区","根津美術館","https://www.nezu-muse.or.jp/","tokyo","2026-08-15","2026-10-12","","","","","","月曜休館","","","","","","","","","","","","","オンライン日時指定予約 一般1,400円／学生（大学生以上）600円／高校生以下無料（当日券は+200円）","1600","1400","13","公式サイト（オンライン予約）","","2026-10-07","オンライン日時指定予約のみ","公式サイト","https://www.nezu-muse.or.jp/jp/exhibitions/current/","https://www.nezu-muse.or.jp/jp/exhibitions/current/","35.6626","139.7188","館蔵約2,300件の陶磁器コレクションから名品を厳選し、中国・日本・朝鮮半島の三展示室構成で紹介する企画展。北宋時代の青磁水注や重要文化財の五彩瓶など見どころが多い、旅するような構成。","","9台(うち身障者優先駐車場1台)","東京メトロ表参道駅 A5出口より徒歩8分"
"86","舞楽装束 受け継がれる染織の美","","art","東京都・港区","根津美術館","https://www.nezu-muse.or.jp/","tokyo","2026-10-24","2026-11-23","","","","","","月曜休館","","","","","","","","","","","","","オンライン日時指定予約 一般1,600円／学生（大学生以上）700円／高校生以下無料（当日券は+200円）","1800","1600","11","公式サイト（オンライン予約）","","2026-10-07","オンライン日時指定予約のみ","公式サイト","https://www.nezu-muse.or.jp/jp/exhibitions/upcoming/","https://www.nezu-muse.or.jp/jp/exhibitions/upcoming/","35.6626","139.7188","宮廷武官の制服を起源とする舞楽装束の美を、高野山天野社・大阪四天王寺・栃木輪王寺伝来の重要文化財を中心に紹介する特別展。約40年ぶりに公開される輪王寺の優品も見どころとなる。","","9台(うち身障者優先駐車場1台)","東京メトロ表参道駅 A5出口より徒歩8分"
"87","吉田璋也のデザイン ― 新作民藝運動がめざした未来","","art","東京都・港区","パナソニック汐留美術館","https://panasonic.co.jp/ew/museum/","tokyo","2026-10-15","2026-12-20","","","","10:00","18:00","水曜休館（12/16は開館）。一部の日は20:00まで夜間開館。11/28〜12/20の土日祝は日時指定予約","","","","","","","","","","","","","一般1,200円（前売1,000円）／65歳以上1,100円（900円）／大学生・高校生700円（500円）／中学生以下無料","1200","1000","17","公式サイト（前売）","","2026-10-07","ウェブ限定前売。10/15〜11/27の来館分","公式サイト","https://panasonic.co.jp/ew/museum/exhibition/26/261015/","https://panasonic.co.jp/ew/museum/exhibition/26/261015/","35.6613","139.7595","民藝運動の実践者・吉田璋也の新作民藝と建築設計に着目した展覧会。「旧吉田医院」と「旧吉田璋也自邸」の一部を原寸再現し、その理念を空間ごと体感できる構成の秋冬の展覧会。","","ビル地下2階駐車場あり","JR新橋駅銀座口より徒歩約8分/東京メトロ銀座線新橋駅2番出口より徒歩約6分"
"88","民藝 SHOCK!! ―没後60年 静嘉堂の河井寬次郎","","art","東京都・千代田区","静嘉堂文庫美術館","https://www.seikado.or.jp/","tokyo","2026-09-05","2026-11-08","","","","10:00","17:00","","","","","","","","","","","","","","一般1,500円／大高生1,000円／障がい者手帳をお持ちの方700円／中学生以下無料","1500","","","","","2026-10-07","","公式サイト","https://www.seikado.or.jp/current_exhibition","https://www.seikado.or.jp/current_exhibition","35.6803","139.7629","没後60年を迎える陶芸家・河井寬次郎の作品を通じ、民藝運動が目指した「用の美」の思想に迫る展覧会。静嘉堂が秘蔵する河井作品も、この機会にあわせて特別に公開される秋の企画展。","","",""
"89","路上、お邪魔ですか？","","art","東京都・渋谷区","松濤美術館","https://shoto-museum.jp/","tokyo","2026-09-19","2026-11-23","","","","10:00","20:00","","","","","","","","","","","","","","一般1,000円／大学生800円／高校生・60歳以上500円／小中学生100円","1000","","","","","2026-10-07","","公式サイト","https://shoto-museum.jp/exhibitions/213rojo/","https://shoto-museum.jp/exhibitions/213rojo/","35.6586","139.6907","路上という日常の風景に着目し、現代美術家たちがそこに見出した表現を紹介する企画展。都市の隙間や境界から立ち上がる新たな視点を、多様な作品を通じて提示する秋の松濤美術館の企画展。","リピーター割引あり（半券提示で2割引）。土日祝は小中学生無料","駐車場なし","京王井の頭線 神泉駅より徒歩5分"
"90","スウェーデン・テキスタイル 暮らしと自然に息づく北欧デザイン","","art","東京都・世田谷区","世田谷美術館","https://www.setagayaartmuseum.or.jp/","tokyo","2026-09-19","2026-11-15","","","","","","","","","","","","","","","","","","","一般1,400円／65歳以上1,200円／大高生800円／中小生500円／未就学児無料","1400","","","","","2026-10-07","","公式サイト","https://www.setagayaartmuseum.or.jp/exhibition/special/detail.php?id=sp00230","https://www.setagayaartmuseum.or.jp/exhibition/special/detail.php?id=sp00230","35.6265","139.6296","スウェーデンのテキスタイルデザインを、自然や暮らしとの結びつきに着目して紹介する展覧会。関連ワークショップも会期前から実施され、北欧デザインの源流をたどることができる秋の企画展。","","来館者専用駐車場60台(無料)","東急田園都市線 用賀駅(バス3分、徒歩17分)"
"91","ミュージアム コレクションⅡ 気になる、こんどの収蔵品―作品がつれてきた物語","","art","東京都・世田谷区","世田谷美術館","https://www.setagayaartmuseum.or.jp/","tokyo","2026-08-08","2026-10-25","","","","","","","","","","","","","","","","","","","一般220円／65歳以上110円／大高生170円／中小生110円／未就学児無料","220","","","","","2026-10-07","","公式サイト","https://www.setagayaartmuseum.or.jp/exhibition/collection/detail.php?id=col00126","https://www.setagayaartmuseum.or.jp/exhibition/collection/detail.php?id=col00126","35.6265","139.6296","「気になる、こんどの収蔵品」をテーマに、近年収蔵した作品を中心に紹介するコレクション展。作品が美術館にやってきた経緯やエピソードも併せて楽しめる、入場料も手頃な企画展示。","世田谷区内在住・在校の小中学生は土日祝・夏休み期間は無料","来館者専用駐車場60台(無料)","東急田園都市線 用賀駅(バス3分、徒歩17分)"
"92","練馬区立美術館コレクション 若林奮－Run and Rest－|寺田真由美－不在の存在－","","art","東京都・練馬区","練馬区立美術館","https://www.neribun.or.jp/museum.html","tokyo","2026-07-25","2026-10-18","","","","10:00","18:00","","","","","","","","","","","","","","一般500円／高校・大学生および65～74歳300円／中学生以下および75歳以上無料","500","","","","","2026-10-07","","公式サイト","https://www.neribun.or.jp/event/detail_m.cgi?id=202606171781677585","https://www.neribun.or.jp/event/detail_m.cgi?id=202606171781677585","35.7395","139.6511","彫刻家・若林奮と陶芸作家・寺田真由美、二人の作家を個展形式で紹介する練馬区立美術館のコレクション展。対照的な素材と造形の魅力を並べて見せる、館蔵品を軸にした構成の展覧会。","","専用駐車場なし","西武池袋線 中村橋駅より徒歩3分"
"93","アーツ中村橋 2026―わたしとまちの記憶","","art","東京都・練馬区","練馬区立美術館","https://www.neribun.or.jp/museum.html","tokyo","2026-09-12","2026-11-08","","","","10:00","18:00","","","","","","","","","","","","","","無料","0","","","","","2026-10-07","","公式サイト","https://www.neribun.or.jp/event/detail_m.cgi?id=202606301782802063","https://www.neribun.or.jp/event/detail_m.cgi?id=202606301782802063","35.7395","139.6511","「まちとつながる現代美術の展覧会」第2弾。総勢9組のアーティストが中村橋という「まち」の過去と現在を、多様な作品を通じて見つめ直す地域密着型の秋の企画展。","美術館内の展示は10月18日（日）で終了。以降はサンライフ練馬・中村橋商店街など、まちなかの会場のみ","専用駐車場なし","西武池袋線 中村橋駅より徒歩3分"
"94","花のある暮らし ボタニカルアートとデザイン","","art","東京都・府中市","府中市美術館","https://www.city.fuchu.tokyo.jp/art/","tokyo","2026-09-19","2026-11-29","","","","","","","","","","","","","","","","","","","一般1,000円／高校生・大学生500円／小・中学生250円／未就学児無料","1000","","","","","2026-10-07","","公式サイト","https://www.city.fuchu.tokyo.jp/art/tenrankai/kikakutenkaisai/2026_BotanicalArt.html","https://www.city.fuchu.tokyo.jp/art/tenrankai/kikakutenkaisai/2026_BotanicalArt.html","35.6838","139.4880","19世紀イギリスで隆盛したボタニカルアートを、『カーティス・ボタニカル・マガジン』やウェッジウッドの食器、ウィリアム・モリスの壁紙など工芸デザインと合わせて紹介する展覧会。10/10-12は市民文化の日で無料観覧。","障害者手帳をお持ちの方と付き添い1名は無料。団体等で混雑時は入場制限あり","美術館近くの府中市臨時駐車場（無料）","京王線「東府中駅」北口徒歩17分、「府中駅」からバス約10分"
"95","水滸伝","","art","東京都・千代田区","東京ステーションギャラリー","https://www.ejrcf.or.jp/gallery/","tokyo","2026-09-19","2026-11-08","","","","10:00","18:00","","","","","","","","","","","","","","一般1,600円／高校・大学生1,100円／中学生以下無料","1600","","","","","2026-10-07","","公式サイト","https://www.ejrcf.or.jp/gallery/exhibition/202609_suikoden.html","https://www.ejrcf.or.jp/gallery/exhibition/202609_suikoden.html","35.6812","139.7671","中国の奇書『水滸伝』を主題に、豪傑たちの物語が日本でどのように絵画化・翻案されてきたかを、浮世絵から近代絵画、挿絵本まで幅広い作品でたどる展覧会。","","","JR東京駅丸の内北口直結、東京メトロ丸ノ内線「東京」駅徒歩約3分"
"96","黒の躍動","","art","東京都・渋谷区","岡本太郎記念館","http://www.taro-okamoto.or.jp/","tokyo","2026-07-17","2026-11-23","","","","10:00","18:00","","","","","","","","","","","","","","一般900円／高校生・大学生700円／中学生以下無料","900","","","","","2026-10-07","","公式サイト","https://taro-okamoto.or.jp/access","http://www.taro-okamoto.or.jp/","35.6637","139.7146","岡本太郎の言葉「己れを滅びに導く、逆にそこに飛び込むんだ」を手がかりに、自らを死に直面させるような緊張感を伴う「黒」を用いた絵画・彫刻作品を集めた企画展。太郎の旧アトリエ兼住居だった館内で開催される。","10/16・11/4・11/12はイベント開催のため16:30閉館。火曜休館（祝日は開館）","駐輪・駐車スペースなし","東京メトロ銀座線・千代田線・半蔵門線「表参道」駅徒歩8分"
"97","TVアニメ「Dr.STONE」×Space Travelium TeNQ 企画展『ROAD TO THE MOON』","どくたーすとーん","ent","東京都・文京区","TeNQ 宇宙ミュージアム","https://www.tokyo-dome.co.jp/tenq/","tokyo","2026-07-18","2026-10-18","","","","","","","","","","","","","","","","","","","施設の入館料に含む（一般 平日2,500円／土日祝・特定日3,000円、中高生1,800円、小学生1,300円）","2500","","","","","2026-10-07","","公式サイト","https://www.tokyo-dome.co.jp/tenq/event/exhibition-stt-7.html","https://www.tokyo-dome.co.jp/tenq/event/exhibition-stt-7.html","35.7056","139.7519","最終回を迎えたTVアニメ「Dr.STONE」とのコラボ企画展。作中の月・星空の名場面を再現した展示や描き下ろしイラストのフォトスポット、石神千空(CV:小林裕介)の録り下ろしボイス演出、コラボグッズ・カフェメニューを展開。","","","JR「水道橋駅」西口、都営三田線「水道橋駅」A2出口、丸ノ内線・南北線「後楽園駅」2番出口すぐ（東京ドームシティ内）"
"98","リアル脱出ゲーム『カジノロワイヤルからの脱出』(リバイバル)","","ent|exp","東京都・新宿区","東京ミステリーサーカス","https://mysterycircus.jp/","tokyo","2026-07-01","2026-10-12","","","","","","","","","","","","","","","","","","","1人4,200円〜","4200","","","","","2026-10-07","","公式サイト","https://mysterycircus.jp/tokyo/events/13929","https://mysterycircus.jp/tokyo/events/13929","35.6953","139.7025","闇カジノ「クラブロワイヤル」を舞台にしたリアル脱出ゲーム。オーナーが開くスペシャルゲームに挑み、謎解き・戦略・度胸で“命”を賭けたカジノバトルを潜り抜ける。6人チーム制、制限時間60分。","","駐車場なし","JR「新宿駅」東口徒歩7分、西武新宿線「西武新宿駅」徒歩2分"
"99","リアル脱出ゲーム×名探偵コナン『疾風の追走からの脱出』","","ent|exp","東京都・新宿区","東京ミステリーサーカス","https://mysterycircus.jp/","tokyo","2026-07-02","2026-10-25","","","","","","","","","","","","","","","","","","","1人3,400円〜（グループチケット。一般3,700円〜、for kids 2,700円〜）","3700","","","","","2026-10-07","","公式サイト","https://realdgame.jp/s/conan2026/","https://realdgame.jp/s/conan2026/","35.6953","139.7025","劇場版「名探偵コナン ハイウェイの堕天使」の後日譚を描くオリジナルストーリーのリアル脱出ゲーム。台湾・韓国など世界各地で開催され累計10万人動員。高速道路を舞台にした追跡劇の謎を解く。","","駐車場なし","JR「新宿駅」東口徒歩7分、西武新宿線「西武新宿駅」徒歩2分"
"100","錦秋十月大歌舞伎","","ent","東京都・中央区","歌舞伎座","","tokyo","2026-10-02","2026-10-20","","","","","","","","","","","","","","","","","","","特等席17,000円／1等席16,000円／2等A席13,000円／2等B席12,000円／2等C席8,000円／3階A席6,000円／3階B席4,500円","17000","","","","","2026-10-07","","歌舞伎美人","https://www.kabuki-bito.jp/theaters/kabukiza/play/985","https://www.kabuki-za.co.jp/","35.6693","139.7671","秋の歌舞伎座を彩る恒例興行。10月2日から20日まで、紅葉の季節にふさわしい演目が三部制で上演される予定。","昼の部11:00／夜の部16:30開演。未就学児は入場不可の場合あり、詳細は公式を確認","",""
"101","ミュージカル『101ダルメシアンズ』","","ent|fam","東京都・千代田区","日生劇場","","tokyo","2026-10-13","2026-10-29","","","","","","","","","","","","","","","","","","","","","","","","","2026-10-02","","梅田芸術劇場","https://www.umegei.com/101dalmatiansjp/","https://www.umegei.com/101dalmatiansjp/","35.6745","139.7599","梅田芸術劇場が企画・制作するファミリー向けミュージカル。人気作を舞台化し、日生劇場で10月13日から29日まで上演される。","4歳以上18歳以下は文化庁事業で特別ご招待の対象公演あり","",""
"102","オペラ『ドン・ジョヴァンニ』","","art","東京都・千代田区","日生劇場","","tokyo","2026-11-14","2026-11-15","","","13:30","14:00","","","","","","","","","","","","","","","S席12,000円／A席10,000円／B席8,000円／学生席3,000円","12000","","","","","2026-10-02","","公式サイト","https://opera.nissaytheatre.or.jp/info/dongiovanni2026/","https://opera.nissaytheatre.or.jp/info/dongiovanni2026/","35.6745","139.7599","NISSAY OPERA 2026として日生劇場が主催するモーツァルトの名作オペラ。11月14日・15日の2日間、各日14時開演。日生劇場Webチケット会員は一般発売に先駆けて購入できる。","","",""
"103","舞台『メイジ・ザ・キャッツアイ』","","ent","東京都・中央区","明治座","","tokyo","2026-10-09","2026-11-01","","","","","","","","","","","","","","","","","","","S席14,000円／A席7,000円／学割5,000円（当日引換）","14000","","","","","2026-10-07","","公式サイト","https://www.meijiza.co.jp/info/2026/2026_10_01/","https://www.meijiza.co.jp/info/2026/2026_10_01/","35.6869","139.7887","北条司「キャッツ♥アイ」を原作に、藤原紀香・高島礼子・剛力彩芽が怪盗キャッツアイ3姉妹を演じる明治座の舞台。脚本は岩崎う大、演出は河原雅彦。アフタートークショーの日もある。","未就学児入場不可。月曜休演。10/22昼・10/29夜は貸切","",""
"104","十周年記念特別公演 舞台『刀剣乱舞』陽伝 月と太陽と星々よ","","ent","東京都・中央区","明治座","","tokyo","2026-11-11","2026-11-29","","","","","","11/10にプレビュー公演あり","","","","","","","","","","","","","前後編通し券S席27,600〜31,600円／A席21,600〜25,600円、前編のみ・後編のみS席13,800〜15,800円／A席10,800〜12,800円ほか（日により異なる）","31600","","","","","2026-10-07","","公式サイト","https://www.meijiza.co.jp/info/2026/2026_11_01/","https://www.meijiza.co.jp/info/2026/2026_11_01/","35.6869","139.7887","人気ゲーム『刀剣乱舞』を原作とする舞台シリーズの10周年記念公演。明治座で11月11日から29日まで上演される。","11/10はプレビュー公演（料金が異なる）。前編12:30・後編18:00が基本。会員限定公演あり","",""
"105","TVアニメ『薬屋のひとりごと』×東京シティビュー 舞が織りなす幻想の世界 ―天空に響く、舞のしらべ―","","ent|art","東京都・港区","東京シティビュー","","tokyo","2026-08-01","2026-10-26","","","","","","","","","","","","","","","","","","","","","","","","","","","六本木ヒルズ","https://www.roppongihills.com/events/events_list.html","https://www.roppongihills.com/","35.6604","139.7292","人気アニメ『薬屋のひとりごと』とのコラボ企画。地上250mの展望台「東京シティビュー」を舞台に、猫猫と壬氏が織りなす舞の情景を演出で描き出す。","","",""
"107","すみだ五彩の芸術祭","","art|exp","東京都・墨田区","墨田区全域（複数会場）","","tokyo","2026-09-04","2026-12-20","","","","","","","","","","","","","","","","","","","","","","","","","","","","","https://sumida-artfest.jp/","","","23区初の総合芸術祭。9月4日から12月20日まで墨田区全域で開催。100以上のプログラムが50以上の会場で展開。音楽、ダンス、美術、演劇など多彩な芸術表現が集結。下町の風情と現在の墨田に息づくアートの関係性を探究。","","","各プログラムにより異なる"
"108","トムとジェリーのいたずらセレブレーション","","fam","東京都・練馬区","ワーナー・ブラザース・スタジオツアー東京","","tokyo","2026-09-10","2026-11-08","","","","","","","","","","","","","","","","","","","スタジオツアー入場券（日付指定・来場日により変動）大人6,300〜7,300円／中人（12〜17歳）5,200〜6,000円／小人（4〜11歳）3,800〜4,400円。企画自体の追加料金なし","","","","","","2026-10-02","","公式サイト","https://www.wbstudiotour.jp/","https://www.wbstudiotour.jp/","","","夏の特別コラボ企画","追加料金なし。ミート＆グリート整理券は入場券保持者がフロッグカフェ等で税込2,000円以上購入すると先着で配布（無料）","",""
"109","ちいかわ☆星ふるスカイツリー®とひみつの島","","fam","東京都・墨田区","東京スカイツリータウン","https://www.tokyo-solamachi.jp/","tokyo","2026-07-10","2026-10-31","","","","","","","","","","","","","","","","","","","","","","","","","","","","","https://www.tokyo-skytree.jp/","35.7101","139.8107","ちいかわとのコラボレーション","コラボドリンク各1,100円・グッズ等は別売り。カフェコラボ食事券セット券（展望台入場券+1,100円/2,200円/4,400円）もあり","立体駐車場約250台・地下駐車場約650台収容","東武スカイツリーライン「とうきょうスカイツリー駅」直結、京成押上線「押上〈スカイツリー前〉駅」"
"110","Action for KOALA 2026 みんなで守ろう！コアラとコアラのくらす森","","exp|fam","東京都・日野市","多摩動物公園","https://www.tokyo-zoo.net/zoo/tama/","tokyo","2026-10-24","2026-10-25","","2026-10-24|2026-10-25","","9:30","16:30","講演会は10/25 13:30〜15:00","","","","","","","受付終了","","","2026-09-30","","","入園料 一般600円／65歳以上300円／中学生200円（小学生以下・都内在住在学の中学生は無料）（講演会は入園料のみ・事前申込制）","600","","","","","2026-10-07","","公式サイト","https://www.tokyo-zoo.net/tama/action-for-koala/2026/index.html","https://www.tokyo-zoo.net/tama/action-for-koala/2026/index.html","35.6486","139.4067","コアラの日に合わせ、募金箱の設置と、10/25 13:30からの講演会（飼育担当者と早川卓志博士）を実施。講演会は定員100名で事前申込制、応募多数の場合は抽選。","講演会は中学生以上向け。申込は9/30に締切済み","",""
"111","秋の夜のどうぶつえん","","fam|exp","東京都・台東区","上野動物園","https://www.tokyo-zoo.net/zoo/ueno/","tokyo","2026-10-09","2026-10-12","","2026-10-09|2026-10-10|2026-10-11|2026-10-12","","","20:00","","","","","","","","","","","","","","一般600円／65歳以上300円／中学生200円（都内在住・在学の中学生と小学6年生まで無料）","600","","","","","2026-10-07","","公式サイト","https://www.tokyo-zoo.net/ueno/news/12716/index.html","https://www.tokyo-zoo.net/ueno/news/12716/index.html","35.7166","139.7712","10/9〜12の4日間限定で20時まで開園時間を延長。ゾウ・トラ・キリン・カバなどは19:30まで観覧でき、ふだん見られない夜の動物を観察できる。大変な混雑が見込まれる。","入園は19時まで。10/12（祝）も開園。夜間は混雑見込み","",""
"112","うえのZOOスクール2026（小学5、6年生）","","fam|exp","東京都・台東区","上野動物園","https://www.tokyo-zoo.net/zoo/ueno/","tokyo","2026-11-07","2026-11-08","","2026-11-07|2026-11-08","","8:30","15:00","1日コースを各日15名程度で2回開催。応募多数の場合は抽選","","","","","","","受付終了","","","2026-09-30","","","","","","","","","","","公式サイト","https://www.tokyo-zoo.net/ueno/news/zooschool/2026_03/index.html","https://www.tokyo-zoo.net/ueno/news/zooschool/2026_03/index.html","35.7166","139.7712","小学5・6年生を対象に、清掃や餌の準備など飼育係の仕事を体験して動物や飼育の仕事を学ぶ1日コース。各日15名程度、応募多数の場合は抽選。募集は9月30日で締切済み。","小学5・6年生対象。募集は9/30で締切。当落は10/15までにメール連絡","",""
"114","Ways of Reading―How the World Speaks to Us, How We Speak to the World","","art","東京都","東京都美術館","https://www.tobikan.jp/","tokyo","2026-11-19","2027-01-11","","","","","","","","","","","","","","","","","","","","","","","","","","","公式サイト","https://www.tobikan.jp/","https://www.tobikan.jp/","35.7168","139.7714","","","館内に駐車場なし","JR上野駅「公園改札」より徒歩7分"
"115","NFAJ映画古書まつり","","exp","東京都・中央区","国立映画アーカイブ","https://www.nfaj.go.jp/","tokyo","2026-11-21","2026-11-22","","2026-11-21|2026-11-22","","","","","","","","","","","","","","","","","シネマ古書市は入場無料／トークイベント各回1,000円","","","","","","2026-10-07","","公式サイト","https://www.nfaj.go.jp/event/eigakosho2026/","https://www.nfaj.go.jp/event/eigakosho2026/","35.6759","139.7717","","","駐車場・駐輪場なし","東京メトロ銀座線 京橋駅出口1より徒歩1分"
"116","フォンタネージ――イタリアの光・心の風景","","art","東京都・千代田区","三菱一号館美術館","https://mimt.jp/","tokyo","2026-10-17","2027-01-24","","","","","","会期中展示替えあり。祝日を除く金曜・第2水曜は20時まで開館","","","","","","","","","","","","","一般2,300円／大学生1,300円／高校生1,000円","2300","","","","","2026-10-07","","公式サイト","https://mimt.jp/ex_sp/fontanesi/","https://mimt.jp/ex_sp/fontanesi/","35.6803","139.7639","","","","JR東京駅より徒歩5分"
"117","ふたたびくみたてる 日本の新進作家 vol.23","","art","東京都・目黒区","東京都写真美術館","https://topmuseum.jp/","tokyo","2026-09-30","2027-01-17","","","","","","","","","","","","","","","","","","","一般700円／学生560円／高校生・65歳以上350円（中学生以下は無料）","700","","","","","2026-10-07","","公式サイト","https://topmuseum.jp/exhibition/5423/","https://topmuseum.jp/exhibition/5423/","35.6402","139.716","AI・CG・コマ撮りアニメーションなど多様な技法で制作する5名の新進作家を紹介する「日本の新進作家」展第23回。市田小百合、苅部太郎、野村在、橋本麦、藤倉麻子が出品し、記憶・記録とイメージの境界を探る作品を展示。","休館日は月曜と年末年始（12/28〜1/1）","専用駐車場なし（恵比寿ガーデンプレイス内駐車場センターを利用）","JR恵比寿駅東口より徒歩約7分"
"118","デュエット――アジアン・コンテンポラリー","","art","東京都・目黒区","東京都写真美術館","https://topmuseum.jp/","tokyo","2026-09-30","2027-01-17","","","","","","","","","","","","","","","","","","","一般900円／学生720円／高校生・65歳以上450円（中学生以下は無料）","900","","","","","2026-10-07","","公式サイト","https://topmuseum.jp/exhibition/5421/","https://topmuseum.jp/exhibition/5421/","35.6402","139.716","中国・日本の現代写真映像を紹介する「愛について」続編。三影堂撮影芸術中心との共同企画で、村越としや、ワン・トゥオ、スイ・タカ、ルオ・ヤン、ジャン・ポンイー、fumiko imanoが出品し異文化間の対話を探る。","休館日は月曜と年末年始（12/28〜1/1）","専用駐車場なし（恵比寿ガーデンプレイス内駐車場センターを利用）","JR恵比寿駅東口より徒歩約7分"
"119","ジャム・セッション 石橋財団コレクション×藤井光","","art","東京都・中央区","アーティゾン美術館","https://www.artizon.museum/","tokyo","2026-10-24","2027-01-31","","","","","","","","","","","","","","","","","","","一般 Web予約1,200円／窓口1,500円（大学生・専門学校生・高校生は要Web予約で無料、中学生以下無料）","1500","1200","20","公式サイト（Web予約）","","2026-10-07","Web予約チケットのみ","公式サイト","https://www.artizon.museum/exhibition/detail/608","https://www.artizon.museum/exhibition/detail/608","35.6767","139.7724","","","館内に駐車場なし","JR東京駅八重洲中央口より徒歩5分"
"120","エトランゼたち―洋画家たちのヨーロッパ体験","","art","東京都・中央区","アーティゾン美術館","https://www.artizon.museum/","tokyo","2026-10-24","2027-01-31","","","","","","","","","","","","","","","","","","","一般 Web予約1,200円／窓口1,500円（大学生・専門学校生・高校生は要Web予約で無料、中学生以下無料）","1500","1200","20","公式サイト（Web予約）","","2026-10-07","Web予約チケットのみ","公式サイト","https://www.artizon.museum/exhibition/detail/610","https://www.artizon.museum/exhibition/detail/610","35.6767","139.7724","","","館内に駐車場なし","JR東京駅八重洲中央口より徒歩5分"
"121","郵便と／の美術","","art","東京都・府中市","府中市美術館","https://www.city.fuchu.tokyo.jp/art/","tokyo","2026-12-12","2027-02-21","","","","","","","","","","","","","","","","","","","一般800円／高校生・大学生400円／小・中学生200円","800","","","","","2026-10-07","","公式サイト","https://www.city.fuchu.tokyo.jp/art/tenrankai/kikakutenkaisai/2026_PostalArt.html","https://www.city.fuchu.tokyo.jp/art/tenrankai/kikakutenkaisai/2026_PostalArt.html","35.6838","139.4880","郵政博物館所蔵の切手・ポスト・郵便関連資料を通じて、近代日本における郵便と美術の関わりを紹介。明治時代の絵画から戦後美術に至るまで、美術と郵便の多様な関わりを展示。","","美術館近くの府中市臨時駐車場（無料）","京王線「東府中駅」北口徒歩17分、「府中駅」からバス約10分"
"122","ニコライ・アストルップ 創造する庭","","art","東京都・千代田区","東京ステーションギャラリー","https://www.ejrcf.or.jp/gallery/","tokyo","2026-11-21","2027-01-31","","","","10:00","18:00","","","","","","","","","","","","","","","","","","","","","","公式サイト","https://www.ejrcf.or.jp/gallery/exhibition.html","https://www.ejrcf.or.jp/gallery/exhibition.html","35.6812","139.7671","20世紀初頭のノルウェーを代表する画家ニコライ・アストルップ（1880-1928）の日本初となる大回顧展。ノルウェー南西部の雄大な自然に囲まれた土地での暮らしと制作を紹介する。","","","JR東京駅丸の内北口直結、東京メトロ丸ノ内線「東京」駅徒歩約3分"
"123","方丈記に学ぶ –生きるを編み直す小さな建築–","","art","東京都・港区","21_21 DESIGN SIGHT","https://www.2121designsight.jp/","tokyo","2026-08-28","2027-01-11","","","","10:00","19:00","","","","","","","","","","","","","","一般1,700円／大学生800円／高校生500円／中学生以下無料","1700","","","","","2026-10-07","","公式サイト","https://www.2121designsight.jp/program/hojoki/","https://www.2121designsight.jp/program/hojoki/","35.6640","139.7301","13世紀の随筆『方丈記』に記された小さな建築「方丈の庵」を起点に、建築家・塚本由晴のディレクションで、現代の暮らしと構築環境を見つめ直す企画展。時代をこえて多くの実践を生み出してきた『方丈記』の思想から、移ろい続ける世の無常を前にした人間の生き方を探る。","11/21〜11/23は東京ミッドタウン臨時休館に伴い休館。休館日は火曜・年末年始","","都営大江戸線・東京メトロ日比谷線「六本木」駅、千代田線「乃木坂」駅徒歩5分（東京ミッドタウン内）"
"124","企画展「西望偉人伝」","","art","東京都・武蔵野市","井の頭自然文化園","https://www.tokyo-zoo.net/zoo/ino/","tokyo","2026-05-29","2027-04-04","","","","9:30","16:30","彫刻館B館の開館時間に準じる","","","","","","","","","","","","","入園料 一般400円／65歳以上200円（中学生以下は無料）","400","","","","","2026-10-07","","公式サイト","https://www.tokyo-zoo.net/inokashira/news/11545/index.html","https://www.tokyo-zoo.net/inokashira/news/11545/index.html","35.7010","139.5747","彫刻家・北村西望が手がけた歴史上の偉人の肖像彫刻約20点を紹介する企画展「西望偉人伝」。加藤清正や天草四郎、孔子などのひな型(試作)を、制作にまつわるエピソードとともに彫刻館B館で約11カ月にわたり長期展示する。","","駐車場なし(周辺の民間駐車場や井の頭恩賜公園有料駐車場を利用)","JR中央線・総武線/京王井の頭線「吉祥寺駅」公園口(南口)徒歩約10分"
"125","再オープン記念 没後10年 横須賀美術館コレクションによる島田章三展","","art","神奈川県・横須賀市","横須賀美術館","https://yokosuka-moa.jp/","kanagawa","2026-09-05","2026-11-03","","","","","","","","","","","","","","","","","","","一般1,200円／高大生・65歳以上1,000円／中学生以下無料（同料金で所蔵品展・谷内六郎館も観覧可）","1200","","","","","2026-09-21","","公式サイト","","https://yokosuka-moa.jp/","35.2884","139.6807","洋画家・島田章三の没後10年を記念し、館蔵の全130点から代表作を初めて全点展示","所蔵品展・谷内六郎館も観覧可","普通車120台、320円（1時間）以降30分160円（1日上限1,600円）","京急線「馬堀海岸」駅からバス約10分徒歩2分"
"126","再オープン記念 令和8年度第1期 谷内六郎展 月のひかり、星のきら","","art","神奈川県・横須賀市","横須賀美術館","https://yokosuka-moa.jp/","kanagawa","2026-09-05","2027-01-17","","","","","","","","","","","","","","","","","","","一般450円／高大生・65歳以上350円／中学生以下無料","450","","","","","2026-09-21","","公式サイト","","https://yokosuka-moa.jp/","35.2884","139.6807","","","普通車120台、320円（1時間）以降30分160円（1日上限1,600円）","京急線「馬堀海岸」駅からバス約10分徒歩2分"
"127","丸山純子展関連ワークショップ","","exp","神奈川県・横須賀市","横須賀美術館","https://yokosuka-moa.jp/","kanagawa","2026-09-13","2026-10-31","","","","","","","","","","","","","","","","","","","","","","","","","","","公式サイト","","https://yokosuka-moa.jp/","35.2884","139.6807","花の風景をつくろう、講師：丸山純子","当日先着20名","普通車120台、320円（1時間）以降30分160円（1日上限1,600円）","京急線「馬堀海岸」駅からバス約10分徒歩2分"
"128","みんなのアトリエ2026","","exp","神奈川県・横須賀市","横須賀美術館","https://yokosuka-moa.jp/","kanagawa","2026-09-19","2027-01-16","","","","","","","","","","","","","","","","","","","","","","","","","","","公式サイト","","https://yokosuka-moa.jp/","35.2884","139.6807","造形作家らによる実践ワークショップ","定員7組程度（1組5名まで）","普通車120台、320円（1時間）以降30分160円（1日上限1,600円）","京急線「馬堀海岸」駅からバス約10分徒歩2分"
"129","中学生のための美術鑑賞教室","","exp|fam","神奈川県・横須賀市","横須賀美術館","https://yokosuka-moa.jp/","kanagawa","2026-09-26","2026-10-24","","","","","","","","","","","","","","","","","","","無料","","","","","","","","公式サイト","","https://yokosuka-moa.jp/","35.2884","139.6807","学芸員による美術鑑賞教室","申込不要、当日集合場所に集合","普通車120台、320円（1時間）以降30分160円（1日上限1,600円）","京急線「馬堀海岸」駅からバス約10分徒歩2分"
"130","ズーラシアフェス！～アジアの動物たち～","","fam","神奈川県・横浜市","よこはま動物園ズーラシア","https://www.hama-midorinokyokai.or.jp/zoo/zoorasia/","kanagawa","2026-10-01","2026-10-31","","","","","","","","","","","","","","","","","","","入園料 一般800円／中人・高校生300円／小・中学生200円（小学生未満無料）","800","","","","","2026-10-07","","公式サイト","https://www.hama-midorinokyokai.or.jp/zoo/zoorasia/details/2026/post-558906.php","https://www.hama-midorinokyokai.or.jp/zoo/zoorasia/details/2026/post-558906.php","35.5194","139.5223","アジアの動物たちをテーマにした特別フェスティバル。様々なアジアの動物の生態を学べるプログラムと特別展示が開催される。","","2,200台、普通車1日1,000円(8月の土日祝ナイトズーラシア開催日は2,000円)","相鉄線「鶴ヶ峰」「三ツ境」駅またはJR横浜線・地下鉄「中山」駅からバス"
"131","アクセスプログラム　ことばで一緒にみる鑑賞会","","art","神奈川県・横浜市","横浜美術館","https://yokohama.art.museum/","kanagawa","2026-10-13","2026-10-13","","","","","","","","","","","","","","","","","","","参加無料（当日有効の観覧券が必要）","0","","","","","2026-10-07","","公式サイト","https://yokohama.art.museum/event/202610_kotoba/","https://yokohama.art.museum/event/202610_kotoba/","35.4564","139.6317","視覚や聴覚に障がいのある人など対象","","157台（屋内107・屋外50）、最初90分500円/以降30分ごと250円","みなとみらい線「みなとみらい」駅徒歩3分"
"132","クレヨンしんちゃん写真撮影会","","ent|fam","神奈川県・相模原市","さがみ湖リゾート MORI MORI","","kanagawa","2026-09-21","2026-10-12","","","","","","","","","","","","","","","","","","","撮影会参加費は無料（入園料別途：大人1,900円〜、ハイシーズン2,300円）","","","","","","2026-09-21","","公式サイト","","https://www.sagamiko-resort.jp/","","","","","",""
"134","金銀雲母きら ―かがやきの日本美術―","","art","神奈川県・箱根町","岡田美術館","https://www.okada-museum.com/","kanagawa","2026-06-14","2026-12-06","","","","","","","","","","","","","","","","","","","一般・大学生2,800円／小中高生1,800円（庭園入園料は別途、現在無料）","2800","","","","","2026-09-21","","公式サイト","","https://www.okada-museum.com/","35.2404","139.0356","平安時代の経典・書跡を核に、桃山時代から現代までの絵画・書跡・やきもの・漆芸約40件で「金・銀・雲母」の輝きを追う展覧会。国指定重要美術品の「石山切」や俵屋宗達下絵・本阿弥光悦書の和歌色紙なども展示される。","","80台（うち身障者用2台）、美術館利用者は1回500円","箱根湯本駅からバス約20分「小涌園」下車すぐ"
"135","日本画の煌めき 秋の彩り","","art","神奈川県・箱根町","成川美術館","http://www.narukawamuseum.co.jp/","kanagawa","2026-07-16","2026-11-11","","","","","","","","","","","","","","","","","","","一般1,500円","1500","","","","","2026-09-21","","公式サイト","","http://www.narukawamuseum.co.jp/","35.2043","139.0258","芦ノ湖畔に建つ成川美術館が所蔵する昭和中期以降の現代日本画コレクションから、秋の彩りをテーマにした作品を厳選して展示する企画展。同時開催の栗原瑠璃華 吹きガラス展とあわせて同じ入館料で鑑賞できる、会期の長い秋の常連企画。","","無料駐車場（乗用車70台、大型バス15台）","箱根湯本駅からバス約35分「元箱根港」下車"
"136","無料ミニ企画 ちょこっとTARO 太郎のかわいい","","art","神奈川県・川崎市","川崎市岡本太郎美術館","https://www.taromuseum.jp/","kanagawa","2026-07-18","2026-12-06","","","","","","","","","","","","","","","","","","","無料","","","","","","","","公式サイト","","https://www.taromuseum.jp/","35.6110","139.5480","展示室が改修工事で休室中の同館が、工事の影響を受けない館内無料スペースで開催する無料ミニ企画の第2弾。「かわいい」をテーマに、岡本太郎が手がけた手のひらサイズの彫刻や家具・食器など約40点をギャラリースペースで紹介する。","","","小田急線「向ヶ丘遊園駅」南口徒歩約17分（生田緑地内）"
"137","開館15周年記念 ドラえもん～ん！願いをかなえるひみつ道具展（前期）","","ent|fam","神奈川県・川崎市","藤子・F・不二雄ミュージアム","https://fujiko-museum.com/","kanagawa","2026-07-01","2027-01-17","","","","","","","","","","","","","","","","","","","大人・大学生1,000円／高校・中学生700円／子ども（4歳以上）500円／3歳以下無料","1000","","","","","2026-09-21","","公式サイト","","https://fujiko-museum.com/","35.6136","139.5453","","","専用駐車場なし","小田急線・JR南武線「登戸駅」からシャトルバス約9分（徒歩の場合は向ヶ丘遊園駅・宿河原駅から）"
"138","入門！神奈川県立歴史博物館―県博の守り伝えていくコレクション―","","art","神奈川県・横浜市","神奈川県立歴史博物館","https://www.pref.kanagawa.jp/docs/b8v/index.html","kanagawa","2026-10-17","2026-12-13","","","","","","","","","","","","","","","","","","","20歳以上300円／20歳未満・学生200円／65歳以上・高校生100円／中学生以下・障害者手帳所持者無料","300","","","","","2026-09-21","","公式サイト","","https://www.pref.kanagawa.jp/docs/b8v/index.html","35.4472","139.6388","約1年9か月の改修休館を経て再開館する記念の特別展。展示ケースのガラスを反射防止フィルムに更新した新環境で、国指定重要文化財の甲冑4件を約20年ぶりに同時展示するほか、歌川広重の東海道五十三次9点なども公開する。","一般来館者用の駐車場・駐輪場はなし。公共交通機関の利用を推奨。","","みなとみらい線「馬車道」駅3番・5番出口徒歩1分"
"139","第50回三溪園俳句展","","art|fest","神奈川県・横浜市","三溪園","https://www.sankeien.or.jp/","kanagawa","2026-05-22","2026-10-19","","","","","","","","","","","","","","","","","","","俳句展の観覧は無料。入園料：大人（高校生以上）900円／子ども（小・中学生）200円が別途必要","900","","","","","2026-09-21","","公式サイト","","https://www.sankeien.or.jp/","35.4132","139.6653","50年の伝統を誇る俳句展。庭園の季節の美しさを詩に表現した作品展示。","","正門隣接駐車場(乗用車2時間まで1,000円、以降30分ごと200円、1日上限なし／バス1台1,000円)",""
"140","開園120周年記念 三溪園大茶会","","exp|fest","神奈川県・横浜市","三溪園","https://www.sankeien.or.jp/","kanagawa","2026-10-31","2026-11-01","","","","","","","","","","","","","","","","","","","18,000円（税込・五流派の呈茶券、点心代、三溪園入園料を含む）","18000","","","","","2026-09-21","","公式サイト","","https://www.sankeien.or.jp/","35.4132","139.6653","開園120周年を記念した2日間の大規模茶会。園内の複数の茶席をめぐりながら呈茶をいただける秋の恒例行事だが、今回の事前申込みは既に定員に達し受付終了（完売）となっており、当日の飛び入り参加はできない。","事前申込は完売済み","正門隣接駐車場(乗用車2時間まで1,000円、以降30分ごと200円、1日上限なし／バス1台1,000円)",""
"141","銅版画家・駒井哲郎 掌上にひろがる星座のように","","art","神奈川県・三浦郡葉山町","神奈川県立近代美術館 葉山","https://www.moma.pref.kanagawa.jp/hayama/","kanagawa","2026-09-12","2026-11-15","","","","","","","","","","","","","","","","","","","一般1,200円（1,100円）／20歳未満・学生1,050円（950円）／65歳以上600円／高校生100円／中学生以下無料（10/11・11/3は無料開館日）","1200","","","","","2026-10-07","","公式サイト","https://www.moma.pref.kanagawa.jp/exhibition/2026-komai-tetsuro/","https://www.moma.pref.kanagawa.jp/exhibition/2026-komai-tetsuro/","35.2760","139.5800","日本の版画史に重要な足跡を残した銅版画家・駒井哲郎の回顧展。世田谷美術館の福原義春コレクションを中心に、これまで紹介機会の少なかった初期油彩や初公開となる絵本挿絵原画、影響を受けたルドン作品などを展示する。","無料開館日 10/11・11/3","普通車48台、時間制400円（7-8月は1,000円、夏の土日祝等は1,500円）、企画展観覧券で1時間無料","JR「逗子」駅・京急「逗子・葉山」駅からバス約18〜20分「三ヶ丘・神奈川県立近代美術館前」下車"
"142","全国ふるさとフェア２０２６","","food|fest","神奈川県・中区","横浜赤レンガ倉庫","https://www.yokohama-akarenga.jp/","kanagawa","2026-10-31","2026-11-03","","","","","","","","","","","","","","","","","","","無料","","","","","","","","公式サイト","","https://www.yokohama-akarenga.jp/","35.4534","139.6425","日本全国の地域グルメと特産品が集まるフェア。それぞれの地域の味わいを一堂に楽しめる食の交流イベント。","","","みなとみらい線馬車道駅・日本大通り駅より徒歩約6分"
"143","第19回横浜あおぞらリレーマラソンin赤レンガ","","sport","神奈川県・中区","横浜赤レンガ倉庫","https://www.yokohama-akarenga.jp/","kanagawa","2026-11-15","2026-11-15","","","","","","","","","","","","","","","","","","","","","","","","","","","公式サイト","","https://www.yokohama-akarenga.jp/event/ba26a89c1860894767b0db4d97993fed5cd4210c/","35.4534","139.6425","赤レンガパークを会場に行われるチーム制のリレーマラソン大会。参加者が仲間とタスキをつなぎながら周回コースを走り抜ける、市民参加型のスポーツイベントとして毎年11月に開催され、今回で第19回目を迎える。","種目・チーム人数区分により参加料が異なるため代表値なし","","みなとみらい線馬車道駅・日本大通り駅より徒歩約6分"
"144","カラフルパレット　鈴木信太郎","","art","神奈川県・横浜市","そごう美術館","https://sogo-museum.jp/","kanagawa","2026-09-12","2026-10-12","","","","","","","","","","","","","","","","","","","一般1,200円（1,000円）／大学・高校生1,000円（800円）／中学生以下無料","1200","","","","","2026-10-07","","公式サイト","https://sogo-museum.jp/exhibitions/details.jsp?id=2071","https://sogo-museum.jp/exhibitions/details.jsp?id=2071","35.4657","139.6382","展覧会","","","横浜駅東口徒歩5分（そごう横浜店6階）"
"145","KIRIKANE Sculpture 山本茜","","art","神奈川県・横浜市","そごう美術館","https://sogo-museum.jp/","kanagawa","2026-10-24","2026-12-06","","","","","","","","","","","","","","","","","","","一般2,000円（1,800円）／大学・高校生1,800円（1,600円）／中学生以下無料","2000","","","","","2026-10-07","","公式サイト","https://sogo-museum.jp/exhibitions/details.jsp?id=2261","https://sogo-museum.jp/exhibitions/details.jsp?id=2261","35.4657","139.6382","展覧会","","","横浜駅東口徒歩5分（そごう横浜店6階）"
"146","横浜おいも万博2026","","food|fest","神奈川県・中区","横浜赤レンガ倉庫","https://www.yokohama-akarenga.jp/","kanagawa","2026-10-09","2026-10-13","","","","","","","","","","","","","","","","","","","前売券500円／当日券700円（税込、未就学児無料）","500","","","","","2026-09-21","","公式サイト","","https://www.yokohama-akarenga.jp/","35.4534","139.6425","さまざまな品種のサツマイモを使った食べ物が集結。焼き芋から和菓子まで、秋の味覚を堪能できる食のイベント。","","","みなとみらい線馬車道駅・日本大通り駅より徒歩約6分"
"147","YOKOHAMA URBAN SPORTS FESTIVAL '26","","sport|fest","神奈川県・中区","横浜赤レンガ倉庫","https://www.yokohama-akarenga.jp/","kanagawa","2026-10-17","2026-10-18","","","","","","","","","","","","","","","","","","","無料","","","","","","","","公式サイト","","https://www.yokohama-akarenga.jp/","35.4534","139.6425","都市型スポーツの祭典。スケートボード、BMX、ストリートダンスなど、トレンディなスポーツが体験できる。","","","みなとみらい線馬車道駅・日本大通り駅より徒歩約6分"
"148","ALL AMERICAN FOOD FESTIVAL '26","","food|fest","神奈川県・中区","横浜赤レンガ倉庫","https://www.yokohama-akarenga.jp/","kanagawa","2026-10-17","2026-10-18","","","","","","","","","","","","","","","","","","","無料","","","","","","","","公式サイト","","https://www.yokohama-akarenga.jp/","35.4534","139.6425","アメリカの定番グルメが横浜に集結。ハンバーガー、ホットドッグ、BBQなど、アメリカンフードを堪能できる。","","","みなとみらい線馬車道駅・日本大通り駅より徒歩約6分"
"149","横浜マラソン2026","","sport","神奈川県・中区","横浜赤レンガ倉庫周辺","","kanagawa","2026-10-25","2026-10-25","","","","","","","","","","","","","","","","","","","フルマラソン18,500円／ペアリレー32,000円（組）／湾岸ハイウェイラン16,000円／みなとみらい7kmラン7,000円　等、種目により異なる（別途システム利用料）","","","","","","2026-09-21","","公式サイト","","https://www.yokohama-akarenga.jp/","","","","","",""
"150","横濱 JAZZ PROMENADE 2026","","ent","神奈川県・中区","横浜赤レンガ倉庫","https://www.yokohama-akarenga.jp/","kanagawa","2026-10-10","2026-10-11","","","","","","","","","","","","","","","","","","","赤レンガ倉庫1号館ホール公演：前売4,000円〜5,000円／当日5,000円〜6,000円（公演により異なる）","","","","","","2026-09-21","","公式サイト","","https://www.yokohama-akarenga.jp/","35.4534","139.6425","","","","みなとみらい線馬車道駅・日本大通り駅より徒歩約6分"
"151","生誕120年三岸節子展","","art","神奈川県・横須賀市","横須賀美術館","https://yokosuka-moa.jp/","kanagawa","2026-11-14","2026-12-20","","","","","","","","","","","","","","","","","","","一般1,500円（団体1,200円）／高大生・65歳以上1,300円（団体1,040円）／中学生以下無料（同料金で所蔵品展・谷内六郎館も観覧可）","1500","","","","","2026-09-21","","公式サイト","","https://yokosuka-moa.jp/","35.2884","139.6807","","","普通車120台、320円（1時間）以降30分160円（1日上限1,600円）","京急線「馬堀海岸」駅からバス約10分徒歩2分"
"152","さがみ湖イルミリオン 2026","","fest|ent","神奈川県・相模原市","さがみ湖リゾート MORI MORI","","kanagawa","2026-11-14","2026-11-14","","","","","","","","","","","","","","","","","","","入園料（16時から、リフト無料）：大人2,000円／小人・シニア1,300円（フリーパス大人4,500円、ナイトフリーパス大人3,000円などのオプションあり）","2000","","","","","2026-09-21","","公式サイト","","https://www.sagamiko-resort.jp/","","","","","",""
"153","LOCALGREEN FESTIVAL'26","","food|fest","神奈川県・中区","横浜赤レンガ倉庫","https://www.yokohama-akarenga.jp/","kanagawa","2026-11-07","2026-11-08","","","","","","","","","","","","","","","","","","","無料","","","","","","","","公式サイト","","https://www.yokohama-akarenga.jp/","35.4534","139.6425","地元の野菜・食材・工芸品が集まるフェスティバル。持続可能な地域経済を支える地産地消の重要性を発信。","2026年から入場無料のフリーフェスティバルとして開催","","みなとみらい線馬車道駅・日本大通り駅より徒歩約6分"
"154","版画体験コース（A・Bコース）","","exp","神奈川県・横浜市","横浜美術館","https://yokohama.art.museum/","kanagawa","2026-05-30","2026-10-24","","","","","","","","","","","","","","","","","","","各コース15,000円（材料費込・事前振込）","15000","","","","","2026-10-07","","公式サイト","https://yokohama.art.museum/event/20260530_shiato_hangataiken/","https://yokohama.art.museum/event/20260530_shiato_hangataiken/","35.4564","139.6317","版画の基礎から応用までを学べる5ヶ月間の体験コース。初心者から経験者まで楽しめるアート教室。","Bコースは9/26・10/3・10/10・10/17・10/24（全5回・10:10〜12:30）","157台（屋内107・屋外50）、最初90分500円/以降30分ごと250円","みなとみらい線「みなとみらい」駅徒歩3分"
"155","レクチャー「香りの価値をつくる」","","art","神奈川県・横浜市","横浜美術館","https://yokohama.art.museum/","kanagawa","2026-10-25","2026-10-25","","","","14:00","15:30","","","","","","","","申込受付（抽選）","","","2026-10-08","","定員24名・応募多数の場合は抽選","3,000円（マリー・アントワネット・スタイル展観覧券付・事前振込）","3000","","","","","2026-10-07","","公式サイト","https://yokohama.art.museum/event/08262026_shiato_kaorinokachi/","https://yokohama.art.museum/event/08262026_shiato_kaorinokachi/","35.4564","139.6317","香りという芸術表現の可能性を探求するレクチャー。五感を使った美術体験の新しい形。","定員24名・12歳以上・応募多数の場合は抽選","157台（屋内107・屋外50）、最初90分500円/以降30分ごと250円","みなとみらい線「みなとみらい」駅徒歩3分"
"156","銅版画家・駒井哲郎 掌上にひろがる星座のように」ギャラリートーク","","art","神奈川県・三浦郡葉山町","神奈川県立近代美術館 葉山","https://www.moma.pref.kanagawa.jp/hayama/","kanagawa","2026-09-26","2026-10-10","","2026-09-26|2026-10-10","","","","","","","","","","","","","","","","","参加無料（高校生以上は展覧会の当日観覧券が必要）","0","","","","","2026-10-07","","公式サイト","https://www.moma.pref.kanagawa.jp/event/20261010-2/","https://www.moma.pref.kanagawa.jp/exhibition/2026-komai-tetsuro/","35.2760","139.5800","","","普通車48台、時間制400円（7-8月は1,000円、夏の土日祝等は1,500円）、企画展観覧券で1時間無料","JR「逗子」駅・京急「逗子・葉山」駅からバス約18〜20分「三ヶ丘・神奈川県立近代美術館前」下車"
"157","銅版画家・駒井哲郎 掌上にひろがる星座のように」堀江敏幸氏 講演会","","art","神奈川県・三浦郡葉山町","神奈川県立近代美術館 葉山","https://www.moma.pref.kanagawa.jp/hayama/","kanagawa","2026-10-31","2026-10-31","","","","","","","","","","","","","","","","","","","参加無料・申込不要（高校生以上は本展の当日観覧券が必要）","0","","","","","2026-10-07","","公式サイト","https://www.moma.pref.kanagawa.jp/event/20261031-2/","https://www.moma.pref.kanagawa.jp/exhibition/2026-komai-tetsuro/","35.2760","139.5800","駒井哲郎の装幀に関する講演イベント","","普通車48台、時間制400円（7-8月は1,000円、夏の土日祝等は1,500円）、企画展観覧券で1時間無料","JR「逗子」駅・京急「逗子・葉山」駅からバス約18〜20分「三ヶ丘・神奈川県立近代美術館前」下車"
"158","火祭薪能","","ent|fest","神奈川県・伊勢原市","大山阿夫利神社","https://www.afuri.or.jp/","kanagawa","2026-10-01","2026-10-31","","","","","","","","","","","","","","","","","","","全席指定：S席6,500円／A席5,000円（申込：confetti-web、または予約専用ダイヤル）","","","","","","2026-09-21","","公式サイト","","https://www.afuri.or.jp/","35.4372","139.2372","第45回大山火祭薪能、10月上旬開催予定","9月10日よりチケット発売開始予定","阿夫利第一駐車場(平日900円・土日祝1,000円)、市営第一駐車場600円・第二駐車場1,000円、大型車1,500円。ほか民営駐車場多数",""
"159","マリー・アントワネット・スタイル","マリーアントワネットスタイル","art","神奈川県・横浜市","横浜美術館","https://yokohama.art.museum/","kanagawa","2026-08-01","2026-11-23","","","","","","","","","","","","","","","","","","","一般2,500円／大学・高校生1,600円／中学生1,000円／小学生以下無料（括弧内の割引料金あり）","2500","","","","","2026-10-07","","公式サイト","https://yokohama.art.museum/exhibition/202608_marie2026/","https://yokohama.art.museum/exhibition/202608_marie2026/","35.4564","139.6317","ヴィクトリア＆アルバート博物館の所蔵品を中心に、マリー・アントワネットの装いやインテリアが18世紀から現代のファッション・デザインまで与えた影響を辿る大型展。9月3日は大学生向けの無料観覧日も設けられる。","","157台（屋内107・屋外50）、最初90分500円/以降30分ごと250円","みなとみらい線「みなとみらい」駅徒歩3分"
"160","毛利悠子 Recompose 第60回ヴェネチア・ビエンナーレ日本館","","art","神奈川県・横浜市","横浜美術館","https://yokohama.art.museum/","kanagawa","2026-07-24","2026-11-23","","","","","","","","","","","","","","","","","","","無料","0","","","","","2026-10-07","","公式サイト","https://yokohama.art.museum/exhibition/202607_mohriyuko/","https://yokohama.art.museum/exhibition/202607_mohriyuko/","35.4564","139.6317","","","157台（屋内107・屋外50）、最初90分500円/以降30分ごと250円","みなとみらい線「みなとみらい」駅徒歩3分"
"161","草間彌生《南瓜》インスタレーション展示とインタビュー動画","","art","神奈川県・箱根町","箱根 彫刻の森美術館","https://www.hakone-oam.or.jp/","kanagawa","2026-04-19","2026-11-01","","","","","","","","","","","","","","","","","","","大人2,000円／大学・専門・高校生1,600円／中学・小学生800円","2000","","","","","2026-09-21","","公式サイト","","https://www.hakone-oam.or.jp/","35.2447","139.0514","新たに収蔵された草間彌生《われは南瓜》の展示にあわせ、隣接する丸太広場キトキとカフェにバルーンで制作した南瓜インスタレーションを期間限定で設置。作品完成当時の貴重なインタビュー映像もあわせて公開している。","","一般車3時間まで500円、以降1時間ごと500円","箱根登山鉄道「彫刻の森」駅徒歩2分"
"162","MOMASコレクション","","art","埼玉県・さいたま市","埼玉県立近代美術館","https://pref.spec.ed.jp/momas/","saitama","2026-09-05","2026-11-29","","","","","","","","","","","","","","","","","","","一般200円／大高生100円（中学生以下無料）","200","","","","","2026-10-07","","公式サイト","https://pref.spec.ed.jp/momas/2026momas02","https://pref.spec.ed.jp/momas/2026momas02","35.869598","139.643019","埼玉県立近代美術館の収蔵作品による展覧会。県内にゆかりのある作家や多角的なテーマで構成。","","北浦和公園駐車場有（有料）","北浦和駅（徒歩4分）"
"163","特別展『古秩父湾ー秩父盆地の海獣の海ー』","","art|exp","埼玉県・秩父郡長瀞町","埼玉県立自然の博物館","https://shizen.spec.ed.jp/","saitama","2026-06-27","2026-10-12","","","","","","","","","","","","","","","","","","","一般200円／高校・大学生100円／中学生以下無料","200","","","","","2026-10-07","","公式サイト","https://shizen.spec.ed.jp/kochichibuwan2026","https://shizen.spec.ed.jp/kochichibuwan2026","36.0874899","139.1159825","秩父が海だった古代の化石と地層。天然記念物に指定された地質学的な価値を紹介。サメ化石や海獣化石が展示される。","","有（無料）","野上駅（徒歩20分）"
"164","生誕150年 杉浦非水と『非水百花譜』","","art","埼玉県・川越市","川越市立美術館","https://www.city.kawagoe.saitama.jp/artmuseum/","saitama","2026-10-17","2026-12-13","","","","","","","","","","","","","","","","","","","特別展 一般700円／大学生・高校生350円（中学生以下無料）","700","","","","","2026-10-07","","公式サイト","https://www.city.kawagoe.saitama.jp/artmuseum/tenrankai/1013563/1020854.html","https://www.city.kawagoe.saitama.jp/artmuseum/tenrankai/1013563/index.html","35.9256","139.4909","大正〜昭和の装丁家・画家・デザイナーとして活躍した杉浦非水の生涯。生誕150周年を記念した回顧展。","","来館者用駐車場28台（美術館南側、うち思いやり駐車場2台）","東武東上線・JR埼京線「川越駅」／西武新宿線「本川越駅」からバス"
"165","特別展「文人画家の寄り道－文晁、崋山と同好の士－」","","art","埼玉県・さいたま市","埼玉県立歴史と民俗の博物館","https://saitama-rekimin.spec.ed.jp/","saitama","2026-10-10","2026-11-23","","","","","","","","","","","","","","","","","","","特別展観覧料 一般600円／高校生・学生300円（中学生以下無料）","600","","","","","2026-10-02","","公式サイト","https://saitama-rekimin.spec.ed.jp/tenjiannai/tokubetsukikakuten","https://saitama-rekimin.spec.ed.jp/tenjiannai/tokubetsukikakuten","35.9213","139.6303","江戸時代の文人画家たち。谷文晁や渡辺崋山ら文化人の「寄り道」を通じた人間関係と創作を追求。","","大宮公園との共用駐車場15台（周辺は公園利用者で混雑しやすい）","東武アーバンパークライン（野田線）大宮公園駅 徒歩5分"
"166","美術特集展示「聖なる人びと」","","art","埼玉県・さいたま市","埼玉県立歴史と民俗の博物館","https://saitama-rekimin.spec.ed.jp/","saitama","2026-09-01","2026-10-25","","","","","","","","","","","","","","","","","","","常設展観覧料 一般300円／高校生・学生150円（中学生以下無料）","300","","","","","2026-10-02","","公式サイト","https://saitama-rekimin.spec.ed.jp/tenjiannai/josetsuten","https://saitama-rekimin.spec.ed.jp/tenjiannai/josetsuten","35.9213","139.6303","歴史と民俗の視点から「聖なる人びと」を考察。信仰と人間の関係を美術作品で探る。","会期中に展示替えあり","大宮公園との共用駐車場15台（周辺は公園利用者で混雑しやすい）","東武アーバンパークライン（野田線）大宮公園駅 徒歩5分"
"167","歴史特集展示「川村碩布と俳諧」","","art","埼玉県・さいたま市","埼玉県立歴史と民俗の博物館","https://saitama-rekimin.spec.ed.jp/","saitama","2026-09-15","2026-12-13","","","","","","","","","","","","","","","","","","","常設展観覧料 一般300円／高校生・学生150円（中学生以下無料）","300","","","","","2026-10-02","","公式サイト","https://saitama-rekimin.spec.ed.jp/tenjiannai/josetsuten","https://saitama-rekimin.spec.ed.jp/tenjiannai/josetsuten","35.9213","139.6303","江戸時代の俳人・川村碩布。埼玉地域での俳諧文化の広がりを文献と作品で紹介。","","大宮公園との共用駐車場15台（周辺は公園利用者で混雑しやすい）","東武アーバンパークライン（野田線）大宮公園駅 徒歩5分"
"168","テート美術館 ターナー展--崇高の絵画、現代美術との対話","","art","東京都・台東区","国立西洋美術館","https://www.nmwa.go.jp/","tokyo","2026-10-24","2027-02-21","","","","","","","","","","","","","","","","","","","当日 一般2,400円／大学生1,500円／高校生1,100円（前売 一般2,200円／大学生1,300円／高校生900円）","2400","","","","","2026-10-07","","公式サイト","https://turner2026-27.exhibit.jp/ticket/index.html","https://turner2026-27.exhibit.jp/","35.7156","139.7757","英国ロマン主義の巨匠ターナーの油彩・水彩作品をテート美術館の所蔵品から紹介する特別展。崇高さを追求した表現と現代美術との対話をテーマにした、年をまたぐ約4カ月間の大規模展で会期中は常設展が一部休室する。","11/4〜11/19は大学生・高校生の無料観覧日。65歳以上は10/24〜11/8に当日窓口で一般券400円引き。2027/1/12〜2/21は常設展が閉室","館内専用駐車場なし、周辺の上野パーキングセンター等有料駐車場を利用(美術館利用で割引あり)","JR上野駅公園口から徒歩1分"
"169","少女漫画・インフィニティ 萩尾望都×山岸凉子×大和和紀 三人展","","art|ent","東京都・港区","国立新美術館","https://www.nact.jp/","tokyo","2026-10-28","2027-02-08","","","","","","金・土曜は20:00まで","","","","","","","","","","","","","当日 一般2,200円／大学生1,000円／高校生500円（前売 一般2,000円／大学生800円／高校生300円）","2200","","","","","2026-10-07","","公式サイト","https://www.nact.jp/exhibition_special/2026/shojomanga/","https://shojomanga.jp","35.6653","139.7263","萩尾望都・山岸凉子・大和和紀という少女漫画黄金期を牽引した三人の原画や資料を一堂に集め、それぞれの表現の広がりと少女漫画史における意義を検証する、国立新美術館では初となる合同回顧展。","休館日は火曜（11/3・12/8は開館、11/4・年末年始は休館）。前期10/28〜12/14、後期12/16〜2/8でカラー作品は展示替えあり","館内に駐車場なし(周辺有料駐車場を利用)","東京メトロ千代田線 乃木坂駅（美術館直結）"
"170","THE MASKS 仮面に魅せられた人々","","art","東京都・千代田区","静嘉堂文庫美術館","https://www.seikado.or.jp/","tokyo","2026-11-21","2027-01-17","","","","10:00","17:00","","","","","","","","","","","","","","一般1,500円／大高生1,000円／障がい者手帳をお持ちの方700円","1500","","","","","2026-10-07","","公式サイト","https://www.seikado.or.jp/next_exhibition","https://www.seikado.or.jp/next_exhibition","35.6803","139.7629","加納鉄哉による伎楽面の模作や松浦武四郎旧蔵の木鬼面、新発田藩主・溝口家旧蔵の能面群を通じ、古い仮面に魅かれ、蒐め、模した人々の眼差しを辿る展覧会。前期11/21〜12/20、後期12/22〜1/17。","前期・後期で展示替えあり","",""
"171","蜷川実花展 はじまりの光","","art","埼玉県・川口市","川口市立美術館","","saitama","2026-09-12","2026-11-29","","","9:30","","17:00","月曜休館（祝日の場合は翌日）","","","","","","","","","","","","","観覧料別途","","","","","","2026-09-05","","公式サイト","https://www.city.kawagoe.saitama.jp/artmuseum/","https://www.city.kawagoe.saitama.jp/artmuseum/","35.8010","139.7165","写真家・映画監督の蜷川実花による大規模展覧会。彼女の代表作から最新作までを網羅。色彩豊かな世界観を体験できる。","","美術館駐車場（有料）","川口駅（徒歩15分）"
"172","ムーミンバレーパークのハーベスト2026","","fest","埼玉県・飯能市","メッツァビレッジ","","saitama","2026-09-12","2026-10-25","","","","","","","","","","","","","","","","","","","1デーパス おとな当日4,300円（前売3,900円）／こども(4歳～高校生)前売1,000円","4300","","","","","2026-10-07","","公式サイト","https://metsa-hanno.com/event/","https://metsa-hanno.com/event/","35.8709","139.3292","秋の収穫をテーマにしたフェスティバル。北欧の食文化と秋の風情を体験できる。","","",""
"173","企画展「内間安瑆・俊子展 色を織り、記憶を紡ぐ」","","art","埼玉県・さいたま市","埼玉県立近代美術館","https://pref.spec.ed.jp/momas/","saitama","2026-10-10","2027-01-17","","","","","","","","","","","","","","","","","","","一般1,400円／大高生1,120円（中学生以下無料）","1400","","","","","2026-10-07","","公式サイト","https://pref.spec.ed.jp/momas/2026uchima","https://pref.spec.ed.jp/momas/2026uchima","35.869598","139.643019","織物を通じた家族の物語。色彩と織りの技法で表現される記憶と芸術。","","あり","JR北浦和駅西口 徒歩3分"
"174","秋のこども写生大会","","fam","千葉県・富里市","マザー牧場","https://www.motherfarm.co.jp/","chiba","2026-09-01","2026-11-30","","","","","","","","","","","","","","","","","","","小学生無料（同伴者割引あり）／入場料 大人1,800円・小人900円","1800","","","","","2026-10-07","","マザー牧場公式サイト","https://www.motherfarm.co.jp/","https://www.motherfarm.co.jp/event/","35.2264","139.928","牧場内の風景や動物をテーマにした写生大会。お花や動物たちなどを描いてみるイベント。参加小学生は入場無料で、同伴者も割引あり。","","乗用車1,000円（16時以降は500円）","JR内房線 君津駅（直通バス約35分）"
"175","さつまいも掘り","","exp|fam","千葉県・富津市","マザー牧場","https://www.motherfarm.co.jp/","chiba","2026-09-12","2026-10-31","","","","","","10月下旬まで・作況により変更・雨天中止。土日祝9:00〜先着200組／平日13:00〜14:00","","","","","","","","","","","","","体験料500円＋さつまいも代4株1,000円（別途入場料 大人1,800円／小人900円）","1800","","","","","2026-10-07","","マザー牧場公式サイト","https://www.motherfarm.co.jp/information/news/detail.php?CN=432389","https://www.motherfarm.co.jp/information/news/detail.php?CN=432389","35.2264","139.928","秋の味覚である『さつまいも掘り』の体験プログラム。9月12日がスタート日。","雨天中止。作況により人数制限あり。問合せ0439-37-3211","乗用車1,000円（16時以降は500円）","JR内房線 君津駅（直通バス約35分）"
"176","マザー牧場グランピング THE FARM シーズンイベント","","exp","千葉県・富里市","マザー牧場グランピング THE FARM","","chiba","2026-09-02","2026-12-02","","","","","","","","","","","","","","","","","","","グランピング宿泊者向けの季節企画（宿泊料金に内包／宿泊者はマザー牧場入場料・駐車料無料）。単品のクラフトキット等は500円～","","","","","","2026-10-07","","マザー牧場公式サイト","https://www.motherfarm.co.jp/","https://www.motherfarm.co.jp/","","","季節ごとに変わる楽しさで思い出作り。牧場内のグランピング施設で提供される季節限定のシーズンイベント。","","",""
"177","BREW at the ZOO 2026","","fest|food","千葉県・千葉市緑区","千葉市立動物公園","","chiba","2026-09-19","2026-10-12","","2026-09-19|2026-09-20|2026-09-21|2026-09-22|2026-09-23|2026-10-10|2026-10-11|2026-10-12","","10:00","16:00","雨天決行・売り切れ次第終了","","","","","","","","","","","","","入園料 大人（高校生以上）800円／中学生以下無料（クラフトビール・フード等は別売）","800","","","","","2026-10-07","","千葉市動物公園公式サイト","https://www.city.chiba.jp/zoo/event/2026brewatthezoo.html","https://www.city.chiba.jp/zoo/event/2026brewatthezoo.html","","","クラフトビール愛好家のための祭典。動物公園内で開催される特別なクラフトビール企画。9月19-23日、10月10-12日に実施。","運転手へのアルコール提供不可。公共交通機関で来園を","",""
"178","ちばZOOフェスタ・2026","","fam|art","千葉県・千葉市緑区","千葉市立動物公園","","chiba","2026-11-03","2026-11-08","","2026-11-03|2026-11-07|2026-11-08","","9:30","16:30","11/3は講演・研究発表、11/7・8はステージ・アート展示販売","","","","","","","","","","","","","入園料 大人（高校生以上）800円／中学生以下無料","800","","","","","2026-10-07","","千葉市動物公園公式サイト","https://www.city.chiba.jp/zoo/event/2026chiazoofesta.html","https://www.city.chiba.jp/zoo/event/2026chiazoofesta.html","","","千葉市立動物公園による大規模な秋祭りイベント。11月3日、7日、8日に開催される複数日程の動物園祭り。","","",""
"179","ベルーガ50th Anniversary記念営業","","art","千葉県・鴨川市","鴨川シーワールド","https://www.kamogawa-seaworld.jp/","chiba","2026-09-01","2027-06-30","","","","","","","","","","","","1","","","","","","","入館料 大人（高校生以上）3,300円／小中学生2,000円／幼児（4歳以上）1,300円／65歳以上3,000円","3300","","","","","2026-10-07","","鴨川シーワールド公式サイト","https://www.kamogawa-seaworld.jp/event/event_info/15821/","https://www.kamogawa-seaworld.jp/event/event_info/15821/","35.1122","140.1544","ベルーガ（シロイルカ）の50周年記念を祝う特別営業期間。水族館全体で記念イベントと特別企画を実施。","特別上映「おしゃべりベルーガがやってきた」は9/1〜11/30のA〜Dタイム日のみ（10/1は除外）","普通車1,200円（1日）","JR外房線 安房鴨川駅（無料送迎バス約10分）"
"180","コスモスまつり","","exp","千葉県・船橋市","ふなばしアンデルセン公園","https://www.park-funabashi.or.jp/and/","chiba","2026-10-01","2026-10-31","","","","","","","","","","","","","","","","","","","入園料 一般900円／高校生600円／小中学生200円／幼児（4歳以上）100円","900","","","","","2026-10-07","","ふなばしアンデルセン公園公式サイト","https://www.park-funabashi.or.jp/and/aevents/event_cosmosmaturi.html","https://www.park-funabashi.or.jp/and/aevents/event_cosmosmaturi.html","35.7383","140.0522","公園内の色彩豊かなコスモス花畑を楽しむ秋の祭典。10月1日から31日まで開催される季節の花を主役にした月間イベント。","長雨の影響で開花が遅れており、10/2時点は咲きはじめ","普通車500円（冬期300円）","新京成線 三咲駅（バス約12分）"
"181","MCO118","","art","茨城県・水戸市","水戸芸術館","https://www.arttowermito.or.jp/","ibaraki","2026-10-23","2026-10-24","","","","","","","","","","","","","","","","","","","S席8,000円／A席6,500円／B席5,000円／U-25（25歳以下）2,500円","8000","","","","","2026-09-05","","水戸芸術館公式サイト","https://www.arttowermito.or.jp/","https://www.arttowermito.or.jp/hall/lineup/","36.3804","140.4658","モーツァルトの協奏交響曲を中心とした古典派音楽の演奏会。2日間にわたって開催される質の高い音楽鑑賞の機会。","","市営五軒町駐車場(地下217台・立体283台、30分無料/以降30分ごと100円、1日上限700円)","JR水戸駅北口バスターミナルからバス約10分「泉町1丁目」下車徒歩2分"
"182","内田光子ピアノ・リサイタル","","art","茨城県・水戸市","水戸芸術館","https://www.arttowermito.or.jp/","ibaraki","2026-11-08","2026-11-08","","","","","","","","","","","","","","","","","","","A席13,000円／B席11,000円","13000","","","","","2026-09-05","","水戸芸術館公式サイト","https://www.arttowermito.or.jp/","https://www.arttowermito.or.jp/hall/lineup/","36.3804","140.4658","世界的に活躍するピアニスト・内田光子によるリサイタル。ピアノ音楽の最高峰を体験する特別な夜。","2026年9月5日時点で予定枚数終了。キャンセル待ち対応あり","市営五軒町駐車場(地下217台・立体283台、30分無料/以降30分ごと100円、1日上限700円)","JR水戸駅北口バスターミナルからバス約10分「泉町1丁目」下車徒歩2分"
"183","レ・ヴァン・フランセ（フレンチウインド・アンサンブル）","","art","茨城県・水戸市","水戸芸術館","https://www.arttowermito.or.jp/","ibaraki","2026-11-20","2026-11-20","","","","","","","","","","","","","","","","","","","A席8,000円／B席7,000円／U-25（25歳以下）2,500円","8000","","","","","2026-09-05","","水戸芸術館公式サイト","https://www.arttowermito.or.jp/","https://www.arttowermito.or.jp/hall/lineup/","36.3804","140.4658","フランス木管楽器アンサンブルの華麗なる演奏。フレンチ・クラシックの魅力に満ちた音楽公演。","","市営五軒町駐車場(地下217台・立体283台、30分無料/以降30分ごと100円、1日上限700円)","JR水戸駅北口バスターミナルからバス約10分「泉町1丁目」下車徒歩2分"
"184","名手名歌手34","","art","茨城県・水戸市","水戸芸術館","https://www.arttowermito.or.jp/","ibaraki","2026-11-29","2026-11-29","","","","","","","","","","","","","","","","","","","全席自由1,500円","1500","","","","","2026-09-05","","水戸芸術館公式サイト","https://www.arttowermito.or.jp/","https://www.arttowermito.or.jp/hall/lineup/","36.3804","140.4658","第34回を迎える著名音楽家による共演シリーズ。声楽とその他の楽器による融合的な音楽表現。日本の音楽文化を代表する企画。","","市営五軒町駐車場(地下217台・立体283台、30分無料/以降30分ごと100円、1日上限700円)","JR水戸駅北口バスターミナルからバス約10分「泉町1丁目」下車徒歩2分"
"185","ハロウィンアクアワールド2026","","fest","茨城県・東茨城郡大洗町","アクアワールド茨城県大洗水族館","https://www.aquaworld-oarai.com/","ibaraki","2026-10-01","2026-10-31","","","","","","10月の土曜夜はNIGHT AQUAWORLDがハロウィン版","","","","","","","","","","","","","大人2,300円（入館料）","2300","","","","","2026-10-02","","アクアワールド大洗公式サイト","https://www.aquaworld-oarai.com/2026/08/31/halloweenaqua2026/","https://www.aquaworld-oarai.com/event/","36.3196","140.6083","10月1日から開始されるハロウィンテーマの月間イベント。『ドキドキワクワク！？』というテーマで、水族館内でハロウィン雰囲気を演出。","","一般駐車場(無料・約750台)。混雑期は隣接の臨時駐車場も無料開放","ひたちなか海浜鉄道湊線「那珂湊駅」、鹿島臨海鉄道大洗鹿島線「大洗駅」"
"189","【9月】ショースケジュール2026","","fam","埼玉県","ムーミンバレーパーク","https://metsa-hanno.com/","saitama","2026-09-01","","","","","","","","","","","","","","","","","","","","おとな前売3,900円・当日4,300円（1デーパス）","3900","","","","","2026-09-05","","公式サイト","https://metsa-hanno.com/","","35.8719763","139.3258264","","ショー観覧は入園料に含む","普通車 平日1,000円／日（2時間無料）・土日祝1,500円／日、事前予約不可","JR八高線・西武池袋線 東飯能駅／JR川越線 高麗川駅から無料シャトルバス、飯能駅からバス"
"190","生活応援キャンペーン ～秋～","","fam","埼玉県","ムーミンバレーパーク","https://metsa-hanno.com/","saitama","2026-09-05","","","","","","","","","","","","","","","","","","","","入園料は日程・パスの種類により変動（通常1デーパス目安：おとな3,600円前後、時期により2,600円台の場合もあり）。公式サイト料金案内で要確認","","","","","","2026-09-21","","公式サイト","https://metsa-hanno.com/","","35.8719763","139.3258264","","","普通車 平日1,000円／日（2時間無料）・土日祝1,500円／日、事前予約不可","JR八高線・西武池袋線 東飯能駅／JR川越線 高麗川駅から無料シャトルバス、飯能駅からバス"
"191","タイル作家「maple garden」によるタイルのワークショップ","","fam","埼玉県","ムーミンバレーパーク","https://metsa-hanno.com/","saitama","2026-09-12","","","","","","","","","","","","","","","","","","","","参加費：コースター3,500円〜／カフェトレイ4,900円〜（入園料別途）","3500","","","","","2026-09-05","サイズにより料金が異なる","公式サイト","https://metsa-hanno.com/","","35.8719763","139.3258264","","","普通車 平日1,000円／日（2時間無料）・土日祝1,500円／日、事前予約不可","JR八高線・西武池袋線 東飯能駅／JR川越線 高麗川駅から無料シャトルバス、飯能駅からバス"
"192","KOKEMUS 3F 体感展示エリア「それからどうなるの？」","","fam","埼玉県","ムーミンバレーパーク","https://metsa-hanno.com/","saitama","2026-09-21","","","","","","","","","","","","","","","","","","","","おとな前売3,900円・当日4,300円（1デーパス）","3900","","","","","2026-09-05","","公式サイト","https://metsa-hanno.com/","","35.8719763","139.3258264","","KOKEMUS常設展示は入園料に含む","普通車 平日1,000円／日（2時間無料）・土日祝1,500円／日、事前予約不可","JR八高線・西武池袋線 東飯能駅／JR川越線 高麗川駅から無料シャトルバス、飯能駅からバス"
"193","4F ワークショップルーム","","fam","埼玉県","角川武蔵野ミュージアム","https://kadcul.com/","saitama","2026-09-20","","","","","","","","","","","","","","","","","","","","施設利用料（有料催事利用）：8,000円／1時間（営業時間外は25％増）","","","","","","2026-09-21","","公式サイト","https://kadcul.com/","","35.797689","139.5078666","","","あり","JR武蔵野線「東所沢」駅 徒歩約10分"
"194","講師	中田泉美（草月流師範・認定ワークショップデザイナー ）","","fam","千葉県","千葉市美術館","https://www.ccma-net.jp/","chiba","2026-09-26","","","","","","","","","","","","","","","","","","","","参加費1,700円（画材費込）＋常設展観覧券別途（一般300円）","1700","","","","","2026-09-05","18歳以上対象","公式サイト","https://www.ccma-net.jp/","","35.6086","140.1233","","","あり","JR千葉駅東口（徒歩約15分）／千葉都市モノレール 葭川公園駅（徒歩5分）"
"195","つくりかけラボ21 関連イベント","","fam","千葉県","千葉市美術館","https://www.ccma-net.jp/","chiba","2026-09-26","","","","","","","","","","","","","","","","","","","","無料","0","","","","","2026-09-05","","公式サイト","https://www.ccma-net.jp/","","35.6086","140.1233","","つくりかけラボ21関連ワークショップ。事前申込制","あり","JR千葉駅東口（徒歩約15分）／千葉都市モノレール 葭川公園駅（徒歩5分）"
"196","その他のイベント","","fam","千葉県","千葉県立美術館","https://www.chiba-muse.or.jp/ART/","chiba","2026-09-06","","","","","","","","","","","","","","","","","","","","無料","0","","","","","2026-09-05","","公式サイト","https://www.chiba-muse.or.jp/ART/","","35.6073","140.1064","","重ね捺しスタンプラリー","78台無料（隣接する千葉ポートパーク駐車場も利用可）","JR京葉線・千葉都市モノレール 千葉みなと駅（徒歩約10分）"
"197","ワークショップ","","fam","千葉県","千葉県立美術館","https://www.chiba-muse.or.jp/ART/","chiba","2026-09-06","","","","","","","","","","","","","","","","","","","","","","","","","","","","公式サイト","https://www.chiba-muse.or.jp/ART/","","35.6073","140.1064","","","78台無料（隣接する千葉ポートパーク駐車場も利用可）","JR京葉線・千葉都市モノレール 千葉みなと駅（徒歩約10分）"
"198","「ひらく、めくる、めぐるー印刷博物館の美しい印刷」常設ワークショップ","","fam","千葉県","千葉県立美術館","https://www.chiba-muse.or.jp/ART/","chiba","2026-09-06","","","","","","","","","","","","","","","","","","","","無料","0","","","","","2026-09-05","","公式サイト","https://www.chiba-muse.or.jp/ART/","","35.6073","140.1064","","常設ワークショップ","78台無料（隣接する千葉ポートパーク駐車場も利用可）","JR京葉線・千葉都市モノレール 千葉みなと駅（徒歩約10分）"
"199","ワークショップ","","fam","千葉県","千葉県立美術館","https://www.chiba-muse.or.jp/ART/","chiba","2026-08-30","","","","","","","","","","","","","","","","","","","","500円","500","","","","","2026-09-05","","公式サイト","https://www.chiba-muse.or.jp/ART/","","35.6073","140.1064","","事前申込制・抽選（受付は終了済み）","78台無料（隣接する千葉ポートパーク駐車場も利用可）","JR京葉線・千葉都市モノレール 千葉みなと駅（徒歩約10分）"
"200","ZOZOのワークショップ 古着でバッグをつくろう！","","fam","千葉県","千葉県立美術館","https://www.chiba-muse.or.jp/ART/","chiba","2026-08-30","","","","","","","","","","","","","","","","","","","","無料","0","","","","","2026-09-05","","公式サイト","https://www.chiba-muse.or.jp/ART/","","35.6073","140.1064","","古着のTシャツを持参","78台無料（隣接する千葉ポートパーク駐車場も利用可）","JR京葉線・千葉都市モノレール 千葉みなと駅（徒歩約10分）"
"201","体験と学びスケジュール / Experience and learning","","fam","千葉県","千葉県立美術館","https://www.chiba-muse.or.jp/ART/","chiba","2026-08-30","","","","","","","","","","","","","","","","","","","","","","","","","","","","公式サイト","https://www.chiba-muse.or.jp/ART/","","35.6073","140.1064","","","78台無料（隣接する千葉ポートパーク駐車場も利用可）","JR京葉線・千葉都市モノレール 千葉みなと駅（徒歩約10分）"
"202","展示・イベント","","fam","千葉県","国立歴史民俗博物館","https://www.rekihaku.ac.jp/","chiba","2026-08-30","","","","","","","","","","","","","","","","","","","","一般900円（高校生以下無料）","900","","","","","2026-09-05","","公式サイト","https://www.rekihaku.ac.jp/","","35.7186","140.2258","","","あり","JR総武本線 佐倉駅／京成本線 京成佐倉駅（バス約15分・徒歩約15分）"
"203","ミュージアム・コンサート","","fam","千葉県","佐倉市立美術館","https://www.city.sakura.lg.jp/section/museum/","chiba","2026-09-20","","","","","","","","","","","","","","","","","","","","無料","0","","","","","2026-09-05","","公式サイト","https://www.city.sakura.lg.jp/section/museum/","","35.7217","140.2261","","申込不要","夢咲くら館駐車場（3時間まで無料）","京成本線 京成佐倉駅（徒歩8分）"
"204","再オープン記念 令和8年度第1期所蔵品展 特集：丸山純子 呼吸する庭","","art","神奈川県・横須賀市","横須賀美術館","https://yokosuka-moa.jp/","kanagawa","2026-09-05","2027-01-17","","","","","","","","","","","","","","","","","","","一般450円／高校生・大学生・65歳以上350円／中学生以下無料","450","","","","","2026-09-05","","横須賀美術館公式サイト","https://yokosuka-moa.jp/","https://yokosuka-moa.jp/","35.2884","139.6807","改修工事を経た横須賀美術館の再オープンを記念する所蔵品展の特集として、庭や植物をモチーフにした現代美術作家・丸山純子の作品を紹介。9月13日と10月31日には作家本人を招いたワークショップも予定している。","前回確認済み、美術館9/5再オープンに合わせて開催","普通車120台、320円（1時間）以降30分160円（1日上限1,600円）","京急線「馬堀海岸」駅からバス約10分徒歩2分"
"205","こども応援キャンペーン","","","","ムーミンバレーパーク","https://metsa-hanno.com/","saitama","2026-09-05","2026-10-31","","","","","","","","","","","2026-08-29","False","","","","","","","割引あり","","","","","","","","","https://metsa-hanno.com/","","35.8719763","139.3258264","子ども向け料金割引キャンペーン。秋の行楽シーズンに向けて、家族連れを対象とした特別企画。9月5-6日および継続開催。","9月21日は敬老の日で65歳以上無料","あり","JR八高線・西武池袋線 東飯能駅／JR川越線 高麗川駅から無料シャトルバス、飯能駅からバス"
"206","秋のいちじく狩り2026","アキノイチジクガリ2026","","","マザー牧場","https://www.motherfarm.co.jp/","chiba","2026-09-01","2026-10-15","","","","","","","","","","","2026-08-29","False","","","","","","","別途料金","","","","","","","","","https://www.motherfarm.co.jp/","","35.2264","139.928","秋の行楽シーズンを迎えて、農園での果実狩り体験。甘いいちじくを自分で収穫する体験。イースト農園で9:00～受付。先着順・予約不可。","実がなくなり次第終了。雨天時は中止の場合あり","あり","JR内房線 君津駅（直通バス約35分）"
"207","ブルーベリー摘み","ブルーベリーツミ","","","マザー牧場","https://www.motherfarm.co.jp/","chiba","2026-09-01","2026-10-15","","","","","","","","","","","2026-08-29","False","","","","","","","別途料金","","","","","","","","","https://www.motherfarm.co.jp/","","35.2264","139.928","牧場の農園でブルーベリーの摘み取り体験。新鮮な小粒の果実を自分で収穫できる。9:00～受付。先着順・予約不可。","雨天時は中止の場合あり","あり","JR内房線 君津駅（直通バス約35分）"
"208","アンゴン（クラゲ）スペシャル展示","アンゴンスペシャルテンジ","","","鴨川シーワールド","https://www.kamogawa-seaworld.jp/","chiba","2026-08-29","","","","","","","","","","","","2026-08-29","False","","","","","","","入園料に含む","","","","","","","","","https://www.kamogawa-seaworld.jp/","","35.1122","140.1544","クラゲ生命（Kurage Life）施設での夏の危険なクラゲ種の特別展示。海の生き物の多様性や生態を学べる常設・期間限定展示。","期間限定の季節展示","あり","JR外房線 安房鴨川駅（無料送迎バス約10分）"
"209","初めてのベルーガ プレミアムプラン","ハジメテノベルーガプレミアムプラン","","","鴨川シーワールド","https://www.kamogawa-seaworld.jp/","chiba","2026-09-01","","","","","","","","","","","","2026-08-29","False","","","","","","","別途料金","","","","","","","","","https://www.kamogawa-seaworld.jp/","","35.1122","140.1544","若いベルーガクジラとの特別な出会いプログラム。白クジラの近くで観察・撮影できる貴重な体験。数量限定の特別企画。","要事前予約。数量限定","あり","JR外房線 安房鴨川駅（無料送迎バス約10分）"
"210","企画展示『アイヌ民族と博覧会―150年の経験―』","","","","国立歴史民俗博物館","https://www.rekihaku.ac.jp/","chiba","2026-10-06","2026-11-29","","","","","","","","","","","2026-08-29","False","","","","","","","入館料","","","","","","","","","https://www.rekihaku.ac.jp/","","35.7186","140.2258","アイヌ民族と日本の博覧会の150年の歴史と経験について展示する企画展。先住民文化と現代社会の関わりを紹介。","2ヶ月間の長期展示","あり","JR総武本線 佐倉駅／京成本線 京成佐倉駅（バス約15分・徒歩約15分）"
"211","ホフェッシュ・シェクター・カンパニー『Theatre of Dreams』","","ent","埼玉県・さいたま市中央区","埼玉県芸術劇場","http://www.saf.or.jp/arthall/","saitama","2026-10-23","2026-10-25","","","","","","","","","","","","","","","","","","","S席8,000円／A席5,000円","8000","","","","","2026-09-05","","彩の国さいたま芸術劇場公式サイト","http://www.saf.or.jp/arthall/","http://www.saf.or.jp/arthall/","35.8771","139.6219","俳優の上田竜也が公演アンバサダーを務める現代舞踊カンパニーの日本公演。「ダンス・リダイレクション2026」の一環として、彩の国さいたま芸術劇場の大ホールで3日間にわたり上演される。","U-25：S席5,000円／A席2,500円、SAFメンバーズ：S席7,500円／A席4,500円","","JR埼京線 与野本町駅（西口）徒歩7分"
"212","吉田鋼太郎 演出・上演台本『間違いの喜劇』","","ent","埼玉県・さいたま市中央区","埼玉県芸術劇場","http://www.saf.or.jp/arthall/","saitama","2026-11-22","2026-12-02","","","","","","","","","","","2026-07-01","","","","","","","","一般：S席7,000円／A席5,000円／B席3,000円（SAFメンバーズ：S席6,500円／A席4,600円／B席2,800円）","3000","","","","","2026-09-21","","彩の国さいたま芸術劇場公式サイト","http://www.saf.or.jp/arthall/stages/detail/108261","http://www.saf.or.jp/arthall/stages/detail/108261","35.8771","139.6219","シェイクスピア初期の傑作喜劇を吉田鋼太郎が演出・上演台本を手がける特別企画。埼玉県内高校生の無料鑑賞事業と一般公演をあわせて実施し、一般発売は9月5日、メンバーズ発売は8月29日から。","","","JR埼京線 与野本町駅（西口）徒歩7分"
"213","秋のレインボー花畑","","exp","千葉県・袖ケ浦市","東京ドイツ村","https://t-doitsumura.co.jp/","chiba","2026-10-15","2026-11-15","2026年10月中旬〜11月中旬ごろ（予告・開花状況による）","","","","","","","","","","","","","","","","","","入園料 大人1,000円／小人（4歳〜小学生）500円（〜10/30）、10/31以降は大人1,500円／小人800円","1000","","","","","2026-10-07","","東京ドイツ村公式サイト","https://t-doitsumura.co.jp/","https://t-doitsumura.co.jp/","35.3822","140.0403","マリーゴールドやコスモスなど色とりどりの花が園内を彩る秋恒例の花畑企画。歩くたびに景色が変わるグラデーションの花畑が写真映えすると人気で、気候状況により見頃時期が前後することもある期間限定の秋の催し。","開花状況は公式SNSで確認。駐車料金は乗用車1,000円/台（〜10/30）","通常期間1000円","JR内房線 袖ケ浦駅（バス、夏季は臨時直行便あり）"
"214","大チーバくん展―さかざきちはるとチーバくんの20年","","art|fam","千葉県・千葉市中央区","千葉県立美術館","https://www.chiba-muse.or.jp/ART/","chiba","2026-10-31","2027-01-17","","","9:00","","16:30","月曜休館（11/23・1/11は開館、11/24・12/28〜1/4・1/12は休館）、入場は16:00まで","","","","","","","","","","","","","一般1,000円（団体800円）／高大生500円（団体400円）／中学生以下・65歳以上・障害者手帳所持者と介護者1名は無料","1000","","","","","2026-10-02","","千葉県立美術館公式サイト","https://www.chiba-muse.or.jp/ART/exhibition/events/event-10036/","https://www.chiba-muse.or.jp/ART/exhibition/events/event-10036/","35.6073","140.1064","千葉県公式キャラクター「チーバくん」誕生20年を記念した展覧会。作者さかざきちはるによる描き下ろしの二曲一双屏風絵『招きチーバくん』など、新作アート作品も本展で初めてお披露目される特別な内容。","","敷地内78台（無料）、隣接千葉ポートパーク駐車場も無料","JR京葉線・千葉都市モノレール「千葉みなと」駅徒歩約10分"
"215","菊花大会","","fest","千葉県・成田市","成田山新勝寺","https://www.naritasan.or.jp/","chiba","2026-10-01","2026-11-30","","","","","","大本堂周辺に約1ヶ月間展示、見頃は11月初旬ごろ。","","","","","","","","","","","","","無料","","","","","","","","公式サイト","https://www.naritasan.or.jp/monthly/gyoji_year/","https://www.naritasan.or.jp/monthly/gyoji_year/","35.7860","140.3183","成田山菊花会が奉納した盆栽や鉢物など多種多様な菊花を、大本堂周辺に約1ヶ月間展示する秋恒例の行事「菊花大会」。見頃は11月初旬ごろで、境内は誰でも自由に参拝しながら観覧できる長年親しまれた行事。","","弘恵会駐車場など周辺有料駐車場（徒歩3分）","JR成田線 成田駅／京成本線 京成成田駅（徒歩10分）"
"216","海・花 そとあそび 2026","","exp|food","茨城県・ひたちなか市","国営ひたち海浜公園","https://www.hitachikaihin.jp/","ibaraki","2026-11-07","2026-11-08","","","","10:00","15:30","","","","","","","","","","","","","","入園料 大人450円(別途)","450","","","","","2026-08-23","","公式サイト","https://www.hitachikaihin.jp/event/recommend-event/kaihanasotoasobi-2026.html","https://www.hitachikaihin.jp/","36.3987","140.5994","大草原・バーベキュー広場を舞台に「食」と「体験」をテーマに開く2日間の特別企画。地元特産品や秋の味覚を扱う飲食ブースと様々なアクティビティ・ワークショップが並び、家族連れで1日中「そと」遊びを満喫できる内容になっている。","雨天中止","西駐車場(2,000台)・南駐車場(2,000台)・海浜口駐車場(350台)。普通車1日600円","JR常磐線「勝田駅」からバス15〜30分、ひたちなか海浜鉄道「阿字ヶ浦駅」から徒歩20分/バス10分"
"217","もみじ谷ライトアップ","","exp","茨城県・水戸市","偕楽園","https://ibaraki-kairakuen.jp/","ibaraki","2026-11-01","2026-11-15","","","","","","拡張部「もみじ谷」で例年11月上旬〜中旬が見頃。ライトアップは期間中の日没〜21時まで実施(詳細日程は公式サイトで随時更新)。","","","","","","","","","","","","","無料(拡張部は常時開放)","","","","","","","","公式サイト","https://ibaraki-kairakuen.jp/schedule/","https://ibaraki-kairakuen.jp/","36.3731","140.4495","偕楽園の拡張部にある紅葉の名所「もみじ谷」で、約170本のカエデやモミジが鮮やかに色づく。見頃期間中は日没から21時までライトアップされ、昼間とは違う幻想的な夜の渓谷散策が無料で楽しめる秋の名物企画になっている。","","偕楽園下駐車場(140台)ほか常磐神社駐車場・桜山駐車場など周辺に無料駐車場あり","JR水戸駅/常磐線"
"218","奥久慈大子りんご祭り","","food|fest","茨城県・大子町","袋田の滝","https://www.daigo-kanko.jp/","ibaraki","2026-10-01","2026-10-31","","","","","","具体的な開催日は公式サイトで例年10月として案内されており、詳細日程は随時更新される。","","","","","","","","","","","","","無料","","","","","","","","公式サイト","https://www.daigo-kanko.jp/events.html","https://www.daigo-kanko.jp/","36.7644","140.4067","大子町の特産品「奥久慈りんご」にちなんだ秋の恒例祭り。りんごの早食い大会や皮むき大会、複数品種を食べ比べる試食コーナー、重さ当てクイズやじゃんけん大会など、りんごづくしの催しを通じて産地ならではの味覚を楽しめる。","","",""
"219","奥久慈大子まつり","","food|fest","茨城県・大子町","袋田の滝","https://www.daigo-kanko.jp/","ibaraki","2026-10-01","2026-10-31","","","","","","具体的な開催日は公式サイトで例年10月として案内されており、詳細日程は随時更新される。","","","","","","","","","","","","","無料","","","","","","","","公式サイト","https://www.daigo-kanko.jp/events.html","https://www.daigo-kanko.jp/","36.7644","140.4067","「奥久慈大子の味力(魅力)の発信」をテーマに、食・音楽・クラフトなど多彩なジャンルの催しを一堂に集めたイベント。地元グルメの販売やうまいものグランプリ、ステージイベントなどが行われる大子町最大級の秋祭り。","","",""
"220","竜神大吊橋の秋～紅葉と新そば","","exp|food","茨城県・常陸太田市","竜神大吊橋","https://ohtsuribashi.ryujinkyo.jp/","ibaraki","2026-09-15","2026-11-15","","","8:30","","","紅葉と常陸秋そばの新そばシーズンにあわせた秋の案内。新そば店食べ歩きスタンプラリーや秋の物産市も開催予定(詳細日程は随時更新)。11月13日の茨城県民の日は渡橋料無料。／開館時間: 8:30-17:00(土曜はライトアップ営業20:00まで)","","","","","","","","","","","","","渡橋料 大人320円","320","","","","","2026-08-23","","公式サイト","https://ohtsuribashi.ryujinkyo.jp/event.html","https://ohtsuribashi.ryujinkyo.jp/","36.6840","140.4657","全長375mの歩行者専用吊橋から、赤や黄に染まる竜神峡の渓谷を一望できる秋の名物企画。周辺ハイキングコースの紅葉狩りに加え、日本一とも称される特産「常陸秋そば」の新そば食べ歩きスタンプラリーも同時に楽しめる。","","第1・第2・第3駐車場(無料、計265台)","JR水郡線「常陸太田駅」から茨城交通バス(要事前予約)約40分"
"221","家族でわくわくミュージアムVol.2","","art|fam","茨城県・水戸市","茨城県近代美術館","https://www.modernart.museum.ibk.ed.jp/","ibaraki","2026-09-18","2026-11-21","","2026-09-18|2026-11-21","","","","9月18日10:30〜は乳児(1〜2歳)と保護者向け、11月21日14:00〜は小学生と保護者向け(先着制、要事前申込)。9月6日開催回は定員に達し募集終了。","","","","","","","","","","","","","所蔵作品展観覧券が必要(一般360円)","360","","","","","2026-08-23","11月21日は高校生以下・満70歳以上無料","公式サイト","https://www.modernart.museum.ibk.ed.jp/viewer/info.html?id=591","https://www.modernart.museum.ibk.ed.jp/","36.3628","140.4595","小さな子ども連れでも美術館を楽しめるよう企画されたファミリー向け鑑賞プログラム。展示室での対話型鑑賞とミニワークショップを組み合わせ、乳児・幼児・小学生と対象年齢別に先着順で開催される人気の年間シリーズ企画。","","ザ・ヒロサワ・シティ会館前駐車場(美術館利用者は駐車サービス券提示で無料)、満車時は千波湖南側臨時駐車場(無料)","JR水戸駅南口からバス「文化センター入口」下車徒歩5分、南口から徒歩約20分"
"222","竹村 京 うごくせかい","","art","茨城県・水戸市","水戸芸術館","https://www.arttowermito.or.jp/","ibaraki","2026-07-25","2026-10-12","","","10:00","","","10:00-18:00（入場は17:30まで）","","","","","","","","","","","","","一般900円","900","","","","","2026-10-02","高校生以下・満70歳以上は無料","公式サイト","https://www.arttowermito.or.jp/gallery/lineup/article_5428.html","https://www.arttowermito.or.jp/gallery/lineup/article_5428.html","36.3804","140.4658","「修復」をテーマに、壊れた物や失われていく場所を布で縫い留めてきた竹村京にとって過去最大規模の個展。2000年代の代表作から「天災」と「修復」を主題にした新作インスタレーションまでを幅広く展観する内容。","","市営五軒町駐車場(地下217台・立体283台、30分無料/以降30分ごと100円、1日上限700円)","JR水戸駅北口バスターミナルからバス約10分「泉町1丁目」下車徒歩2分"
"223","日本列島誕生のひみつ-石から発見!大地の成り立ち-","","exp","茨城県・坂東市","茨城県自然博物館","https://www.nat.museum.ibk.ed.jp/","ibaraki","2026-10-24","2027-02-07","","","9:30","","","開館時間9:30-17:00（入館は16:30まで）","","","","","","","","","","","","","一般850円（入館料）","850","","","","","2026-10-02","","公式サイト","https://www.nat.museum.ibk.ed.jp/exhibits/special/next.html","https://www.nat.museum.ibk.ed.jp/","36.0453","139.9548","第96回企画展。岩石や地層に刻まれた記録から日本列島がどのように誕生し、現在の姿へと形づくられてきたかを読み解く展示で、地質学的な視点から大地の成り立ちを長期休みをまたいでじっくりたどれる企画になっている。","","無料駐車場(乗用車1,000台、バス24台)","つくばエクスプレス「守谷駅」から関東鉄道バス約30分「自然博物館入口」下車徒歩約10分"
"224","特別展「第四紀－過去・現在・未来をつなぐ地質時代－」","","exp","茨城県・つくば市","地質標本館","https://www.gsj.jp/Muse/","ibaraki","2026-06-30","2026-10-25","","","","9:30","16:30","","","","","","","","","","","","","","無料","","","","","","2026-10-02","","公式サイト","https://www.gsj.jp/Muse/","https://www.gsj.jp/Muse/","36.0648","140.1275","約260万年前から現在まで続く地質時代「第四紀」に起きた気候変動や地震、火山噴火といった自然現象を紹介する特別展。人類の歴史との関わりを通じ、今後起こり得る地球環境の変化を考える手がかりを提示する内容。","月曜休館（祝日の月曜は開館、翌平日休館）","見学者用駐車場あり(入構時に守衛所で通行証を受取)","つくばエクスプレス「つくば駅」から関東鉄道バス「並木二丁目」下車徒歩5分"
"225","地質標本館 一点解説","","exp","茨城県・つくば市","地質標本館","https://www.gsj.jp/Muse/","ibaraki","2026-10-10","2026-10-10","","","","","","台風で延期となった6/27分の振替実施","","","","","","","","","","","","","無料","","","","","","2026-10-02","","公式サイト","https://www.gsj.jp/Muse/","https://www.gsj.jp/Muse/","36.0648","140.1275","今年度入所の新人研究者が、自身の専門分野に関係する館内展示物を1点選んでピンポイントで解説する約30分間のミニレクチャー。GSJアウトリーチ研修の一環として実施され、研究者ならではの視点から標本の見どころを知れる。","","見学者用駐車場あり(入構時に守衛所で通行証を受取)","つくばエクスプレス「つくば駅」から関東鉄道バス「並木二丁目」下車徒歩5分"
"226","笠間の菊まつり","","fest","茨城県・笠間市","笠間稲荷神社","http://www.kasama.or.jp/","ibaraki","2026-10-24","2026-11-23","","","","","","第119回。10月24日午前8時に菊祭開催奉告祭、同9時30分に菊祭開場式を斎行。11月23日が千秋楽。","","","","","","","","","","","","","無料","","","","","","","","公式サイト","http://www.kasama.or.jp/event/kiku.html","http://www.kasama.or.jp/","36.3815","140.2916","明治41年創始、日本最古とされる菊の祭典で今年で第119回。境内各所に立ち菊や懸崖菊、千輪咲き、盆栽菊など約8千鉢の菊花が並び、茨城の秋を代表する催事として市民参加のもと一大イベントに発展拡大している人気の恒例行事。","期間中の土日祝は地蔵前駐車場が有料になる","境内駐車場(無料25台、大型車不可)、地蔵前駐車場(90台、大型車可、繁忙期は有料)","JR水戸線「笠間駅」から徒歩約20分またはタクシー約5分"
"227","神事流鏑馬","","fest","茨城県・笠間市","笠間稲荷神社","http://www.kasama.or.jp/","ibaraki","2026-11-03","2026-11-03","","","","10:00","","午前10時・午後2時の2回。笠間小学校前特設馬場(全長260m)にて実施","","","","","","","","","","","","","無料","","","","","","","","公式サイト","http://www.kasama.or.jp/event/index.html","http://www.kasama.or.jp/","36.3815","140.2916","鶴岡八幡宮・日光東照宮と並ぶ日本三大流鏑馬の一つに数えられ、今年で75回目を迎える。鎌倉時代の装束をまとう小笠原流一門の射手が馬を走らせながら3つの的に鏑矢を射て、来年の農作物の豊凶を占う伝統神事である。","11月2日・3日は周辺道路で交通規制あり","境内駐車場(無料25台、大型車不可)、地蔵前駐車場(90台、大型車可、繁忙期は有料)","JR水戸線「笠間駅」から徒歩約20分またはタクシー約5分"
"228","第95回土浦全国花火競技大会","","fest","茨城県・土浦市","桜川畔（学園大橋付近）","","ibaraki","2026-11-07","2026-11-07","","","","17:30","","","2026-11-14","","","","","","","","","","","","有料観覧席あり（一般エリアは無料、詳細は公式サイト参照）","","","","","","","","公式サイト","https://www.tsuchiura-hanabi.jp/","https://www.tsuchiura-hanabi.jp/","","","日本三大花火大会の一つに数えられる、全国の花火師が技を競う競技大会。桜川畔の会場周辺は住宅街のため、ドローンやヘリコプターでの空撮は禁止されている。荒天の場合は1週間後の11月14日に順延。","荒天の場合は11月14日(土)に延期","",""
"229","燃えよ！商工会青年部！！第23回 こうのす花火大会","","fest","埼玉県・鴻巣市","糠田運動場・荒川河川敷","","saitama","2026-10-10","2026-10-10","","","","17:30","","","","","","","","","","","","","","","有料（協賛席・有料観覧席が中心、一部無料観覧場所あり）","","","","","","2026-09-30","","公式サイト","https://kounosuhanabi.com/about/gaiyo.html","https://kounosuhanabi.com","","","川幅日本一の荒川河川敷を舞台に、鴻巣市商工会青年部が全て手作りで開く花火大会。四尺玉を含む約2万発を打ち上げ、開会前には航空自衛隊ブルーインパルスの展示飛行も予定されている。観覧は有料席が中心で一部無料エリアもある。","荒天中止。例年60万人規模の混雑があり、来場は14時までを呼びかけ","",""
"230","映画「超かぐや姫！」×東京ドームシティ コラボイベント","","ent","東京都・文京区","東京ドームシティ アトラクションズ","https://at-raku.com/","tokyo","2026-11-27","2027-01-03","","","","","","","","","","","","","","","","","","","","","","","","","","","公式サイト","https://www.at-raku.com/event/cpk_mwl/","https://www.at-raku.com/event/cpk_mwl/","35.7056","139.7519","映画「超かぐや姫！」と東京ドームシティ アトラクションズを中心としたコラボイベント。内容は公式サイトで「Coming soon」として告知されているのみで、詳細は後日発表予定。","詳細未発表（コラボ内容・料金とも公式が続報を予告）","","JR水道橋駅西口/都営三田線水道橋駅A2出口/東京メトロ丸ノ内線・南北線後楽園駅2番出口/都営大江戸線春日駅6番出口"
"231","グッジョバ‼「CAR factory」リニューアルオープン！ 新作VRコンテンツ2種類登場","","fam","東京都・稲城市","よみうりランド","https://www.yomiuriland.com/","tokyo","2026-10-29","","","","","","","","","","","","","","","","","","","","入園料1,800円（オンライン1,600円）で入園可。アトラクション利用は別途料金","1800","","","","","2026-10-02","","公式サイト","https://www.yomiuriland.com/event/car_renewal/","https://www.yomiuriland.com/","35.6367","139.5133","グッジョバ!!エリアの「CARfactory」がリニューアルオープンし、カスタムガレージに新作VRコンテンツを2種類追加。車づくり体験ゾーンの内容が拡充される。","","A-1・A-2・C-1・C-2駐車場 平日1,500円・土日祝/特定日2,000円〜(B・D・Eは30分400円)","京王線「京王よみうりランド駅」からゴンドラ「スカイシャトル」/小田急線「読売ランド前駅」からバス"
"232","ハナウィンショー（花やしき一座）","はなういんしょー","ent","東京都・台東区","浅草花やしき","https://www.hanayashiki.net/","tokyo","2026-09-01","2026-10-31","","","","","","","","","","","","","","","","","","","入園料でご覧いただけます（入園料 大人1,600円／小人800円、アトラクション料金別途。ワンデーパス大人4,600円／小人3,400円）","1600","","","","","2026-10-02","","公式サイト","https://www.hanayashiki.net/stage/","https://www.hanayashiki.net/stage/","35.7141","139.7942","花やしき一座による秋季ステージショー。仮装参加も歓迎のハロウィンテーマのダンス＆ジャグリングショー「ハナウィンショー」を1日2回上演し、平日15時の回ではモンスターとのじゃんけん大会も開催。入園料のみで観覧できる。","天候等で内容変更・中止の場合あり","",""
"233","【全館】撮影OK！プラネタリウムでHALLOWEEN NIGHT「ハロウィンウェルカムドーム」","はろうぃんうぇるかむどーむ","ent","東京都・豊島区","コニカミノルタプラネタリウム満天","https://planetarium.konicaminolta.jp/manten/","tokyo","2026-09-17","2026-10-31","","","","","","","","","","s-planetarium-halloween2026","","","","","","","","","対象作品のチケット料金に含まれます（一般シート オンライン購入 大人1,600円／こども1,000円）","1600","","","","","2026-10-07","","公式サイト","https://planetarium.konicaminolta.jp/event/halloween/?hall=manten","https://planetarium.konicaminolta.jp/event/halloween/?hall=manten","35.7295","139.7192","プラネタリウム本編上映前の幕間に流れる撮影可能な季節限定映像『ハロウィンウェルカムドーム』。ふわふわ浮かぶランタンやキャンドルなど幻想的な光の演出で“秘密の森のハロウィンパーティー”を再現。対象作品のチケットで鑑賞可能。","上映されない作品もあるため対象作品は公式サイトで要確認","",""
"234","【全館】撮影OK！プラネタリウムでHALLOWEEN NIGHT「ハロウィンウェルカムドーム」","はろうぃんうぇるかむどーむ","ent","東京都・千代田区","プラネタリアTOKYO","https://planetarium.konicaminolta.jp/planetariatokyo/","tokyo","2026-09-17","2026-10-31","","","","","","","","","","s-planetarium-halloween2026","","","","","","","","","対象作品のチケット料金に含まれます（一般シート オンライン購入 大人1,600円／こども1,000円）","1600","","","","","2026-10-07","","公式サイト","https://planetarium.konicaminolta.jp/event/halloween/?hall=manten","https://planetarium.konicaminolta.jp/event/halloween/?hall=manten","35.6750","139.7631","プラネタリウム本編上映前の幕間に流れる撮影可能な季節限定映像『ハロウィンウェルカムドーム』。ふわふわ浮かぶランタンやキャンドルなど幻想的な光の演出で“秘密の森のハロウィンパーティー”を再現。対象作品のチケットで鑑賞可能。","上映されない作品もあるため対象作品は公式サイトで要確認","",""
"235","水木しげるの戦争体験「水木サンのみた暗闇 ―ぬりかべに遭った夜―」","みずきさんのみたくらやみ ぬりかべにあったよる","ent","東京都・西東京市","多摩六都科学館","https://www.tamarokuto.or.jp/","tokyo","2026-11-15","2026-11-28","","2026-11-15|2026-11-28","17:00","17:20","18:20","","","","","","","","","","","","","","2,200円（税込）","2200","","","","","2026-10-07","","teket","https://teket.jp/13401/70564","https://www.tamarokuto.or.jp/","35.7370","139.5386","水木しげるが記した戦地ニューブリテン島での戦争体験を、声優・古川登志夫の語りとプラネタリウムの暗闇・6chサラウンド音響で追体験するオリジナル作品。約60分。推奨は小学4年生以上で、3歳以下は入場不可。","","",""
"236","Space Travelium TeNQ 特別企画「体験型謎解き 宇宙トラベルツアー」","うちゅうとらべるつあー","ent","東京都・文京区","TeNQ 宇宙ミュージアム","https://www.tokyo-dome.co.jp/tenq/","tokyo","2026-10-22","2027-02-07","","","","","","","","","","","","","","","","","","","施設の入館料に含む（一般 平日2,500円／土日祝・特定日3,000円、中高生1,800円、小学生1,300円）","2500","","","","","2026-10-07","","公式サイト","https://www.tokyo-dome.co.jp/tenq/event/exhibition-stt-8.html","https://www.tokyo-dome.co.jp/tenq/event/exhibition-stt-8.html","35.7056","139.7519","宇宙旅行会社ステラの弾丸ツアーという設定で、館内の3つの「惑星」エリアを探索し謎を解く体験型企画。難易度別の3コースと、全クリア者だけが挑める隠し謎もあり。TeNQ CAFE 138では謎解き付きドリンクも販売予定。","","","JR「水道橋駅」西口、都営三田線「水道橋駅」A2出口、丸ノ内線・南北線「後楽園駅」2番出口すぐ（東京ドームシティ内）"
"237","リアル脱出ゲーム×名探偵コナン『疾風の追走からの脱出』（追加公演）","","ent","東京都・新宿区","東京ミステリーサーカス","https://mysterycircus.jp/","tokyo","2026-10-27","2026-12-20","","","","","","","","","","","","1","","","","","","","1人3,400円〜（グループチケット。一般3,700円〜、for kids 2,700円〜）","3700","","","","","2026-10-07","","公式サイト","https://realdgame.jp/s/conan2026/","https://realdgame.jp/s/conan2026/","35.6953","139.7025","累計10万人動員を突破した「疾風の追走からの脱出」の好評につき決定した追加公演。劇場版「名探偵コナン ハイウェイの堕天使」後日譚のオリジナルストーリーを、10/25終了の初回に続き東京ミステリーサーカスで再演する。","チケット販売は2026年9月19日12:00開始","駐車場なし","JR「新宿駅」東口徒歩7分、西武新宿線「西武新宿駅」徒歩2分"
"238","リアル脱出ゲーム×『逃げ上手の若君』『鬼々迫る戦場からの脱出』","","ent|exp","東京都・新宿区","東京ミステリーサーカス","https://mysterycircus.jp/","tokyo","2026-09-03","2026-11-08","","","","","","","","","","","","","","","","","","","1人3,800円〜","3800","","","","","2026-10-07","","公式サイト","https://realdgame.jp/s/nigewaka/","https://realdgame.jp/s/nigewaka/","35.6953","139.7025","TVアニメ「逃げ上手の若君」とのコラボ脱出ゲーム。時行たち逃若党とともに刻一刻と変わる戦況を読み解き、迫り来る敵軍から命懸けで逃げ延びる“戦場の鬼ごっこ”を体験。最大4人チーム、所要約120分。","","駐車場なし","JR「新宿駅」東口徒歩7分、西武新宿線「西武新宿駅」徒歩2分"
"239","リアル脱出ゲーム×名探偵コナン『100万ドルの絡繰館からの脱出』","","ent|exp","東京都・新宿区","東京ミステリーサーカス","https://mysterycircus.jp/","tokyo","2026-09-10","2026-10-25","","","","","","","","","","","","","","","","","","","1人3,500円〜","3500","","","","","2026-10-07","","公式サイト","https://mysterycircus.jp/tokyo/events/13878","https://mysterycircus.jp/tokyo/events/13878","35.6953","139.7025","名探偵コナンとのコラボ脱出ゲーム。幻の宝石「闇夜の輝き」を巡り、コナン・平次と共に光と影の暗号を解読する。怪盗キッドの予告状が届く中、6人チームで謎解きに挑む体験型アトラクション。","","駐車場なし","JR「新宿駅」東口徒歩7分、西武新宿線「西武新宿駅」徒歩2分"
"240","リアル脱出ゲーム『ひみつの喫茶室からの脱出 消えた待ち合わせ相手』","","ent|exp","東京都・新宿区","東京ミステリーサーカス","https://mysterycircus.jp/","tokyo","2026-10-22","","","","","","","","","","","","","","","","","","","","1人5,500円〜＋ドリンク代900円（合計6,400円〜）","5500","","","","","2026-10-07","","公式サイト","https://realdgame.jp/s/secretcafe/","https://realdgame.jp/s/secretcafe/","35.6953","139.7025","地図に載らない“秘密の喫茶室”を舞台にした物語体験型リアル脱出ゲーム。不思議な少女とともに約130分かけてコーヒーの香りに包まれた謎を解き明かす。最大6名までの個室仕立てで、限定ドリンク付き。","","駐車場なし","JR「新宿駅」東口徒歩7分、西武新宿線「西武新宿駅」徒歩2分"
"241","夢叶参拝","","exp","東京都・千代田区","神田明神","","tokyo","2026-11-11","2026-11-11","","","","11:00","","","","","","","","","","","","","","","","","","","","","","","公式サイト","https://www.kandamyoujin.or.jp/","https://www.kandamyoujin.or.jp/","35.7015","139.7675","夢や願い事を叶えたい方向けの特別昇殿参拝。神職による講話と「自分育てセミナー」が一体になった、通常の参拝とは異なる特別企画。","事前予約制の可能性あり。詳細は公式サイトで要確認","",""
"242","大國魂落語会","","ent","東京都・府中市","大國魂神社","","tokyo","2026-09-30","2026-11-05","","2026-09-30|2026-10-21|2026-11-05","","14:00","","","","","","","","","","","","","","","","","","","","","","","公式サイト","https://www.ookunitamajinja.or.jp/","https://www.ookunitamajinja.or.jp/","35.6691","139.4794","古今亭伝輔師匠がスペシャルゲストを招いて開く落語会。平日昼間、境内で気軽に演芸を楽しめる全6回シリーズの第4〜6回。","","",""
"243","第24回日比谷公園ガーデニングショー2026","","exp","東京都・千代田区","日比谷公園","","tokyo","2026-10-17","2026-10-25","","","10:00","","16:30","最終日は15:30まで","","","","","","","","","","","","","入場無料","","","","","","2026-09-29","","公式サイト","https://www.hibiya-gardening-show.com/","https://www.hibiya-gardening-show.com/","35.6728","139.7541","花とみどりのガーデニングコンテストと展示。2027年横浜開催のGREEN×EXPOを見据え、都市での花とみどりのライフスタイルを提案する催し。入場無料。","","",""
"245","ラー1グランプリ2026","","food","東京都・新宿区","大久保公園","","tokyo","2026-10-10","2026-11-15","","","11:00","","21:00","","","","","","","","","","","","","","入場無料（ラーメンは1杯800円から）","","","","","","2026-09-29","","公式サイト","https://tokyofesta.com/23ku/31244/","https://dai-tsukemen-haku.com/","35.6974","139.7013","大つけ麺博プロデュースの新企画。次世代ラーメン王を来場者投票で決める食べ比べイベント。1杯800円からの食べ比べサイズで提供。入場無料。","","",""
"246","ファスナーウィーク2026","","fam","東京都・江東区","キッザニア東京","","tokyo","2026-10-23","2026-11-05","","","","","","","","","","","","","","","","","","","","","","","","","","","公式サイト","https://www.kidzania.jp/tokyo/news/event","https://www.kidzania.jp/tokyo/news/event","35.6563","139.7929","YKK協賛の期間限定職業体験「ファスナー職人」。スライダーの組み立てなどファスナーづくりの工程を体験し、オリジナルポーチを作れる。","通常の来場予約・入場料が必要","",""
"247","秋のバラフェスタ","","exp","東京都・調布市","神代植物公園","","tokyo","2026-10-06","2026-11-23","","","09:30","","17:00","","","","","","","","","","","","","","一般500円／65歳以上250円／中学生200円（小学生以下・都内在住在学の中学生は無料）","500","","","","","2026-09-29","","公式サイト","https://www.tokyo-park.or.jp/park/jindai/index.html","https://www.tokyo-park.or.jp/park/jindai/index.html","35.6707","139.5492","秋バラは春より色が濃く香り高いのが特徴。園名を冠した「クィーン・オブ・神代」など貴重な品種も。ガイドツアーやカフェテラスも開催。","","",""
"248","帆船日本丸の総帆展帆","","exp","神奈川県・横浜市西区","日本丸メモリアルパーク","","kanagawa","2026-10-04","2026-10-11","","2026-10-04|2026-10-11","","","","","","","","","","","","","","","","","","","","","","","","","公式サイト","https://www.nippon-maru.or.jp/","https://www.nippon-maru.or.jp/","35.4546","139.6334","係留中の帆船日本丸が、29枚の帆をすべて広げる「総帆展帆」を実施。汽笛演奏とともに帆を広げる様子が見られる、月数回だけの見どころ。","天候により中止の場合あり","",""
"249","メッツァの北欧クリスマス2026","","fam","埼玉県・飯能市","メッツァビレッジ","","saitama","2026-10-31","2026-12-25","","","","","","","","","","","","","","","","","","","1デーパス おとな当日4,300円（前売3,900円）／こども(4歳～高校生)前売1,000円","4300","","","","","2026-10-07","","公式サイト","https://metsa-hanno.com/event/","https://metsa-hanno.com/event/","35.8709","139.3292","天空のヒンメリロードや、北欧のルーン文字をあしらったオーナメントで飾るクリスマスツリーが登場。入場無料エリアでの季節限定装飾。","","",""
"250","ムーンライト ローズ ガーデン2026 フラワーイルミネイト","","exp","茨城県・石岡市","いばらきフラワーパーク","","ibaraki","2026-10-10","2026-11-23","","","09:00","17:00","20:30","点灯は17:00〜","","","","","","","","","","","","","大人1,500円／小中学生500円／未就学児無料","1500","","","","","2026-09-29","","公式サイト","https://www.flowerpark.or.jp/Illumination/","https://www.flowerpark.or.jp/Illumination/","36.2123","140.1702","800品種の秋バラと2万輪のマリーゴールドを光でライトアップ。「月夜にひらく、まほうのとびら」がテーマの体験型イルミネーション第1部。","","",""
"251","【期間限定】年間パス・半年パス特別割引キャンペーン開催！","","ent","東京都・稲城市","よみうりランド","https://www.yomiuriland.com/","tokyo","2026-10-01","2026-11-08","","","","","","","","","","","","","","","","","","","年間パスおとな特別料金17,000円（通常18,900円）／中高生13,200円／小学生・シニア11,300円／未就学児6,300円。半年パスおとな9,700円（通常10,800円）","18900","17000","10","公式サイト","","2026-10-02","","公式サイト","https://www.yomiuriland.com/event/annual_pass_cp2026/","https://www.yomiuriland.com/","35.6367","139.5133","よみうりランドの年間パスポート・半年パスポートを期間限定の特別価格で販売するキャンペーン。詳細な割引額は公式サイトのキャンペーンページで案内。","","A-1・A-2・C-1・C-2駐車場 平日1,500円・土日祝/特定日2,000円〜(B・D・Eは30分400円)","京王線「京王よみうりランド駅」からゴンドラ「スカイシャトル」/小田急線「読売ランド前駅」からバス"
"252","TOKYOスマート・カルチャー・プロジェクト 奈良女子大学 長谷研究室「複製される感性－森山大道」","","art","東京都・目黒区","東京都写真美術館","https://topmuseum.jp/","tokyo","2026-09-05","2026-10-18","","","","","","B1F展示室","","","","","","","","","","","","","無料","","","","","","2026-10-02","","公式サイト","https://topmuseum.jp/exhibition/12474/","https://topmuseum.jp/exhibition/12474/","35.6402","139.716","森山大道の東京都コレクション作品約140点を奈良女子大学工学部長谷研究室の学生が再構成する巡回展。オンライン版もTokyo Museum Collectionで同時公開し、AI・デジタル技術で写真の新たな鑑賞体験を提示する。","","専用駐車場なし（恵比寿ガーデンプレイス内駐車場センターを利用）","JR恵比寿駅東口より徒歩約7分"
"253","TIFF/NFAJ クラシックス 映画監督 溝口健二","","art|ent","東京都・中央区","国立映画アーカイブ","https://www.nfaj.go.jp/","tokyo","2026-10-27","2026-11-01","","","","","","","","","","","","","オンライン販売","","12:00","","","各上映日の3日前正午から開映15分前までオンライン販売","一般1,300円／高校・大学生・65歳以上1,100円／小・中学生900円","1300","","","","","2026-10-07","","公式サイト","https://www.nfaj.go.jp/film-program/tiff-nfaj202610/","https://www.nfaj.go.jp/film-program/tiff-nfaj202610/","35.6759","139.7717","没後70年の溝口健二を、東京国際映画祭との共催で特集。近年デジタル修復された作品を中心に13作品（12プログラム）を英語字幕付きで上映。上映後に約30分の解説がある回もある。","各回入替制・全席指定。オンライン販売は上映日の3日前正午から","駐車場・駐輪場なし","東京メトロ銀座線 京橋駅出口1より徒歩1分"
"254","中央区制80周年記念・港区政80周年記念 東京湾大華火祭","","fest","東京都・中央区","東京港晴海埠頭沖海上（観覧会場は晴海ふ頭公園ほか区内各所）","","tokyo","2026-10-24","2026-10-24","","","","17:30","","","","","","","","","","","","","","","有料観覧席のみ（全席申込制・当日券なし）。会場により5,000〜10,000円、一般チケットは各会場価格表に5,000円加算","","","","","","2026-09-30","","公式サイト","https://tokyo-hanabi-festival.com/ticket/","https://tokyo-hanabi-festival.com","","","平成27年度を最後に休止していたが11年ぶりに復活する中央区・港区共催の花火大会。東京港晴海埠頭沖から約1万2000発を打ち上げる。完全チケット制で当日券・立ち止まっての沿道観覧は不可、一般チケットはチケットぴあで先着販売中。","当日券なし。全席申込制、歩道等での観覧不可","",""
"255","秋の運河花火まつり2026 in しながわ水辺の観光フェスタ","","fest","東京都・品川区","東品川海上公園・天王洲公園","","tokyo","2026-10-10","2026-10-10","","","17:00","19:00","19:30","","","","","","","","","","","","","","入場無料（会場内自由観覧、有料の花火協賛観覧席チケットもWEB先行販売中）","","","","","","2026-09-30","","しながわ観光協会","https://shinagawa-kanko.or.jp/news/59625/","","","","目黒川河口・運河沿いで開かれる秋の水辺フェスタ。19時から30分間、約8000発の花火を打ち上げる。会場内は入場無料の自由観覧で、有料の花火協賛観覧席チケットも先行販売中。前日9日はグラウンド企画のみ実施。","関連の運河まつりグラウンド企画は10月9日・11日にも実施","",""
"256","第80回あつぎ鮎まつり 大花火大会","","fest","神奈川県・厚木市","相模川河川敷（三川合流点）","","kanagawa","2026-10-10","2026-10-11","","","","","","大花火大会は10日17:40〜19:00","","","","","","","","","","","","","入場無料（相模川河川敷 海老名側の観覧エリアのみ全席指定の有料観覧席）","","","","","","2026-09-30","","公式サイト（厚木市観光協会）","https://www.atsugi-kankou.jp/site/ayu-festival/","https://www.atsugi-kankou.jp/site/ayu-festival/","","","相模川三川合流点で開催する第80回記念の秋祭り。10日夜には約1万発の大花火大会（17:40〜19:00）、日中はオープニングパレード・民踊総おどり・市民出店村など多彩な催しが2日間続く。海老名側の観覧エリアは全席指定の有料観覧席。","荒天中止の場合、花火の延期はなし","",""
"257","2026ふじさわ江の島花火大会","","fest","神奈川県・藤沢市","片瀬海岸西浜沖（台船）","","kanagawa","2026-10-17","2026-10-17","","","","18:00","18:30","","","","","","","","","","","","","","入場無料","","","","","","2026-09-30","","公式サイト（藤沢市）","https://www.city.fujisawa.kanagawa.jp/kankou/event/2025fujisawaenoshimahanabitaikai.html","https://www.city.fujisawa.kanagawa.jp/kankou/event/2025fujisawaenoshimahanabitaikai.html","","","藤沢市の秋の風物詩となっている花火大会。江の島を背景に、最大号数20号玉を含む約1000発を片瀬海岸西浜沖の台船から30分間打ち上げる。荒天中止の場合は代替日の打ち上げなし。","荒天中止（開催可否は当日正午に発表）","",""
"258","開園記念日イベント「All About MAGURO」","","fam","東京都・江戸川区","葛西臨海水族園","","tokyo","2026-10-10","2026-10-12","","","","","","","","","","","","","","","","","","","入園料 一般700円・65歳以上350円・中学生250円・小学生以下無料（10月10日の開園記念日は入園無料。イベント参加は入園料のみ）","700","","","","","2026-10-02","","公式サイト","https://www.tokyo-zoo.net/kasai/news/12632/index.html","https://www.tokyo-zoo.net/kasai/news/12632/index.html","35.6417","139.8617","開園記念日（10/10）と「マグロの日」にあわせたマグロづくしのイベント。クロマグロの観察シート「マグロでBINGO」配布（各日先着3,000名・壁紙プレゼント）、標本で見るミニ企画展示、マグロ飼育の工夫を紹介する「マグロラボ」、水槽裏側を巡るガイドツアーなどを実施。","10/10は入園無料で混雑が予想される。「マグロでBINGO」は各日先着3,000名","",""
"259","小企画展 神話、寓意、祝祭——ルネサンスからバロックにおけるイタリア宮廷と版画","","art","東京都・台東区","国立西洋美術館","https://www.nmwa.go.jp/","tokyo","2026-06-30","2026-10-12","","","","","","","","","","","","","","","","","","","一般500円（400円）／大学生250円（200円）（高校生以下・65歳以上は無料）","500","","","","","2026-10-07","","公式サイト","https://www.nmwa.go.jp/jp/exhibitions/2026italy.html","https://www.nmwa.go.jp/jp/exhibitions/2026italy.html","35.7156","139.7757","ルネサンスからバロック期のイタリア宮廷で広まったギリシア・ローマ神話や寓意の図像を、銅版画で読み解く小企画展。ラファエロらの作品に基づく複製版画の流通にも注目する。常設展の観覧券で入場できる。","常設展の観覧券で観覧可。10/11（日）は Kawasaki Free Sunday で観覧無料","美術館専用駐車場なし(周辺の有料駐車場を利用)","JR上野駅公園口徒歩1分/京成上野駅徒歩7分/東京メトロ銀座線・日比谷線上野駅徒歩8分"
"260","小企画展 劇場をめぐるイメージ―ドラクロワ、ドーミエからトゥールーズ=ロートレック、クリンガーまで","","art","東京都・台東区","国立西洋美術館","https://www.nmwa.go.jp/","tokyo","2026-10-20","2027-01-11","","","","","","","","","","","","","","","","","","","","","","","","","","","公式サイト","https://www.nmwa.go.jp/jp/exhibitions/2026theater.html","https://www.nmwa.go.jp/jp/exhibitions/2026theater.html","35.7156","139.7757","ドラクロワ、ドーミエ、トゥールーズ=ロートレック、クリンガーらが描いた劇場や舞台をめぐるイメージを、版画素描展示室でたどる小企画展。","","美術館専用駐車場なし(周辺の有料駐車場を利用)","JR上野駅公園口徒歩1分/京成上野駅徒歩7分/東京メトロ銀座線・日比谷線上野駅徒歩8分"
"261","六本木アートナイト2026 ロドリゲス＝伊豆見・彩《交差的な未来のためのコンセプト・フラッグ》","","art|fest","東京都・港区","国立新美術館","https://www.nact.jp/","tokyo","2026-10-30","2026-11-16","","","","","","10/31のみ正門から正面入口前まで終夜開放","","","","","","","","","","","","","","","","","","","","","公式サイト","https://www.nact.jp/event/2026/006622.html","https://www.nact.jp/event/2026/006622.html","35.6653","139.7263","六本木アートナイト2026のプログラムとして、NY拠点のロドリゲス＝伊豆見・彩が国立新美術館の正面入口前にのぼり旗のインスタレーションを展示する。10月31日は正門から正面入口前までを終夜開放する。","料金の記載はページに無し","館内に駐車場なし(周辺有料駐車場を利用)","東京メトロ千代田線 乃木坂駅（美術館直結）"
"262","涼の美―江戸博ガラス工芸コレクション―","","art","東京都・墨田区","江戸東京博物館","https://www.edo-tokyo-museum.or.jp/","tokyo","2026-08-04","2026-11-08","","","","","","","","","","","","","","","","","","","常設展観覧料 一般800円／65歳以上400円／大学生480円","800","","","","","2026-10-07","","公式サイト","https://www.edo-tokyo-museum.or.jp/s-exhibition/glass-collection/","https://www.edo-tokyo-museum.or.jp/s-exhibition/glass-collection.html","35.6969","139.7961","","6階常設展示室内の特集展示","",""
"263","日米交流 知のかけはしーラトガース・カレッジと幕末明治の日本人留学生ー","","art","東京都・墨田区","江戸東京博物館","https://www.edo-tokyo-museum.or.jp/","tokyo","2026-10-24","2026-12-06","","","","","","","","","","","","","","","","","","","","","","","","","","","公式サイト","https://www.edo-tokyo-museum.or.jp/s-exhibition/schedule/","https://www.edo-tokyo-museum.or.jp/s-exhibition/schedule/","35.6969","139.7961","","企画展。観覧料は公式ページ未掲載のため未確認","",""
"264","江戸東京博物館リニューアル記念特別展「円山応挙 リアルの先へ 空間革命」","","art","東京都・墨田区","江戸東京博物館","https://www.edo-tokyo-museum.or.jp/","tokyo","2026-11-28","2027-01-24","","","","","","","","","","","","","","","","","","","","","","","","","","","公式サイト","https://www.edo-tokyo-museum.or.jp/s-exhibition/schedule/","https://www.edo-tokyo-museum.or.jp/s-exhibition/schedule/","35.6969","139.7961","","観覧料は公式ページ未掲載のため未確認","",""
"265","大学生が企画したワークショップに参加しよう","","exp","東京都・小金井市","江戸東京たてもの園","https://tatemonoen.jp/","tokyo","2026-10-17","2026-10-18","","2026-10-17|2026-10-18","","13:30","15:30","","","","","","","","事前申込","","","2026-10-09","17:00","","参加費の記載なし（当日の入園券が必要：一般400円）","400","","","","","2026-10-07","","公式サイト","https://tatemonoen.jp/news/special-news/?id=326","https://tatemonoen.jp/news/special-news/?id=326","35.7157","139.5125","ワークショップクリエイター育成プログラムの受講生が企画するワークショップ。小学生から大人まで参加でき、各回先着順（10/17は16名、10/18は10名）でメール申込。","電子メールでの事前申込制・先着順。対象は小学生","小金井公園有料駐車場(第1駐車場)を利用","JR中央線 武蔵小金井駅北口よりバス5分(西武バス「小金井公園西口」下車徒歩5分)"
"266","映画監督 木村荘十二 Sotoji Kimura Retrospective","","art|ent","東京都・中央区","国立映画アーカイブ","https://www.nfaj.go.jp/","tokyo","2026-10-13","2026-11-15","","","","","","月曜休館。10/26〜11/2は上映なし","","","","","","","","","","","","","一般1,300円／高校・大学生・65歳以上1,100円／小・中学生900円","1300","","","","","2026-10-07","","公式サイト","https://www.nfaj.go.jp/film-program/sotojikimura202610/","https://www.nfaj.go.jp/film-program/sotojikimura202610/","35.6759","139.7717","映画監督・木村荘十二の足跡をたどる上映企画。P.C.L.時代のトーキー作品から、戦後の児童向け教育映画まで、多彩な仕事を紹介する。","各回入替制・全席指定（310名）。開映後の入場不可","駐車場・駐輪場なし","東京メトロ銀座線 京橋駅出口1より徒歩1分"
"267","【開館60周年記念特別展3】ザ・ベスト・オブ・山種コレクションⅠ","","art","東京都・渋谷区","山種美術館","https://www.yamatane-museum.jp/","tokyo","2026-10-10","2026-12-06","","","","","","月曜休館（10/12・11/23は開館）","","","","","","","","","","","","","一般1,500円（1,300円）／大学生・高校生1,200円（1,100円）／中学生以下無料。きもの・ゆかた来館は一般200円引き","1500","","","","","2026-10-07","","公式サイト","https://www.yamatane-museum.jp/exhibitions/2026/yamatane-collection1.html","https://www.yamatane-museum.jp/exhibitions/2026/yamatane-collection1.html","35.6486","139.7186","","","専用駐車場なし","JR恵比寿駅西口・東京メトロ日比谷線恵比寿駅2番出口より徒歩約10分"
"268","葛飾応為「吉原格子先之図」 夜景の系譜","かつしかおうい よしわらこうしさきのず やけいのけいふ","art","東京都・渋谷区","太田記念美術館","https://www.ukiyoe-ota-muse.jp/","tokyo","2026-10-06","2026-12-06","","","","10:30","17:30","前期10/6〜11/3・後期11/7〜12/6の展示替えあり。入館は17:00まで。10月の休館日は13・19・26日","","","","","","","","","","","","","一般1,200円／大高生800円／中学生以下無料","1200","","","","","2026-10-07","","公式サイト","https://www.ukiyoe-ota-muse.jp/schedule/","https://www.ukiyoe-ota-muse.jp/exhibition","35.6702","139.7038","光と闇の描写で知られる葛飾応為《吉原格子先之図》を3年ぶりに公開（前後期とも展示）。夜景を描いた浮世絵を多数集め、夜がどう表現されてきたかをたどる。日時指定予約は不要だが、土日祝や終了間際は混雑する。","入館料は現金のみ。日時指定予約なし。前後期で展示替え","なし（公共交通機関を利用）","原宿駅（徒歩5分）／明治神宮前駅（徒歩3分）"
"269","舟越直木 見えないものに形をあたえる ―舟越家から生まれたもうひとりの異才―","","art","東京都・渋谷区","松濤美術館","https://shoto-museum.jp/","tokyo","2026-12-05","2027-02-07","","","","10:00","20:00","","","","","","","","","","","","","","一般1,000円／大学生800円／高校生・60歳以上500円／小中学生100円","1000","","","","","2026-10-07","","公式サイト","https://shoto-museum.jp/exhibitions/214naoki/","https://shoto-museum.jp/exhibitions/214naoki/","35.6586","139.6907","彫刻家・舟越保武の次男で、兄・桂とともに具象彫刻の家に生まれながら平面から抽象彫刻へと独自の道を歩んだ舟越直木（1953-2017）の仕事を紹介する展覧会。","土日祝は小中学生無料","駐車場なし","京王井の頭線 神泉駅より徒歩5分"
"270","銅版画家・駒井哲郎 掌上にひろがる星座のように","","art","東京都・世田谷区","世田谷美術館","https://www.setagayaartmuseum.or.jp/","tokyo","2026-11-28","2027-01-31","","","","","","","","","","","","","","","","","","","一般1,400円／65歳以上1,200円／大高生800円／中小生500円／未就学児無料","1400","","","","","2026-10-07","","公式サイト","https://www.setagayaartmuseum.or.jp/exhibition/special/detail.php?id=sp00231","https://www.setagayaartmuseum.or.jp/exhibition/special/detail.php?id=sp00231","35.6265","139.6296","日本を代表する銅版画家・駒井哲郎の作品を、掌に収まる小さな画面に広がる世界として紹介する企画展。","","来館者専用駐車場60台(無料)","東急田園都市線 用賀駅(バス3分、徒歩17分)"
"271","ユアサエボシと戦後アヴァンギャルドの変身寓話集","","art","東京都・練馬区","練馬区立美術館","https://www.neribun.or.jp/museum.html","tokyo","2026-10-31","2026-12-27","","","","10:00","18:00","","","","","","","","","","","","","","一般1,000円／高校・大学生および65～74歳800円／中学生以下および75歳以上無料","1000","","","","","2026-10-07","","公式サイト","https://www.neribun.or.jp/event/detail_m.cgi?id=202608151786784919","https://www.neribun.or.jp/event/detail_m.cgi?id=202608151786784919","35.7395","139.6511","画家ユアサエボシの作品を、戦後アヴァンギャルドの系譜と重ねて紹介する展覧会。","","専用駐車場なし","西武池袋線 中村橋駅より徒歩3分"
"272","区民文化祭（2026）","くみんぶんかさい","art","東京都・板橋区","板橋区立美術館","https://www.city.itabashi.tokyo.jp/artmuseum/","tokyo","2026-10-08","2026-11-01","","","","","","","","","","","","","","","","","","","無料","0","","","","","2026-10-07","","公式サイト","https://www.city.itabashi.tokyo.jp/artmuseum/4000016/4002027/4002028.html","https://www.city.itabashi.tokyo.jp/artmuseum/4000016/4002027/4002028.html","35.7818","139.6238","板橋区在住の書家・美術家の作品と、区民による書画・美術作品を展示する区民文化祭。区民書道展、美術家作品展、区民美術展、書家作品展と、約1週間ごとに展示が入れ替わる。入場無料。","","",""
"273","コッライーニの本づくり アートで 自由で ワクワクで","こっらいーにのほんづくり","art|fam","東京都・板橋区","板橋区立美術館","https://www.city.itabashi.tokyo.jp/artmuseum/","tokyo","2026-11-21","2027-01-11","","","","","","","","","","","","","","","","","","","一般900円／大学生600円／高校生以下無料（65歳以上・障がい者割引あり）","900","","","","","2026-10-07","","公式サイト","https://www.city.itabashi.tokyo.jp/artmuseum/4000016/4002027/4002033.html","https://www.city.itabashi.tokyo.jp/artmuseum/4000016/4002027/4002033.html","35.7818","139.6238","イタリアのアートギャラリー兼出版社コッライーニの本づくりを、ブルーノ・ムナーリの絵本などで紹介。三浦太郎、のだよしこ、ポール・コックスの作品から板橋区立美術館との20年以上の交流もたどる。展示の絵本を自分でめくって楽しめる。","65歳以上・障がい者割引は要証明書","",""
"274","TYPE-XVII JAXA project by A-POC ABLE ISSEY MIYAKE","","art|tech","東京都・港区","21_21 DESIGN SIGHT ギャラリー3","https://www.2121designsight.jp/","tokyo","2026-10-21","2026-11-19","","","","10:00","19:00","","","","","","","","","","","","","","無料","0","","","","","2026-10-07","","公式サイト","https://www.2121designsight.jp/gallery3/type_xvii/","https://www.2121designsight.jp/gallery3/type_xvii/","","","JAXAの観測画像から着想し、未来の衣服を見据えて開発した生地のプロトタイプを展示。折紙の幾何学を研究する東京大学・舘知宏研究室の協力で布に新たな構造を与えた素材開発を紹介。","11/1発売予定のジーンズとテキスタイルも紹介","",""
"275","虚構世界をリアルに描いた 石原豪人展 around the 1970sの妄想画、大集合","","art|ent","東京都・文京区","弥生美術館・竹久夢二美術館","https://www.yayoi-yumeji-museum.jp/","tokyo","2026-10-03","2026-12-20","","","","10:00","17:00","","","","","","","","","","","","","","一般1,200円／大・高生1,000円／中・小生500円（竹久夢二美術館と共通）","1200","","","","","2026-10-07","","公式サイト","https://www.yayoi-yumeji-museum.jp/yayoi/exhibition/now.html","https://www.yayoi-yumeji-museum.jp/yayoi/exhibition/now.html","35.7186","139.7614","1970年前後の少年雑誌の大図解頁に怪人・怪獣・怪奇現象を描いた石原豪人の妄想画を大集合。同時代のイラストレーターによる宇宙・ロボット・終末世界の作品も併せて紹介する。","支払いは現金のみ。休館は月曜（10/12・11/23は開館）","",""
"276","夢二の日本 描かれた理想郷","","art","東京都・文京区","弥生美術館・竹久夢二美術館","https://www.yayoi-yumeji-museum.jp/","tokyo","2026-10-03","2026-12-20","","","","10:00","17:00","","","","","","","","","","","","","","一般1,200円／大・高生1,000円／中・小生500円（弥生美術館と共通）","1200","","","","","2026-10-07","","公式サイト","https://www.yayoi-yumeji-museum.jp/yumeji/exhibition/now.html","https://www.yayoi-yumeji-museum.jp/yumeji/exhibition/now.html","35.7186","139.7614","詩人画家・竹久夢二が理想とした日本の風景や文化を多角的に紹介。少年時代の記憶と郷愁、浮世絵の世界、芝居や古典文学を題材にした作品を展示する。","支払いは現金のみ。ギャラリートーク10/17・11/8・12/5 14時から","",""
"277","全編生解説プラネタリウム「宇宙クルーズ2026〈追跡！ ボイジャー1号〉」","","exp|fam","東京都・西東京市","多摩六都科学館","https://www.tamarokuto.or.jp/","tokyo","2026-09-29","2026-12-27","","","","","","投影時刻はイベントカレンダーで確認。一部日は投影なし","","","","","","","","","","","","","観覧料 大人520円／小人210円（別途入館料 大人520円／小人210円）","520","","","","","2026-10-07","","公式サイト","https://www.tamarokuto.or.jp/planetarium/","https://www.tamarokuto.or.jp/","35.7370","139.5386","地球から最も遠く離れた人工物ボイジャー1号の旅路を、解説員の生解説で超高速に追跡する全編生解説プラネタリウム（約45分）。打ち上げから約50年、今も稼働し続ける長寿の秘訣に迫る。定員220人。","小学2年生以下は保護者同伴。観覧券は当日開館時からインフォメーションで先着販売","",""
"278","リアル脱出ゲーム『埋もれゆく部屋からの脱出』","","ent|exp","東京都・新宿区","東京ミステリーサーカス","https://mysterycircus.jp/","tokyo","2026-10-09","","","","","","","1部屋単位の料金","","","","","","","","","","","","","1部屋4,600円〜（1〜2名）","","","","","","2026-10-07","","公式サイト","https://mysterycircus.jp/tokyo/events/14039","https://mysterycircus.jp/tokyo/events/14039","35.6953","139.7025","1〜2名で挑む、制限時間15分（所要約25分）の短時間型リアル脱出ゲーム。東京ミステリーサーカスで10月9日から開催。料金は1部屋単位。","","駐車場なし","JR「新宿駅」東口徒歩7分、西武新宿線「西武新宿駅」徒歩2分"
"279","リアル脱出ゲーム×クトゥルフ神話『混沌這い寄る教団からの脱出』","","ent|exp","東京都・新宿区","東京ミステリーサーカス","https://mysterycircus.jp/","tokyo","2026-10-29","2027-01-24","","","","","","","","","","","","","","","","","","","1人3,900円〜（4人まとめ買いは1人3,600円〜）","3900","","","","","2026-10-07","","公式サイト","https://realdgame.jp/s/cthulhu2/","https://realdgame.jp/s/cthulhu2/","35.6953","139.7025","クトゥルフ神話を題材にした、制限時間60分（所要約120分）のリアル脱出ゲーム。1人から参加でき、会場でチームを組まない形式。11月7日には団員限定の舞台挨拶付き回あり。","1人参加でも他の客とチームを組まない。11/7 20:20は団員限定舞台挨拶付き","駐車場なし","JR「新宿駅」東口徒歩7分、西武新宿線「西武新宿駅」徒歩2分"
"280","COMIC CITY SPARK 21","","ent","東京都・江東区","東京ビッグサイト 西1-4ホール・南1-4ホール","https://www.bigsight.jp/","tokyo","2026-10-11","2026-10-11","","","","10:30","15:00","","","","","","","","","","","","","","","","","","","","","","東京ビッグサイト公式","https://www.akaboo.jp/event/item/20205433.html","https://www.akaboo.jp/event/item/20205433.html","","","西1-4・南1-4ホールで開かれる同人誌即売会。","","",""
"281","H.C.R.2026 第53回国際福祉機器展＆フォーラム","","exp","東京都・江東区","東京ビッグサイト 東1-3・7・8ホール","https://www.bigsight.jp/","tokyo","2026-10-07","2026-10-09","","","","10:00","","最終日は1時間前に終了","","","","","","","","","","","","","無料（要登録）","0","","","","","2026-10-07","","東京ビッグサイト公式","https://hcr.or.jp/","https://hcr.or.jp/","","","国内外の車いす・ベッド・ICT機器など福祉機器の最新製品が一堂に会するアジア最大級の展示会。フォーラムも併催。","","",""
"282","きものサローネ2026","","fest|exp","東京都・千代田区","東京国際フォーラム ホールE1","https://www.t-i-forum.co.jp/","tokyo","2026-10-11","2026-10-12","","","","10:00","18:00","","","","","","","","","","","","","","高校生以下無料（一般は前売券あり・金額は公式サイト参照）","","","","","","2026-10-07","","東京国際フォーラム公式","https://www.t-i-forum.co.jp/visitors/event/detail.html?id=20261011Fr-H202610034","http://kimono-salone.com/","","","きものの魅力を楽しむイベント。ホールE1で2日間開催。","前売券は公式サイトで販売","",""
"283","ネオ屋台村 スーパーナイト","","food","東京都・千代田区","東京国際フォーラム 地上広場","https://www.t-i-forum.co.jp/","tokyo","2026-10-16","2026-10-16","","","","18:00","22:00","","","","","","","","","","","","","","入場無料（飲食代有料）","0","","","","","2026-10-07","","東京国際フォーラム公式","https://www.t-i-forum.co.jp/visitors/event/detail.html?id=20261016_0924","https://www.t-i-forum.co.jp/visitors/stall/","","","東京国際フォーラム地上広場で夜に開かれる屋台村。飲食は有料。","荒天中止","",""
"284","～秋田の「いいな」が集まる日～ AKITA GOOD LIFE FESTIVAL","","fest|food","東京都・千代田区","東京国際フォーラム ホールE2・地上広場","https://www.t-i-forum.co.jp/","tokyo","2026-10-18","2026-10-18","","","","11:00","16:00","","","","","","","","","","","","","","無料","0","","","","","2026-10-07","","東京国際フォーラム公式","https://www.t-i-forum.co.jp/visitors/event/detail.html?id=20261018_0924","https://akitagoodlifefestival.jp/","","","秋田の「いいな」が集まる催し。ホールE2と地上広場で開催。","","",""
"285","B.LEAGUE ONE 2026-27 東京ユナイテッドBC vs 立川ダイス","","sport","東京都・江東区","有明アリーナ","","tokyo","2026-10-13","2026-10-13","","","","19:05","","","","","","","","","","","","","","","試合ごとに変動制（B.LEAGUEチケットの各試合ページで要確認）","","","","","","2026-10-07","","公式サイト","https://tubc.tokyo/ticket/","https://tubc.tokyo/","35.6434","139.7942","バスケットボールB.LEAGUE ONEの東京ユナイテッドBCのホームゲーム。有明アリーナ（メイン）で立川ダイスと対戦する。","料金は試合ごとに席種が変わる。公式サイトで確認","",""
"286","B.LEAGUE ONE 2026-27 東京ユナイテッドBC vs 山形ワイヴァンズ","","sport","東京都・江東区","有明アリーナ","","tokyo","2026-10-18","2026-10-19","","2026-10-18|2026-10-19","","","","10/18は17:05、10/19は19:05試合開始","","","","","","","","","","","","","","","","","","","","","公式サイト","https://tubc.tokyo/ticket/","https://tubc.tokyo/","35.6434","139.7942","バスケットボールB.LEAGUE ONEの東京ユナイテッドBCのホーム2連戦。有明アリーナ（メイン）で山形ワイヴァンズと対戦する。","料金は試合ごとに席種が変わる。公式サイトで確認","",""
"287","ONE SAMURAI 4","","sport","東京都・江東区","有明アリーナ","","tokyo","2026-10-17","2026-10-17","","","","","","","","","","","","","","","","","","","","","","","","","2026-10-07","","公式サイト","https://www.onefc.com/jp/events/one-samurai-4/","https://www.onefc.com/jp/events/one-samurai-4/","35.6434","139.7942","格闘技団体ONE Championshipの日本大会。有明アリーナで開催される。","料金は公式サイトで確認","",""
"288","東京レガシーハーフマラソン2026","","sport","東京都・新宿区","国立競技場","","tokyo","2026-10-18","2026-10-18","","","","","","","","","","","","","","","","","","","","","","","","","","","公式サイト","https://jns-e.com/calendar/20261018-529/","https://jns-e.com/calendar/20261018-529/","35.6779","139.7150","東京マラソン財団が主催するハーフマラソン。MUFGスタジアム（国立競技場）周辺が舞台で、前日までEXPOも開かれる。","参加は申込制。詳細は特設サイトで確認","",""
"289","2026/27明治安田J1リーグ「MUFG THE国立DAY」横浜F・マリノス vs 東京ヴェルディ","","sport","東京都・新宿区","国立競技場","","tokyo","2026-10-21","2026-10-21","","","","19:00","","","","","","","","","","","","","","","","","","","","","","","公式サイト","https://jns-e.com/calendar/20261021-576/","https://jns-e.com/calendar/20261021-576/","35.6779","139.7150","Jリーグ第11節を国立競技場で開催する特別企画。横浜F・マリノスと東京ヴェルディが対戦する。","料金は特設サイトで確認","",""
"290","みんなでつなごうリレーフェスティバル2026","","sport","東京都・新宿区","国立競技場","","tokyo","2026-10-10","2026-10-11","","2026-10-10|2026-10-11","","10:30","","","","","","","","","","","","","","","","","","","","","","","公式サイト","https://jns-e.com/calendar/20261010-584/","https://jns-e.com/calendar/20261010-584/","35.6779","139.7150","日本陸上競技連盟が主催するリレーのイベント。MUFGスタジアム（国立競技場）を会場に2日間行われる。","開始時刻は予定。料金は公式サイトで確認","",""
"291","hololive Grand Reception ～感謝を込めた招待状～","","ent|art","東京都・江東区","TOKYO DREAM PARK EX STUDIO7","","tokyo","2026-10-10","2026-11-23","","","","","","前半10/10〜10/28・後半10/31〜11/23。10/29〜30は展示入替で休館。土日祝10:00〜19:00／平日13:00〜20:30","","","","","","","一般販売","2026-09-19","10:00","2026-10-09","23:59","当日券あり（前売完売時は販売なし）","前売入場券2,500円／当日入場券3,000円／ブックマット付きメモリアルアート引換券2,000円（別途入場券が必要）","2500","","","","","2026-10-07","","公式サイト","https://hololive-grandreception.hololivepro.com/ticket/","https://hololive-grandreception.hololivepro.com/","","","ホロライブのタレントへ感謝を伝える展示会。前半・後半で展示内容と限定グッズが一部入れ替わる。入場特典のインビテーションチケットがある。","土日祝と平日の一部は日時指定／整理番号順入場。再入場不可","",""
"292","舞台『刀剣乱舞』十年の軌跡展「万里一空刀絵巻」","","art|ent","東京都・江東区","TOKYO DREAM PARK EX STUDIO7","","tokyo","2026-12-01","2027-01-31","","","","","","前期12/1〜1/4・後期1/5〜1/31で展示替え","","","","s-toukenexpo2026","","","一般発売（東京前期）","2026-10-17","10:00","","","","3,500円（平日・土日祝共通、日時指定・来場特典付）","3500","","","","","2026-10-07","","公式サイト","https://stage-toukenranbu-10th-expo.jp/ticket.html","https://stage-toukenranbu-10th-expo.jp/","","","舞台『刀剣乱舞』の10年の歩みを、公演の写真や刀剣男士の衣裳で振り返る展覧会。東京展のあと大阪展へ巡回する。","東京前期はプレリクエスト先行の応募が10/2〜10/7（要無料会員登録）。後期の一般発売は11/21","",""
"293","秋の隕石2026東京","","art|ent","東京都・豊島区","東京芸術劇場","","tokyo","2026-10-09","2026-11-03","","","","","","","","","","","","","","","","","","","","","","","","","","","公式サイト","https://www.geigeki.jp/performance/theater415/","https://www.geigeki.jp/performance/theater415/","35.7295","139.7108","岡田利規がアーティスティック・ディレクターを務める舞台芸術祭。池袋の東京芸術劇場と池袋西口公園野外劇場を中心に、国内外の作品を上演する。","プログラムごとにチケットが異なる。公式サイトで確認","",""
"294","ミュージカル『ミス・サイゴン』","","ent","東京都・渋谷区","東急シアターオーブ","","tokyo","2026-10-16","2026-11-29","","","","","","","","","","","","","","","","","","","平日 S席18,000円／A席12,000円／B席6,000円、土日祝・千穐楽 S席19,000円／A席13,000円／B席7,000円（全席指定・税込）","18000","","","","","2026-10-07","","公式サイト","https://theatre-orb.com/lineup/26_miss_saigon/","https://theatre-orb.com/lineup/26_miss_saigon/","35.6590","139.7038","ベトナム戦争末期のサイゴンを舞台に、少女キムと米兵クリスの愛を描く大作ミュージカル。実物大のヘリコプターが登場する場面で知られる。","未就学児入場不可。全席指定","",""
"295","ブロードウェイ クリスマス・ワンダーランド2026","","ent","東京都・渋谷区","東急シアターオーブ","","tokyo","2026-12-12","2026-12-25","","","","","","","","","","","","","","","","","","","S席11,800円／A席7,800円／B席4,800円（全席指定・税込）","11800","","","","","2026-10-07","","公式サイト","https://theatre-orb.com/lineup/26_bcw/top.html","https://theatre-orb.com/lineup/26_bcw/top.html","35.6590","139.7038","ブロードウェイのミュージカルナンバーとクリスマス曲を集めた、東急シアターオーブの年末恒例公演。","全席指定・税込","",""
"296","オペラ『イタリアのトルコ人』","","ent","東京都・渋谷区","新国立劇場 オペラパレス","","tokyo","2026-10-02","2026-10-12","","","","","","","","","","","","","","","","","","","","","","","","","","","公式サイト","https://www.nntt.jac.go.jp/opera/ilturcoinitalia/","https://www.nntt.jac.go.jp/opera/ilturcoinitalia/","","","ロッシーニの喜劇オペラ。ロラン・ペリー演出で、写真と吹き出しのある「フォトノベル」を着想に、ヒロインの空想を描く洒落た舞台。","料金は公式サイトで確認","",""
"297","オペラ『ピーター・グライムズ』","","ent","東京都・渋谷区","新国立劇場 オペラパレス","","tokyo","2026-11-23","2026-12-05","","","","","","","","","","","","","","","","","","","","","","","","","","","公式サイト","https://www.nntt.jac.go.jp/opera/petergrimes/","https://www.nntt.jac.go.jp/opera/petergrimes/","","","ブリテンのオペラ。新国立劇場オペラパレスで11月23日から上演される2026/27シーズンの演目。","料金は公式サイトで確認","",""
"298","オペラ『フィガロの結婚』","","ent","東京都・渋谷区","新国立劇場 オペラパレス","","tokyo","2026-12-06","2026-12-12","","","","","","","","","","","","","","","","","","","","","","","","","","","公式サイト","https://www.nntt.jac.go.jp/opera/lenozzedifigaro/","https://www.nntt.jac.go.jp/opera/lenozzedifigaro/","","","モーツァルトの代表的な喜劇オペラ。新国立劇場オペラパレスで12月6日から上演される。","料金は公式サイトで確認","",""
"299","演劇『巨匠とマルガリータ』","","ent","東京都・渋谷区","新国立劇場 中劇場","","tokyo","2026-11-07","2026-11-23","","","","","","","","","","","","","","","","","","","","","","","","","","","公式サイト","https://www.nntt.jac.go.jp/play/the-master-and-margarita/","https://www.nntt.jac.go.jp/play/the-master-and-margarita/","","","ブルガーコフの小説を原作とする演劇。2026年9月就任の新国立劇場演劇芸術監督が演出する、中劇場での2026/27シーズン開幕作品。","料金は公式サイトで確認","",""
"300","演劇『ミノタウロスの皿』","","ent","東京都・渋谷区","新国立劇場 小劇場","","tokyo","2026-12-10","2026-12-28","","","","","","","","","","","","","","","","","","","A席おとな8,800円・こども（4歳～小学生）3,300円／B席おとな3,300円・こども1,650円","8800","","","","","2026-10-07","","公式サイト","https://www.nntt.jac.go.jp/play/the-minotaurs-plate/","https://www.nntt.jac.go.jp/play/the-minotaurs-plate/","","","新国立劇場小劇場で12月に上演される2026/27シーズンの演劇。","料金は公式サイトで確認","",""
"301","2026太極拳全国交流大会","","sport","東京都・渋谷区","代々木第一体育館","","tokyo","2026-10-31","2026-10-31","","","","","","","","","","","","","","","","","","","","","","","","","","","公式サイト","https://www.jpnsport.go.jp/yoyogi/Default.aspx?TabId=59&eid=6147&etype=1","https://www.jpnsport.go.jp/yoyogi/Default.aspx?TabId=59&eid=6147&etype=1","35.6702","139.6967","全国の太極拳愛好者が集まる交流大会。代々木第一体育館で開かれる。","観覧の可否・料金は主催者に確認","",""
"302","オペラ『夕鶴』","","art","東京都・千代田区","日生劇場","","tokyo","2026-11-27","2026-11-29","","","13:00","14:00","","各日13:30から作品解説あり","","","","","","","","","","","","","S席16,000円／A席12,000円／B席9,000円／C席6,000円","16000","","","","","2026-10-02","","公式サイト","https://opera.nissaytheatre.or.jp/info/yuzuru2026/","https://opera.nissaytheatre.or.jp/info/yuzuru2026/","35.6745","139.7599","日本オペラ振興会主催・日生劇場共催による『夕鶴』。11月27日〜29日の3日間、各日14時開演。開演前の13時30分から作品解説が行われる。","","",""
"303","IMPACT26","","ent","東京都・中央区","新橋演舞場","","tokyo","2026-10-06","2026-10-28","","","","","","10/2〜10/4は公演中止、10/6から上演","","","","","","","","","","","","","S席13,500円／A席10,000円（税込）","13500","","","","","2026-10-02","","松竹","https://www.shochiku.co.jp/play/schedules/detail/202610_enbujo/","https://www.shochiku.co.jp/play/schedules/detail/202610_enbujo/","35.6685","139.7654","滝沢秀明構成・演出の舞台。IMP.、CLASS SEVEN、TRAINEEの若手が出演し、新橋演舞場で上演。10月2日〜4日は公演中止で、上演は10月6日から28日まで。","未就学児入場不可。10月2日〜4日は公演中止","",""
"304","いのうえ歌舞伎『髑髏城の七人 LAST STAND』","","ent","東京都・中央区","新橋演舞場","","tokyo","2026-11-14","2026-12-25","","","","","","","","","","","","","","","","","","","桟敷席17,000円／1等席16,000円／2等席12,800円／3階A席9,800円／3階B席3,500円","16000","","","","","2026-10-02","","松竹","https://www.shochiku.co.jp/play/schedules/detail/20261112_enbujo/","https://www.shochiku.co.jp/play/schedules/detail/20261112_enbujo/","35.6685","139.7654","2026年劇団☆新感線46周年興行の冬公演。いのうえ歌舞伎として『髑髏城の七人』の最終章となる『LAST STAND』を新橋演舞場で上演する。","11月公演は9/25、12月公演は10/25の10:00発売","",""
"305","森万里子：燦燦","","art","東京都・港区","六本木ヒルズ 森美術館","","tokyo","2026-10-31","2027-03-28","","","","","","","","","","","","","","","","","","","平日 一般2,800円／学生1,700円／シニア2,400円、土日祝 一般3,000円／学生1,800円／シニア2,600円（中学生以下無料。オンライン購入は各200円引）","2800","","","","","2026-10-07","","森美術館","https://www.mori.art.museum/jp/exhibitions/marikomori/index.html","https://www.mori.art.museum/jp/exhibitions/marikomori/index.html","","","国内24年ぶりの大規模個展。30年以上の活動から約40点を紹介し、《Wave UFO》に代表される最新技術を使った作品や、仏教的世界観・宇宙観に根ざした「ワンネス」の探究を体験できる。","10月31日は六本木アートナイトのため翌朝6:00まで開館延長","",""
"306","古舘春一 ハイキュー!!展 挑戦者たち","","art|ent","東京都・港区","六本木ヒルズ 森アーツセンターギャラリー","","tokyo","2026-10-30","2027-01-11","","","","","","日時指定制・会期中無休","","","","","","","","","","","","","一般2,200円／高校生1,400円／小中学生900円／グッズ付4,400円（数量限定）","2200","","","","","2026-10-02","","公式サイト","https://haikyu-challengers-ex.com/ticket/","https://haikyu-challengers-ex.com/","","","日向翔陽と影山飛雄を中心に、キャラクターの成長と挑戦を古舘春一氏の貴重な原稿と本展のための新規描きおろしイラストで振り返る展覧会。東京会場は森アーツセンターギャラリー（52階）。","","",""
"307","KOJIMA PRODUCTIONS 10th ANNIVERSARY EXHIBITION BEYOND THE STRAND：創造と挑戦の航路","","art|ent","東京都・港区","麻布台ヒルズギャラリー","","tokyo","2026-10-31","2026-12-20","","","","","","会期中無休（予定）","","","","","","","","","","","","","","","","","","","","","公式サイト","https://beyondthestrand.kojimaproductions.jp/ja/","https://beyondthestrand.kojimaproductions.jp/ja/","35.6616","139.7409","コジマプロダクション設立10周年を記念する展覧会。『DEATH STRANDING』シリーズなど、創造と挑戦の航路をたどる展示を麻布台ヒルズギャラリーで開催する。","","",""
"308","『深夜食堂』と『かもめ食堂』展 フードスタイリスト・飯島奈美さん20年の仕事と。","","art|food","東京都・渋谷区","渋谷PARCO 8F ほぼ日曜日","","tokyo","2026-10-02","2026-11-08","","","","","","","","","","","","","","","","","","","","","","","","","2026-10-02","","渋谷PARCO","https://shibuya.parco.jp/event/detail/?id=8975","https://shibuya.parco.jp/event/detail/?id=8975","","","フードスタイリスト飯島奈美さんの20年の仕事を紹介。『深夜食堂』の暖簾や提灯など実際の撮影美術セットを展示し、「コの字」カウンターを会場に再現する。『かもめ食堂』のシナモンロールやしょうが焼きのレシピも紹介。","10月3日・4日は事前申込制のおにぎり・豚汁の会（2,000円・お土産つき）","",""
"309","BLEACH 千年血戦篇-禍進譚- THE COLLABORATION CAFE","","ent|food","東京都・渋谷区","渋谷PARCO 6F THE GUEST CAFE BY PARCO","","tokyo","2026-09-18","2026-11-03","","","","","","","","","","","","","","","","","","","","","","","","","2026-10-02","","渋谷PARCO","https://shibuya.parco.jp/event/detail/?id=8955","https://shibuya.parco.jp/event/detail/?id=8955","","","TVアニメ『BLEACH 千年血戦篇-禍進譚-』のコラボカフェ。限定メニューと会場限定グッズ・ノベルティを展開する。","混雑日は「カフェ予約整理券」（LivePocket・無料）の事前予約あり。グッズショップはフリー入場","",""
"310","オクトーバーフェストin東京スカイツリータウン2026","","food|fest","東京都・墨田区","東京スカイツリータウン 4階スカイアリーナ","","tokyo","2026-09-19","2026-10-26","","","","11:00","21:00","月〜木11:00〜21:00、金・土と9/19〜23は11:00〜21:30","","","","","","","","","","","","","入場無料（飲食代別）","","","","","","2026-10-02","","東京ソラマチ","https://www.tokyo-solamachi.jp/event/2811/","https://www.tokyo-solamachi.jp/event/2811/","","","ホフブロイ、パウラーナー、シュパーテン、ビットブルガーなどドイツ各地のビールとソーセージ・プレッツェル、ライスプレートなどが集結。ノンアルコールドリンクもあり、東京スカイツリーを望む会場で楽しめる。","飲食エリアのため補助犬を除きペット同伴不可","",""
"311","BEYBLADE X GP 2026 TOKYO","","sport|fam","東京都・豊島区","池袋サンシャインシティ 噴水広場","","tokyo","2026-10-11","2026-10-11","","","","10:00","18:00","","","","","","","","","","","","","","無料","","","","","","2026-10-02","","サンシャインシティ","https://sunshinecity.jp/event/entry-38993.html","https://beyblade.takaratomy.co.jp/beyblade-x/event/gp_2026.html","","","BEYBLADE Xのトップブレーダーを決める大会。予選を勝ち抜いたレギュラークラス（6〜12歳）8名とオープンクラス8名がトーナメントで競う。優勝者はバンコクの世界大会への出場権を得る。初心者向けの無料体験会もある。","","",""
"312","PERSONA Memoria","","ent","東京都・豊島区","池袋サンシャインシティ バンダイナムコ Cross Store 東京","","tokyo","2026-10-09","2026-12-06","","","","10:00","20:00","","","","","","","","","","","","","","入場無料（各コンテンツの利用は別料金）","","","","","","2026-10-02","","サンシャインシティ","https://sunshinecity.jp/event/entry-38973.html","https://event.bandainamco-am.co.jp/cx/PERSONA_Memoria/","","","『ペルソナ』シリーズ30周年記念の公式イベント。クイズ体験アトラクションや景品がもらえるミニゲーム、歴代主人公の描き下ろしイラスト展示、オリジナルグッズやフード・デザートの販売がある。","","",""
"313","「うどん県。それだけじゃない香川県」魅力発見フェア","","food|fest","東京都・豊島区","池袋サンシャインシティ 噴水広場","","tokyo","2026-11-14","2026-11-15","","","","","","11/14は12:00〜19:00、11/15は10:00〜18:00","","","","","","","","","","","","","無料","","","","","","2026-10-02","","サンシャインシティ","https://sunshinecity.jp/event/entry-38959.html","https://www.my-kagawa.jp/news/2407","","","香川県・香川県観光協会などが共催する物産・観光フェア。池袋・サンシャインシティの噴水広場で2日間開催され、讃岐うどんをはじめ香川の魅力を紹介する。","","",""
"314","サンマ大漁大祭り in 豊洲千客万来","","food|fest","東京都・江東区","豊洲千客万来 1階 江戸前通り","","tokyo","2026-10-12","2026-10-12","","","","13:00","","整理券配布11:00〜。雨天中止の場合あり","","","","","","","","","","","","","無料（当日館内2,000円以上の利用でサンマ半尾のふるまい）","","","","","","2026-10-02","","豊洲千客万来","https://www.toyosu-senkyakubanrai.jp/eventnews/samma","https://www.toyosu-senkyakubanrai.jp/eventnews/samma","","","旬のサンマを自分で焼いて味わえる豊洲千客万来の恒例企画。当日館内2,000円以上の利用で一人半尾がふるまわれる。9月26日に続き10月12日（祝）にも実施。","サンマは自分で焼く。数量限定・なくなり次第終了","",""
"315","六本木アートナイト2026","","art|fest","東京都・港区","東京ミッドタウン","","tokyo","2026-10-31","2026-11-01","","","","","","日没から夜明けまでのオールナイト開催","","","","","","","","","","","","","無料（一部プログラムを除く）","","","","","","2026-10-02","","東京ミッドタウン","https://www.tokyo-midtown.com/jp/event/8083/","https://www.tokyo-midtown.com/jp/event/8083/","35.6641","139.7311","六本木全域を舞台にした一夜限りのアートの祭典で、3年ぶりにオールナイト開催が復活。美術館・文化施設・大型複合施設・商店街で約60以上のプログラムを展開し、今年の「RAN Focus」はフランスに焦点を当てる。","","",""
"316","TOKYO MIDTOWN DESIGN LIVE 2026","","art|exp","東京都・港区","東京ミッドタウン","","tokyo","2026-10-16","2026-11-04","","","","","","10/17・18 フリーライブ、10/24・25 ブックマーケットとトークサロン","","","","","","","","","","","","","","","","","","","","","東京ミッドタウン","https://www.tokyo-midtown.com/jp/event/designlive/","https://www.tokyo-midtown.com/jp/event/designlive/","35.6641","139.7311","テーマは「みつめる」。国内外19組のクリエイターが芝生広場とガレリア館内で作品を展示するほか、音楽のフリーライブ、ブックマーケット、トークサロンも開く。","","",""
"317","名探偵コナンランド2026 ダイバーシティ東京 プラザ会場","","ent|fam","東京都・江東区","お台場ダイバーシティ東京","https://mitsui-shopping-park.com/divercity-tokyo/","tokyo","2026-12-25","2027-01-11","","","","","","","","","","","","","","","","","","","","","","","","","","","ダイバーシティ東京","https://mitsui-shopping-park.com/divercity-tokyo/event/3412437.html","https://mitsui-shopping-park.com/divercity-tokyo/event/3412437.html","35.6255","139.7756","TVアニメ30周年を記念した三井ショッピングパークの巡回イベントのダイバーシティ東京会場。ピンバッジが当たるオリジナルガチャやロッカーくじ、描き下ろしのフォトスポット、特別カラーオブジェ、グッズ販売、スタンプラリーがある。","スケジュールは予告なく変更の可能性あり","",""
"318","HARVEST WEEKS モンブランセレクション2026","","food","東京都・港区","麻布台ヒルズ","","tokyo","2026-09-18","2026-10-12","","","","","","","","","","","","","","","","","","","","","","","","","","","麻布台ヒルズ","https://www.azabudai-hills.com/whats_on/index.html","https://www.azabudai-hills.com/whats_on/index.html","35.6636","139.7458","王道から進化系まで、栗本来の風味を味わえるモンブランの逸品が麻布台ヒルズに集結。食感・香り・温度帯の違いなど新しい楽しみ方を提案する。","購入者にオリジナルしおりをプレゼント","",""
"319","HARVEST WEEKS おいもスイーツセレクション2026","","food","東京都・港区","麻布台ヒルズ","","tokyo","2026-10-13","2026-11-03","","","","","","","","","","","","","","","","","","","","","","","","","","","麻布台ヒルズ","https://www.azabudai-hills.com/whats_on/index.html","https://www.azabudai-hills.com/whats_on/index.html","35.6636","139.7458","実りの秋にちなむグルメ企画「HARVEST WEEKS」の第2弾。さつまいもにフォーカスした「OIMO SWEETS SELECTION」として、旬の食材を使ったスイーツを展開する。","","",""
"320","HIBIYA CINEMA FESTIVAL 2026","","ent","東京都・千代田区","東京ミッドタウン日比谷","https://www.hibiya.tokyo-midtown.com/","tokyo","2026-10-08","2026-10-25","","2026-10-08|2026-10-09|2026-10-10|2026-10-11|2026-10-12|2026-10-17|2026-10-18|2026-10-19|2026-10-20|2026-10-21|2026-10-22|2026-10-23|2026-10-24|2026-10-25","","","","10/13〜16は上映なし。荒天中止","","","","","","","","","","","","","無料（入退場自由）","0","","","","","2026-10-02","","公式サイト","https://www.hibiya.tokyo-midtown.com/hibiya-cinema-festival/","https://www.hibiya.tokyo-midtown.com/hibiya-cinema-festival/","35.6738","139.7592","日比谷ステップ広場をメイン会場に、日比谷公園・日比谷OKUROJIにも屋外スクリーンが登場する街ぐるみの映画祭。会期中に約50本の人気作・名作を上映し、監督登壇のトークや飲食連携企画も実施。第39回東京国際映画祭の直前を飾る。","荒天中止（トークは館内カンファレンスで開催）","","日比谷駅（東京メトロ千代田線・日比谷線・都営三田線）直結"
"321","洋らん展","","art","東京都・新宿区","新宿御苑","https://fng.or.jp/shinjuku/","tokyo","2026-11-17","2026-11-23","","","","","","","","","","","","","","","","","","","入園料 一般500円／65歳以上・学生（高校生以上）250円／中学生以下無料","500","","","","","2026-10-02","","公式サイト","https://fng.or.jp/shinjuku/place/event/","https://fng.or.jp/shinjuku/place/event/","35.6852","139.7100","皇室庭園時代の大正から昭和初期に栽培研究が行われ、御苑独自の品種を多数作出してきた洋ランの伝統を受け継ぐ展示。温室で愛好家からの応募作品と新宿御苑で栽培する洋ランを展示する。","入園料のみで観覧可","大木戸門駐車場 120分600円・以後30分毎200円・最大2900円（200台）","新宿御苑前駅（東京メトロ丸ノ内線）徒歩5分／新宿三丁目駅 徒歩5分"
"322","庭紅葉の六義園 夜間特別観賞","にわもみじのりくぎえん やかんとくべつかんしょう","exp","東京都・文京区","六義園","https://www.tokyo-park.or.jp/park/rikugien/","tokyo","2026-11-25","2026-12-06","","","","18:00","20:30","","","","","","","","","","","","","","前売券1,000円（オンラインのみ）／当日券1,200円／障害者手帳割引500円／小学生以下無料","1200","1000","17","公式オンライン前売","","2026-10-02","前売はオンライン販売のみ","公式サイト","https://www.tokyo-park.or.jp/park/rikugien/news/2026/rikugiengardens.html","https://www.tokyo-park.or.jp/park/rikugien/news/2026/rikugiengardens.html","35.7280","139.7472","紅葉の名所・六義園を夜間に特別開園し、色づいた庭園のライトアップと土蔵壁面へのプロジェクション投影を行う。園内各所にフォトスポットも設置される。夜間特別観賞券のみで入園できる。","最終入園19:30。17時に一度閉園し18時に再開園","",""
"323","秋の六義園 ～大名庭園で日本文化に親しもう～","","exp","東京都・文京区","六義園","https://www.tokyo-park.or.jp/park/rikugien/","tokyo","2026-10-17","2026-12-06","","","","","","","","","","","","","","","","","","","入園料 一般300円／65歳以上150円（各催しは無料、お茶席は有料・事前申込）","300","","","","","2026-10-02","","公式サイト","https://www.tokyo-park.or.jp/event_search/rikugien_autumn.html","https://www.tokyo-park.or.jp/event_search/rikugien_autumn.html","35.7280","139.7472","日本文化をテーマに、江戸太神楽の曲芸公演と体験（10/17）、お茶席体験（10/30）、津軽三味線演奏会（11/3）、和歌の浦パネル展などを開催する秋の催し。参加費は無料（入園料別途）の催しが中心。","お茶席は有料・HPから事前申込制。雨天中止の催しあり","",""
"324","夜間特別開園「小石川後楽園 深山光葉を楽しむ」","","exp","東京都・文京区","小石川後楽園","https://www.tokyo-park.or.jp/park/koishikawakorakuen/index.html","tokyo","2026-11-13","2026-11-24","","","","18:00","21:00","","","","","","","","","","","","","","オンライン前売券1,000円／オンライン当日券1,200円／障害者手帳割引500円","1200","1000","17","公式オンライン前売","","2026-10-02","前売は11/12まで","公式サイト","https://www.tokyo-park.or.jp/event_search/11_13_11_24.html","https://www.tokyo-park.or.jp/event_search/11_13_11_24.html","35.7056","139.7503","大泉水に浮かぶ蓬莱島や一つ松、唐門、雪吊りをライトアップし、円月橋や築地塀でプロジェクションマッピングを行う夜間特別開園。紅葉の情景を光と映像で描く。小梅ちゃん重ね押しスタンプラリーも実施。","最終入園20:00。夜間特別観賞券が必要（年間パスポート・手帳でも必要）","",""
"325","文化の日「唐門」特別開門・「得仁堂」特別公開","","exp","東京都・文京区","小石川後楽園","https://www.tokyo-park.or.jp/park/koishikawakorakuen/index.html","tokyo","2026-11-03","2026-11-03","","","","10:00","16:00","","","","","","","","","","","","","","入園料 一般300円／65歳以上150円","300","","","","","2026-10-02","","公式サイト","https://www.tokyo-park.or.jp/event_search/11_3.html","https://www.tokyo-park.or.jp/event_search/11_3.html","35.7056","139.7503","普段は閉ざされている唐門を年に1度この日だけ特別開門し、江戸時代の順路どおりに園内を周遊できる。普段非公開の得仁堂も特別公開（外から見学）。唐門・内庭と得仁堂に庭園ガイドが常駐する。","特別ガイドは雨天中止","",""
"326","楽天食いしんぼう祭","","food","東京都・渋谷区","代々木公園","https://www.yoyogikoen.info/","tokyo","2026-10-09","2026-10-12","","","","10:00","20:00","最終日は19時まで","","","","","","","","","","","","","入場無料（飲食代は有料）","0","","","","","2026-10-02","","代々木公園イベント＆フェス情報","https://www.yoyogikoen.info/rakuten-kuishinbo-festival-2026-tokyo/","https://event.rakuten.co.jp/food/event/fes/","35.6717","139.6949","楽天市場の店舗によるグルメやスイーツを販売するフード催事。会場での購入はオンライン連動のスタンプラリー対象で、条件に応じて楽天ポイントなどが受け取れる。九州観光・物産フェアの一区画で開催。","","","原宿駅（JR山手線）徒歩約9分／渋谷駅 徒歩約13分／代々木公園駅（千代田線）徒歩約11分"
"327","Red Bull 人力車","","sport|fest","東京都・渋谷区","代々木公園","https://www.yoyogikoen.info/","tokyo","2026-10-14","2026-10-14","","","","12:00","19:00","","","","","","","","","","","","","","観戦無料","0","","","","","2026-10-02","","代々木公園イベント＆フェス情報","https://www.yoyogikoen.info/red-bull-jinrikisha-yoyogi-park-2026/","https://www.redbull.com/jp-ja/events/red-bull-jinrikisha","35.6717","139.6949","2名の俥夫が直線100mを並走する予選と、4つのセクションで構成された特設コースでの決勝で競う人力車レース。レース中の人力車には人が乗らず、大会側が用意した車両を使う。ケヤキ並木通りで観戦できる。","12時受付開始、14時オープニング・予選／決勝（予定）","","原宿駅（JR山手線）徒歩約9分／渋谷駅 徒歩約13分／代々木公園駅（千代田線）徒歩約11分"
"328","代々木公園 SKY LANTERN NIGHT（Indonesia Japan Friendship Festival '26）","","fest|exp","東京都・渋谷区","代々木公園","https://www.yoyogikoen.info/","tokyo","2026-10-17","2026-10-17","","","","19:00","19:30","","","","","","","","","","","","","","参加費3,500円（税込・1個）／小学生以下は参加者同伴で入場無料","3500","","","","","2026-10-02","","代々木公園イベント＆フェス情報","https://www.yoyogikoen.info/yoyogi-park-sky-lantern-night-2026/","http://indonesia-festival.jp","35.6717","139.6949","日本インドネシア市民友好文化フェスティバル会場内で、200個限定のスカイランタンを19時のカウントダウンで一斉に放つ夜のイベント。13時から受付、18時に受け渡し。小学生以下にはランタンの受け渡しなし。","天候・風で中止の場合あり。200個限定","","原宿駅（JR山手線）徒歩約9分／渋谷駅 徒歩約13分／代々木公園駅（千代田線）徒歩約11分"
"329","第3回 ウクライナ フェスタ","","fest|food","東京都・渋谷区","代々木公園","https://www.yoyogikoen.info/","tokyo","2026-10-17","2026-10-18","","","","11:00","18:00","","","","","","","","","","","","","","入場無料","0","","","","","2026-10-02","","代々木公園イベント＆フェス情報","https://www.yoyogikoen.info/ukraine-festa-yoyogi-park-2026/","","35.6717","139.6949","代々木公園ケヤキ並木で開かれるウクライナ文化の祭典。雨天決行。","雨天決行","","原宿駅（JR山手線）徒歩約9分／渋谷駅 徒歩約13分／代々木公園駅（千代田線）徒歩約11分"
"330","MATAHARI LAND","","fest|food","東京都・渋谷区","代々木公園","https://www.yoyogikoen.info/","tokyo","2026-10-24","2026-10-25","","","","10:00","20:00","10/25は19時まで","","","","","","","","","","","","","入場無料","0","","","","","2026-10-02","","代々木公園イベント＆フェス情報","https://www.yoyogikoen.info/matahari-land-yoyogi-park-2026/","","35.6717","139.6949","アースガーデン秋の会場内（イベント広場）で開かれるインドネシア関連の催し。","","","原宿駅（JR山手線）徒歩約9分／渋谷駅 徒歩約13分／代々木公園駅（千代田線）徒歩約11分"
"331","第5回 トルコフード フェスティバル","","food|fest","東京都・渋谷区","代々木公園","https://www.yoyogikoen.info/","tokyo","2026-10-31","2026-11-01","","","","11:00","18:00","","","","","","","","","","","","","","入場無料","0","","","","","2026-10-02","","代々木公園イベント＆フェス情報","https://www.yoyogikoen.info/turkish-food-festival-yoyogi-park-2026/","","35.6717","139.6949","トルコ料理を味わえるフードフェス。代々木公園ケヤキ並木（NHKホール入口横）で開催。雨天決行。","雨天決行","","原宿駅（JR山手線）徒歩約9分／渋谷駅 徒歩約13分／代々木公園駅（千代田線）徒歩約11分"
"332","第6回 ロイカトン フェスティバル","","fest","東京都・渋谷区","代々木公園","https://www.yoyogikoen.info/","tokyo","2026-10-31","2026-11-01","","","","11:00","18:00","","","","","","","","","","","","","","入場無料","0","","","","","2026-10-02","","代々木公園イベント＆フェス情報","https://www.yoyogikoen.info/loy-krathong-festival-yoyogi-park-2026/","","35.6717","139.6949","タイの灯籠流し行事ロイカトンにちなむ祭り。代々木公園ケヤキ並木で開催。雨天決行。","雨天決行","","原宿駅（JR山手線）徒歩約9分／渋谷駅 徒歩約13分／代々木公園駅（千代田線）徒歩約11分"
"333","ACN presents 代々木フォレスト・オブ・ライツ ～光の森～","","art|exp","東京都・渋谷区","代々木公園","https://www.yoyogikoen.info/","tokyo","2026-11-13","2027-01-11","","","","17:30","20:30","","","","","","","","","","","","","","大人（大学生以上）平日3,200円／中高生1,600円／小学生800円。早割（11/13〜11/30）大人2,400円・中高生1,200円・小学生500円。未就学児は保護者同伴で無料（保護者1人につき2人まで）","3200","2400","25","公式チケット（早割）","","2026-10-02","早割は11/13〜11/30の入場対象","TBSチケット","https://tickets.tbs.co.jp/yoyogiforestoflights2026","https://www.yoyogikoen.info/acn-yoyogi-forest-of-lights-2026/","35.6717","139.6949","代々木公園のサイクリングロードエリアを光の演出で彩る冬のイルミネーション。30分ごとの日時指定入場制で、17時30分から20時30分まで入場枠が設けられる。","日時指定入場（最終入場21時・閉場22時）。価格は税込","","原宿駅（JR山手線）徒歩約9分／渋谷駅 徒歩約13分／代々木公園駅（千代田線）徒歩約11分"
"334","MEET YOUR ART FESTIVAL Annex","","art","東京都・渋谷区","代々木公園","https://www.yoyogikoen.info/","tokyo","2026-12-04","2026-12-27","","","","11:00","22:00","","","","","","","","","","","","","","","","","","","","","","代々木公園イベント＆フェス情報","https://www.yoyogikoen.info/meet-your-art-festival-annex-yoyogi-park-2026/","","35.6717","139.6949","代々木公園パノラマ広場で開かれるアートフェスティバルの別会場企画。","","","原宿駅（JR山手線）徒歩約9分／渋谷駅 徒歩約13分／代々木公園駅（千代田線）徒歩約11分"
"335","二子玉川ハロウィンパーティー2026","","fam|fest","東京都・世田谷区","二子玉川ライズ","https://www.rise.sc/","tokyo","2026-10-24","2026-10-25","","","","10:00","17:00","","","","","","","","","","","","","","","","","","","","2026-10-02","","公式サイト","https://www.rise.sc/eventnews/detail/?cd=001519","https://www.rise.sc/eventnews/detail/?cd=001519","35.6115","139.6273","二子玉川ライズ・ドッグウッドプラザ・玉川髙島屋S.C.の3施設合同の親子向けハロウィン。不思議な世界を巡るスタンプラリーを軸に、ワークショップや体験型アクティビティが並び、ステージは「ハロウィンキッズディスコ」にバージョンアップして親子で踊れる。","会場はガレリア・中央広場・ハナミズキ広場・スタジオ&ホール・玉川髙島屋S.C.本館1Fグランパティオ","",""
"336","地域連携アートプロジェクト タマリバーズ vol.15 広場演劇『パラライス～炒（おど）れ、ひと粒のプライドをかけて～』","","art|fam","東京都・世田谷区","二子玉川ライズ ガレリア","https://www.rise.sc/","tokyo","2026-10-10","2026-10-11","","","","11:00","","1日3回公演（11:00／13:30／16:00・各30分）","","","","","","","","","","","","","観覧無料（予約不要）","0","","","","","2026-10-02","","公式サイト","https://www.rise.sc/eventnews/detail/?cd=001515","https://www.rise.sc/eventnews/detail/?cd=001515","","","多摩美術大学の学生が企画・脚本・演出・美術まで担う広場演劇。果物と野菜のダンスバトルが油の川で炒められそうになる顛末を、踊って味わう体験型で上演する。サブイベント「たまたまマーケット」も同時開催。","","",""
"337","映画『ゴジラ-0.0』×ユネッサン コラボ（ゴジラの熱線風呂）","","ent|exp","神奈川県・箱根町","箱根小涌園ユネッサン","https://www.yunessun.com/","kanagawa","2026-10-10","2027-01-04","","","","","","","","","","","","","","","","","","","ユネッサン（水着エリア）入場料 大人（中学生以上）2,500円～／こども（3歳～）1,400円～（税込）","2500","","","","","2026-10-07","","公式サイト","https://www.yunessun.com/godzilla00/","https://www.yunessun.com/godzilla00/","35.2361","139.0392","映画『ゴジラ-0.0』とのコラボ。ゴジラの熱線をイメージした「熱線風呂」、襲撃を追体験できる壁面装飾、特製ブロワーでのゴジラ級ロウリュ＆アウフグース（毎日開催）が登場。限定グッズ付きコラボチケットも販売予定。","映画半券割キャンペーンあり（映画公開11/3以降）。入場料金が必要","第1駐車場180台・第2駐車場330台、平日1,300円/土日祝1,600円（2時間まで無料）","箱根登山バス・伊豆箱根バス「小涌園」バス停下車すぐ（箱根湯本駅からバス約20分）"
"338","江の島・湘南周遊イベント「青春ブタ野郎はたゆたうクラゲの夢を見ない」","","ent|exp","神奈川県・藤沢市","新江ノ島水族館","https://www.enosui.com/","kanagawa","2026-10-16","2026-11-30","","","","","","","","","","","","","","","","","","","水族館入館料 大人2,800円／高校生1,800円／中学生・小学生1,300円／幼児900円（周遊イベントの参加料は未確認）","2800","","","","","2026-10-02","","公式サイト","https://www.enosui.com/evententry.php?eid=02693","https://www.enosui.com/evententry.php?eid=02693","35.3098","139.4798","劇場アニメ「青春ブタ野郎はディアフレンドの夢を見ない」の公開に合わせ、江の島・湘南エリアで作品に登場する景色を探しながら巡る周遊イベント。藤沢市観光協会・江ノ電・湘南モノレール・小田急などが協力。","","",""
"339","「ツシマヤマネコの日」イベント（ズーラシア）","","fam|exp","神奈川県・横浜市","よこはま動物園ズーラシア","https://www.hama-midorinokyokai.or.jp/zoo/zoorasia/","kanagawa","2026-10-07","2026-10-26","","","","","","","","","","","","","","","","","","","入園料 一般800円／中人・高校生300円／小・中学生200円（小学生未満無料）","800","","","","","2026-10-07","","公式サイト","https://www.hama-midorinokyokai.or.jp/zoo/zoorasia/details/2026/post-558922.php","https://www.hama-midorinokyokai.or.jp/zoo/zoorasia/details/2026/post-558922.php","35.5194","139.5223","ツシマヤマネコ飼育開始20周年を記念し、10月8日のツシマヤマネコの日に合わせて、特別ガイド、パネル展、保護団体（対馬市・ツシマヤマネコを守る会）のブース出展などを実施する。","","2,200台、普通車1日1,000円(8月の土日祝ナイトズーラシア開催日は2,000円)","相鉄線「鶴ヶ峰」「三ツ境」駅またはJR横浜線・地下鉄「中山」駅からバス"
"340","「世界サイの日」特別イベント（ズーラシア）","","fam|exp","神奈川県・横浜市","よこはま動物園ズーラシア","https://www.hama-midorinokyokai.or.jp/zoo/zoorasia/","kanagawa","2026-09-19","2026-10-26","","","","","","","","","","","","","","","","","","","入園料 一般800円／中人・高校生300円／小・中学生200円（小学生未満無料）","800","","","","","2026-10-07","","公式サイト","https://www.hama-midorinokyokai.or.jp/zoo/zoorasia/details/2026/post-558923.php","https://www.hama-midorinokyokai.or.jp/zoo/zoorasia/details/2026/post-558923.php","35.5194","139.5223","世界サイの日に合わせ、ヒガシクロサイ屋内展示場内でクロサイを中心に世界のサイの現状を伝えるパネル展を開催する。","","2,200台、普通車1日1,000円(8月の土日祝ナイトズーラシア開催日は2,000円)","相鉄線「鶴ヶ峰」「三ツ境」駅またはJR横浜線・地下鉄「中山」駅からバス"
"341","世界オカピの日特別イベント 2026","","fam|exp","神奈川県・横浜市","よこはま動物園ズーラシア","https://www.hama-midorinokyokai.or.jp/zoo/zoorasia/","kanagawa","2026-10-11","2026-10-12","","","","11:00","15:30","","","","","","","","","","","","","","入園料 一般800円／中人・高校生300円／小・中学生200円（小学生未満無料）","800","","","","","2026-10-07","","公式サイト","https://www.hama-midorinokyokai.or.jp/zoo/zoorasia/details/2026/okapi-2026.php","https://www.hama-midorinokyokai.or.jp/zoo/zoorasia/details/2026/okapi-2026.php","35.5194","139.5223","世界オカピの日に合わせ、特別ガイド、アフリカ楽器コラの演奏、アフリカンマーケット、ワークショップ、パネル展などを開催。売り上げの一部はオカピ保全プロジェクトへ寄付される。","","2,200台、普通車1日1,000円(8月の土日祝ナイトズーラシア開催日は2,000円)","相鉄線「鶴ヶ峰」「三ツ境」駅またはJR横浜線・地下鉄「中山」駅からバス"
"342","ズーラシア・キャンプ","","exp|fam","神奈川県・横浜市","よこはま動物園ズーラシア","https://www.hama-midorinokyokai.or.jp/zoo/zoorasia/","kanagawa","2026-10-31","2026-11-01","","","","16:30","10:00","","","","","","","","申込受付","2026-09-30","10:00","2026-10-14","17:00","定員10組（1組最大4名）","大人15,000円／18歳以下10,000円（夕食・朝食付き・入園料不要）","15000","","","","","2026-10-07","","公式サイト","https://www.hama-midorinokyokai.or.jp/zoo/zoorasia/details/2026/post-558945.php","https://www.hama-midorinokyokai.or.jp/zoo/zoorasia/details/2026/post-558945.php","35.5194","139.5223","閉園後のみんなのはらっぱで自分たちでテントを設営し、マシュマロ焼きやスカイランタンを体験。翌朝は参加者限定の飼育員体験プログラムがある1泊2日の宿泊型イベント。","定員10組（1組最大4名）・4歳以上・18歳以下は保護者同伴。夜間の動物観覧はなし","2,200台、普通車1日1,000円(8月の土日祝ナイトズーラシア開催日は2,000円)","相鉄線「鶴ヶ峰」「三ツ境」駅またはJR横浜線・地下鉄「中山」駅からバス"
"343","今までありがとう タヌキガイド","","fam|exp","神奈川県・横浜市","野毛山動物園","https://www.hama-midorinokyokai.or.jp/zoo/nogeyama/","kanagawa","2026-10-18","2026-10-18","","","","15:30","","","","","","","","","","","","","","","入園無料","0","","","","","2026-10-07","","公式サイト","https://www.hama-midorinokyokai.or.jp/zoo/nogeyama/details/post-12011.php","https://www.hama-midorinokyokai.or.jp/zoo/nogeyama/details/post-12011.php","35.4470","139.6223","野毛山動物園で親しまれたホンドタヌキの「ヒフミ」と「ウタ」が10月19日にズーラシアへ移動するのを前に、感謝を込めて行うお別れのガイド。展示場前で15:30から。","","",""
"344","コアラ・オオカンガルー来園40周年イベント","","fam|exp","神奈川県・横浜市金沢区","金沢動物園","https://www.hama-midorinokyokai.or.jp/zoo/kanazawa/","kanagawa","2026-10-13","2026-12-27","","","","","","","","","","","","","","","","","","","入園料 一般500円／中人・高校生300円／小・中学生200円（特別ガイド等は入園料のみ。事前申込のバックヤードツアー5,600円等は受付終了）","500","","","","","2026-10-07","","公式サイト","https://www.hama-midorinokyokai.or.jp/zoo/kanazawa/details/koala%20kangaroo40th.php","https://www.hama-midorinokyokai.or.jp/zoo/kanazawa/details/koala%20kangaroo40th.php","35.3565","139.6165","1986年10月25日のコアラ・オオカンガルー来園から40周年を記念し、オセアニア休憩所でのモザイクアート展・写真展、オオカンガルー特別ガイド、グッズ・フード販売などを実施する。","コアラ舎でのガイドは10/24・25は実施せず「コアラの特別おはなし会」のみ。事前申込企画の一部は受付終了","",""
"345","わんわん西武園ゆうえんち ～わんだふるハロウィン～","","fam|exp","埼玉県・所沢市","西武園ゆうえんち","https://www.seibuen-amusement-park.jp/index.html","saitama","2026-10-23","2026-10-25","","","","","","","","","","","","","","","","","","","大人4,900円／中高生4,200円／小学生3,600円／未就学児(3歳～)1,900円（1日レヂャー切符）／わんちゃん料金は別途","4900","","","","","2026-10-07","","公式サイト","https://www.seibuen-amusement-park.jp/event/pet202610/index.html","https://www.seibuen-amusement-park.jp/event/pet202610/index.html","35.769024","139.4426543","3日間限定で愛犬と一緒に遊園地を楽しめる企画。おめかしした犬と歩く約50mのレッドカーペット、6つのアトラクションへの同伴乗車、ドッグラン、ペットブランドのマルシェを開催。マナーパンツ着用必須。","","普通車1,800円(7/18〜8/31は2,000円)、大型車2,500円(同期間3,000円)、バイク500円、自転車100円、事前精算制","西武園ゆうえんち駅"
"346","ハイカラ・ハロウィン 2026","","fam|fest","埼玉県・所沢市","西武園ゆうえんち","https://www.seibuen-amusement-park.jp/index.html","saitama","2026-10-03","2026-10-31","","","","","","","","","","","","","","","","","","","大人4,900円／中高生4,200円／小学生3,600円／未就学児(3歳～)1,900円（1日レヂャー切符）","4900","","","","","2026-10-07","","公式サイト","https://www.seibuen-amusement-park.jp/event/halloween_2026/index.html","https://www.seibuen-amusement-park.jp/event/halloween_2026/index.html","35.769024","139.4426543","昭和の街並みを再現した夕日の丘商店街で開く、2回目のハロウィン。住人たちが仮装して踊るゲスト参加型の「ハイカラ・ハロウィンパレード」が目玉で、来場者の仮装参加も歓迎。入園は別途1日レヂャー切符が必要。","","普通車1,800円(7/18〜8/31は2,000円)、大型車2,500円(同期間3,000円)、バイク500円、自転車100円、事前精算制","西武園ゆうえんち駅"
"347","ムーミン谷の湖上花火大会 2026（10月開催）","","fest|fam","埼玉県・飯能市","ムーミンバレーパーク","https://metsa-hanno.com/","saitama","2026-10-03","2026-10-31","","","","","","","","","","","","","","","","","","","1デーパス おとな当日4,300円（前売3,900円）／こども(4歳～高校生)前売1,000円","4300","","","","","2026-10-07","","公式サイト","https://metsa-hanno.com/event/45545/","https://metsa-hanno.com/event/45545/","35.8719763","139.3258264","ムーミンバレーパークのオリジナルソングに合わせ、湖上から花火を打ち上げる。日没後は木々のライトアップも色が変化。花火開催日は16時入園のナイトパスを販売（こどもの設定なし）。少雨決行・強風荒天中止。","少雨決行、強風荒天中止","あり","飯能駅"
"348","虫へんはみんなむし－蟲をめぐる博物誌","","art","埼玉県・所沢市","角川武蔵野ミュージアム","https://kadcul.com/","saitama","2026-10-17","2027-04-05","","","","","","","","","","","","","","","","","","","一般（大学生以上）1,400円／中高生1,200円／小学生1,000円／未就学児無料（KCMスタンダードチケット）","1400","","","","","2026-10-07","","公式サイト","https://kadcul.com/event/289","https://kadcul.com/event/289","35.797689","139.5078666","荒俣宏監修の博物画展。蝶・蛙・蜂・蛸・蛇・虹・腹の虫まで「虫偏」の生き物を網羅し、ドノヴァン『イギリスの昆虫』などの手彩色図版を紹介する。4Fの荒俣ワンダー秘宝館で開催。今年4〜9月の「鳥」展に続く企画。","10月の休館日は6・13・20・27日。チケットはFeverで販売","ところざわサクラタウン第1駐車場 30分200円・24時間最大800円、第2・3駐車場 30分200円・24時間最大600円","JR武蔵野線 東所沢駅から徒歩約10分"
"349","企画展「水石／類推の山－大和田良写真展」","","art","埼玉県・さいたま市","さいたま市大宮盆栽美術館","","saitama","2026-10-24","2026-11-29","","","","","","","","","","","","","","","","","","","一般310円／高大生・65歳以上150円／小中学生100円","310","","","","","2026-10-07","","公式サイト","https://www.bonsai-art-museum.jp/ja/exhibition/","https://www.bonsai-art-museum.jp/ja/exhibition/exhibition-11943/","35.9285484","139.6335415","写真家・大和田良による展覧会。自然石に山水を見立てる水石の文化を、風景と石の輪郭が重なる写真で捉え直す。10/25と11/15に作家ギャラリートーク、11/1に巖谷國士講演会（無料・要申込）を開催。","定休は木曜（館内カレンダーで要確認）","",""
"350","アンデルセンフェスティバル（開園30周年記念）","","fam|exp","千葉県・船橋市","ふなばしアンデルセン公園","https://www.park-funabashi.or.jp/and/","chiba","2026-10-01","2026-12-25","","","","","","","","","","","2026-09-25","","","","","","","","入園料 一般900円／高校生600円／小中学生200円／幼児（4歳以上）100円（催しにより別途費用）","900","","","","","2026-10-07","","ふなばしアンデルセン公園公式サイト","https://www.park-funabashi.or.jp/and/aevents/30th_anniversary.html","https://www.park-funabashi.or.jp/and/aevents/30th_anniversary.html","35.7383","140.0522","開園30周年を記念し、デンマークの文化やアンデルセン童話にちなんだイベントを12月25日まで開催。特別企画展、記念花壇、スタンプラリー、童話歌劇、アトリエプログラム「デンマークの妖精さん」(700円)などを実施。","","普通車500円（冬期300円）","新京成線 三咲駅（バス約12分）"
"351","開園30周年記念オリジナルグッズ原画展","","art","千葉県・船橋市","ふなばしアンデルセン公園","https://www.park-funabashi.or.jp/and/","chiba","2026-10-01","2026-10-15","","","","","","","","","","","","","","","","","","","入園料 一般900円／高校生600円／小中学生200円／幼児（4歳以上）100円","900","","","","","2026-10-07","","ふなばしアンデルセン公園公式サイト","https://www.park-funabashi.or.jp/and/aevents/30th_anniversary.html","https://www.park-funabashi.or.jp/and/aevents/30th_anniversary.html","35.7383","140.0522","開園30周年記念に作成した「榮太樓飴入り記念ボックス」とサコッシュ・水筒・ポーチの原画10点を間近で見られる展示。会場はメルヘンの丘ゾーンのコミュニティーセンター。","","普通車500円（冬期300円）","新京成線 三咲駅（バス約12分）"
"352","ハロウィンに飾るドライフラワーを使った魔女の帽子作り","","exp|fam","千葉県・船橋市","ふなばしアンデルセン公園","https://www.park-funabashi.or.jp/and/","chiba","2026-10-17","2026-10-17","","","","10:30","","①10:30 ②14:00 各回定員10名","","","","","","","電話予約（先着）","2026-10-01","09:00","","","各回10名","参加費2,000円（別途入園料 一般900円）","900","","","","","2026-10-07","","ふなばしアンデルセン公園公式サイト","https://www.park-funabashi.or.jp/and/aevents/261017.html","https://www.park-funabashi.or.jp/and/aevents/261017.html","35.7383","140.0522","ドライフラワーや木の実を使い、ハロウィンに飾る魔女の帽子を作る教室。会場はメルヘンの丘ゾーンのコミュニティーセンター。各回定員10人で、電話予約制。","","普通車500円（冬期300円）","新京成線 三咲駅（バス約12分）"
"353","ハロウィン装飾","","fam","千葉県・船橋市","ふなばしアンデルセン公園","https://www.park-funabashi.or.jp/and/","chiba","2026-10-01","2026-10-31","","","","","","","","","","","","","","","","","","","入園料 一般900円／高校生600円／小中学生200円／幼児（4歳以上）100円","900","","","","","2026-10-07","","ふなばしアンデルセン公園公式サイト","https://www.park-funabashi.or.jp/and/aevents/event_halloween.html","https://www.park-funabashi.or.jp/and/aevents/event_halloween.html","35.7383","140.0522","園内の花の城ゾーンのハート型トピアリーや風車前、農家などがハロウィン装飾に彩られる。園内を歩きながら秋のかわいい飾り付けを楽しめる。","","普通車500円（冬期300円）","新京成線 三咲駅（バス約12分）"
"354","マザー牧場 秋限定イベント（もぐもぐタイム・大人のこぶたレース）","","fam|exp","千葉県・富津市","マザー牧場","https://www.motherfarm.co.jp/","chiba","2026-10-01","2026-10-31","","","","","","もぐもぐタイムは9/19〜10/30の11:30〜12:30、エサ代500円","","","","","2026-10-01","","","","","","","","もぐもぐタイム エサ代500円／大人のこぶたレース 無料（平日限定・抽選）／別途入場料 大人1,800円・小人900円","1800","","","","","2026-10-07","","マザー牧場公式サイト","https://www.motherfarm.co.jp/information/news/detail.php?CN=432299","https://www.motherfarm.co.jp/information/news/detail.php?CN=432299","35.2264","139.928","秋だけの催し。ふれあい牧場でヤギ・羊・マーラ・カピバラに期間限定でエサやりできる「もぐもぐタイム」や、平日限定で大人も選手になれる「大人のためのこぶたのレース」などを開催。","","乗用車1,000円（16時以降は500円）","JR内房線 君津駅（直通バス約35分）"
"355","マザー牧場 ハロウィーン","","fam|exp","千葉県・富津市","マザー牧場","https://www.motherfarm.co.jp/","chiba","2026-10-03","2026-10-31","","","","","","","","","","","2026-09-22","","","","","","","","フォトラリー台紙200円／別途入場料 大人1,800円・小人900円","1800","","","","","2026-10-07","","マザー牧場公式サイト","https://www.motherfarm.co.jp/information/news/detail.php?CN=434779","https://www.motherfarm.co.jp/information/news/detail.php?CN=434779","35.2264","139.928","場内4か所のハロウィーンスポットを探して写真を撮るフォトラリー（所要約1時間、達成でオリジナルマグネット進呈）を開催。見頃のコキアも一緒に楽しめる。","","乗用車1,000円（16時以降は500円）","JR内房線 君津駅（直通バス約35分）"
"356","アグロドーム30周年特別イベント","","fam|ent","千葉県・富津市","マザー牧場","https://www.motherfarm.co.jp/","chiba","2026-10-03","2027-01-11","","","","","","10・11月は11:00/13:30/15:30（15:30は土日祝のみ）、12・1月は11:00/13:30","","","","","2026-09-26","","","","","","","","ショー無料（別途入場料 大人1,800円・小人900円）","1800","","","","","2026-10-07","","マザー牧場公式サイト","https://www.motherfarm.co.jp/information/news/detail.php?CN=434766","https://www.motherfarm.co.jp/information/news/detail.php?CN=434766","35.2264","139.928","アグロドーム開館30周年を記念し、オープン当時の屋内外を舞台にしたショーを再現。牧羊犬と仲間たちの活躍やシープショーに、普段は登場しない動物や新要素も加わる。","","乗用車1,000円（16時以降は500円）","JR内房線 君津駅（直通バス約35分）"
"357","秋のナイトアドベンチャー","","exp|fam","千葉県・鴨川市","鴨川シーワールド","https://www.kamogawa-seaworld.jp/","chiba","2026-10-03","2026-10-25","","2026-10-03|2026-10-04|2026-10-10|2026-10-11|2026-10-12|2026-10-17|2026-10-18|2026-10-24|2026-10-25","","20:00","21:20","全9日・各日定員100名・電話予約（先着）","","","","","2026-09-15","","電話予約（先着）","2026-09-18","10:00","","16:00","各日定員になり次第締切","大人1,800円／小中学生1,100円／幼児（4歳以上）700円（3歳以下無料）","1800","","","","","2026-10-07","","鴨川シーワールド公式サイト","https://www.kamogawa-seaworld.jp/event/event_info/16014/","https://www.kamogawa-seaworld.jp/event/event_info/16014/","35.1122","140.1544","閉館後の水族館を飼育員のガイド付きで巡り、立ったまま眠るペンギンなど動物たちの夜の過ごし方を観察する約60分のツアー。今回はシャチの特別レクチャー（約10分）を新たに追加。","荒天・動物事情で中止の場合あり。予約 TEL 04-7093-4803。夜は駐車場無料","普通車1,200円（1日）","JR外房線 安房鴨川駅（無料送迎バス約10分）"
"358","歿後30年 挿絵画家・今村恒美 あこがれの江戸展","","art","千葉県・佐倉市","佐倉市立美術館","https://www.city.sakura.lg.jp/section/museum/","chiba","2026-10-31","2026-12-20","","","10:00","","18:00","月曜休館（祝日の場合は翌平日）、入館は17:30まで","","","","","","","","","","","","","一般800円（団体640円）／大学生600円（団体480円）／高校生以下無料","800","","","","","2026-10-02","","佐倉市立美術館公式サイト","https://www.city.sakura.lg.jp/section/museum/exhibition/2026/202610imamuratunemi.html","https://www.city.sakura.lg.jp/section/museum/exhibition/2026/202610imamuratunemi.html","35.7217","140.2261","","","夢咲くら館駐車場（3時間まで無料）","京成本線 京成佐倉駅（徒歩8分）"
"359","ミュージアム・コンサート","","ent|art","千葉県・佐倉市","佐倉市立美術館","https://www.city.sakura.lg.jp/section/museum/","chiba","2026-10-17","2026-10-17","","","","14:00","","","","","","","","","","","","","","","無料（申込不要）","","","","","","2026-10-02","","佐倉市立美術館公式サイト","https://www.city.sakura.lg.jp/section/museum/","https://www.city.sakura.lg.jp/section/museum/","35.7217","140.2261","","協力：佐倉楽友協会。土曜日開催","夢咲くら館駐車場（3時間まで無料）","京成本線 京成佐倉駅（徒歩8分）"
"360","もみじ谷ライトアップ","","exp","茨城県・水戸市","偕楽園","https://ibaraki-kairakuen.jp/","ibaraki","2026-11-07","2026-11-29","","","","","21:00","日没〜21時。色づき状況により期間変更の場合あり","","","","","","","","","","","","","無料（拡張部は常時開放）","","","","","","2026-10-02","","公式サイト","https://ibaraki-kairakuen.jp/news/detail?id=5899","https://ibaraki-kairakuen.jp/","36.3731","140.4495","","","偕楽園下駐車場(140台)ほか常磐神社駐車場・桜山駐車場など周辺に無料駐車場あり","JR水戸駅/常磐線"
"361","収蔵作品展「再会―17人のアーティストによる伝言」","","art","茨城県・水戸市","水戸芸術館","https://www.arttowermito.or.jp/","ibaraki","2026-11-07","2027-01-31","","","10:00","","","10:00-18:00（入場は17:30まで）","","","","","","","","","","","","","一般900円","900","","","","","2026-10-02","高校生以下・満70歳以上は無料","公式サイト","https://www.arttowermito.or.jp/gallery/lineup/article_5432.html","https://www.arttowermito.or.jp/gallery/lineup/article_5432.html","36.3804","140.4658","水戸芸術館現代美術センターが1990年の開館以来収集してきた収蔵作品から、80年代末〜2026年の新規収蔵までの約50点を、初展示作品も含めて紹介。17人のアーティストが作品に託した伝言をたどる。解説・鑑賞ガイド付きで初心者や子どもも楽しめる。","","市営五軒町駐車場(地下217台・立体283台、30分無料/以降30分ごと100円、1日上限700円)","JR水戸駅北口バスターミナルからバス約10分「泉町1丁目」下車徒歩2分"
"362","地質標本館イベント「孔雀石から絵の具を作ろう」","","exp|fam","茨城県・つくば市","地質標本館","https://www.gsj.jp/Muse/","ibaraki","2026-11-07","2026-11-07","","","","","","","","","","","2026-10-02","","","","","","","","無料","","","","","","2026-10-02","","公式サイト","https://www.gsj.jp/Muse/","https://www.gsj.jp/Muse/","36.0648","140.1275","日本画の顔料（岩絵具）に使われてきた鉱物「孔雀石」から、当時と同じ方法で絵の具を作る体験。館内の鉱物標本から絵の具になる鉱物を探すイベントも同時開催し、どちらに参加しても顔料鉱物のおすすめ標本カードがもらえる。","予約不要。土日祝は産総研内の食堂・コンビニが休み","見学者用駐車場あり(入構時に守衛所で通行証を受取)","つくばエクスプレス「つくば駅」から関東鉄道バス「並木二丁目」下車徒歩5分"
"363","家族でわくわくミュージアムVol.2","","fam|exp","茨城県・水戸市","茨城県近代美術館","https://www.modernart.museum.ibk.ed.jp/","ibaraki","2026-11-21","2026-11-21","","","","14:00","","","","","","","","","","","","","","","","","","","","","2026-10-02","","公式サイト","https://www.modernart.museum.ibk.ed.jp/viewer/info.html?id=591","https://www.modernart.museum.ibk.ed.jp/","36.3628","140.4595","","11/21は小学生＋保護者対象。定員に達し募集終了（9/6・9/18回は終了）","ザ・ヒロサワ・シティ会館前駐車場(美術館利用者は駐車サービス券提示で無料)、満車時は千波湖南側臨時駐車場(無料)","JR水戸駅南口からバス「文化センター入口」下車徒歩5分、南口から徒歩約20分"
"364","筑波宇宙センター特別公開","","fam|exp","茨城県・つくば市","JAXA筑波宇宙センター","https://visit-tsukuba.jaxa.jp/","ibaraki","2026-11-28","2026-11-28","","","","10:00","15:30","","","","","","2026-07-17","","","","","","","","無料","0","","","","","2026-10-02","","公式サイト","https://visit-tsukuba.jaxa.jp/info/info_20260717.html","https://visit-tsukuba.jaxa.jp/","36.0684","140.1303","JAXA筑波宇宙センターが年1回、一般向けに特別公開する日。入場は無料で、展示館「スペースドーム」などを見学できる。つくば駅からの無料送迎バスが当日のみ運行。詳細は後日、特設サイトで案内される。","入場無料。駐車場は事前申込制（抽選）。つくば駅から無料送迎バス。雨天決行。この日は有料見学ツアー休止","見学者駐車場(50台)","つくばエクスプレス「つくば駅」からバス約10分「物質材料研究機構」下車徒歩1分"
"365","国際ジャガーの日特別コラボイベント 東武×かみね 2園巡るんジャガー！！","","fam|exp","茨城県・日立市","日立市かみね動物園","","ibaraki","2026-11-01","2026-11-30","","","","","","","","","","","2026-10-01","","","","","","","","入園料 大人520円／こども（4歳〜中学生）100円","520","","","","","2026-10-02","","公式サイト","https://www.city.hitachi.lg.jp/zoo/event/1021273.html","https://www.city.hitachi.lg.jp/zoo/","36.5942","140.6497","ジャガーを飼育する東武動物公園（埼玉）とかみね動物園の2園を期間中に巡ると、ポストカードと缶バッジのノベルティがもらえる国際ジャガーの日コラボ。ジャガーの保護についても学べる。","ノベルティは各園限定50セット、なくなり次第終了。休園日あり","",""
"366","かみね昆虫図鑑をつくろう","","fam|exp","茨城県・日立市","日立市かみね動物園","","ibaraki","2026-10-18","2026-10-18","","","","13:30","15:30","","","","","","2026-10-01","","","","","","","","入園料 大人520円／こども（4歳〜中学生）100円","520","","","","","2026-10-02","","公式サイト","https://www.city.hitachi.lg.jp/zoo/event/1021213.html","https://www.city.hitachi.lg.jp/zoo/","36.5942","140.6497","園内で昆虫を捕まえ、飼育員と一緒に図鑑で名前を調べて、動物園にすむ生き物を知る観察イベント。応募フォームから申込み、多数の場合は抽選。","小学生以上（大人も可）、1組3名まで・5組程度。申込制で多数の場合は抽選。雨天決行・荒天中止","",""
"367","海浜陶芸まつり","","exp|art","茨城県・ひたちなか市","国営ひたち海浜公園","https://www.hitachikaihin.jp/","ibaraki","2026-10-17","2026-10-18","","","","10:00","16:00","","","","","","","","","","","","","","入園料 大人450円(別途)","450","","","","","2026-08-23","","公式サイト","https://www.hitachikaihin.jp/event/recommend-event/tougei-maturi2026.html","https://www.hitachikaihin.jp/","36.3987","140.5994","笠間焼協同組合との共催で、笠間焼の魅力を体感できる2日間。体験イベントや陶器の展示・販売があり、子供から大人まで楽しめる。","雨天中止。会場はみはらしの里周辺","西駐車場(2,000台)・南駐車場(2,000台)・海浜口駐車場(350台)。普通車1日600円","JR常磐線「勝田駅」からバス15〜30分、ひたちなか海浜鉄道「阿字ヶ浦駅」から徒歩20分/バス10分"
"368","ボランティアまつり","","exp|fam","茨城県・ひたちなか市","国営ひたち海浜公園","https://www.hitachikaihin.jp/","ibaraki","2026-10-24","2026-10-24","","","","10:00","15:00","","","","","","","","","","","","","","入園料 大人450円(別途)","450","","","","","2026-08-23","","公式サイト","https://www.hitachikaihin.jp/event/recommend-event/volunteer-festival2026.html","https://www.hitachikaihin.jp/","36.3987","140.5994","園で活躍するボランティア「パークパートナー」が一堂に集まり、押し葉あそび、サシェやドライフラワーブーケづくり、ハーブクラフトなどの体験・ハーブティーサービスを行う。","雨天中止。会場はみはらしの里周辺","西駐車場(2,000台)・南駐車場(2,000台)・海浜口駐車場(350台)。普通車1日600円","JR常磐線「勝田駅」からバス15〜30分、ひたちなか海浜鉄道「阿字ヶ浦駅」から徒歩20分/バス10分"
"369","秋のスタンプラリー「ふわりん・もこ太のコキア旅」","","exp|fam","茨城県・ひたちなか市","国営ひたち海浜公園","https://www.hitachikaihin.jp/","ibaraki","2026-10-09","2026-11-03","","","","9:30","17:00","11/1〜11/3は16:30まで","","","","","","","","","","","","","参加無料（入園料 大人450円は別途）","450","","","","","2026-08-23","","公式サイト","https://www.hitachikaihin.jp/event/nature/page001025.html","https://www.hitachikaihin.jp/","36.3987","140.5994","コキア植栽20周年を記念し、コキアとみはらしの丘にフォーカスして園内各所を巡るスタンプラリー。定員なし、参加無料。","","西駐車場(2,000台)・南駐車場(2,000台)・海浜口駐車場(350台)。普通車1日600円","JR常磐線「勝田駅」からバス15〜30分、ひたちなか海浜鉄道「阿字ヶ浦駅」から徒歩20分/バス10分"
"370","シンシナティ美術館展 アメリカに渡ったヨーロッパの至宝","","art","東京都・台東区","上野の森美術館","https://www.ueno-mori.org/","tokyo","2026-10-10","2027-01-10","","","","10:00","17:00","会期中無休・入館は閉館30分前まで","","","","","","","","","","","","","一般2,400円／高校・専門・大学生1,500円／小・中学生800円（未就学児無料）","2400","","","","","2026-10-03","","公式サイト","https://www.ueno-mori.org/exhibitions/article.cgi?id=12651051","https://www.ueno-mori.org/exhibitions/article.cgi?id=12651051","35.7106","139.7736","米国シンシナティ美術館が所蔵するヨーロッパ絵画の名品を紹介する展覧会。上野の森美術館の本館1・2階とギャラリーを使う大型展で、会期は約3か月。10/10〜10/31の平日は大学生以下が無料（要証明）。","10/10〜10/31の平日は大学生以下無料（要証明）。障がい者手帳をお持ちの方と付き添い1名は当日料金半額","","上野駅（徒歩3分）"
"371","アルベール・マルケ展","あるべーるまるけてん","art","東京都・新宿区","SOMPO美術館","https://www.sompo-museum.org/","tokyo","2026-09-22","2026-12-13","","","","10:00","18:00","金曜は20:00まで・月曜休館（10/12・11/23は開館）・素描類は11/1まで前期、11/3から後期","","","","","","","","","","","","","一般（26歳以上）当日2,000円・事前購入1,800円／25歳以下当日1,200円・事前購入1,100円／小中高校生・障がい者手帳をお持ちの方は無料","2000","","","","","2026-10-03","","公式サイト","https://www.sompo-museum.org/exhibitions/2025/albertmarquet/","https://www.sompo-museum.org/exhibitions/2025/albertmarquet/","35.6929","139.6968","フォーヴィスムの画家マルケの国内35年ぶりの回顧展。ボルドー美術館など仏公立美術館や国内外の所蔵家の作品約90点で、セーヌなど水辺の風景や晩年のポン=ヌフ連作をたどる。素描は会期中に展示替え。11/3は先着300名に記念品。","混雑時は入場制限の可能性。本展は団体券なし。11/3(祝)来場の先着300名に記念品","","新宿駅（徒歩5分）"
"372","三上亮退任記念展 （ひみつ）行為の無作為","","art","東京都・台東区","東京藝術大学大学美術館 陳列館・正木記念館","https://museum.geidai.ac.jp/","tokyo","2026-10-03","2026-10-18","","","","10:00","17:00","入館は16:30まで・10/5(月)と10/13(火)休館","","","","","","","","","","","","","無料","","","","","","2026-10-03","","公式サイト","https://museum.geidai.ac.jp/exhibit/2026/10/mikamiryo.html","https://museum.geidai.ac.jp/exhibit/2026/10/mikamiryo.html","","","藝大陶芸研究室で10年教えた三上亮の退任展。陳列館1階で代表作を年表的に、2階で窯ごとに素材を変えて焼く焼成テストの陶片を、正木記念館で野焼きの新作《round》を展示する。10/4と10/14にトークあり。","10/4(日)14:00・10/14(水)13:30にトークイベント","",""
"373","古川聖退任記念展 共振する音とメディア 〜メディアアート・ミュージックの現在〜","","art|tech","東京都・台東区","東京藝術大学大学美術館 陳列館","https://museum.geidai.ac.jp/","tokyo","2026-10-31","2026-11-08","","","","10:00","17:00","入館は16:30まで・会期中無休","","","","","","","","","","","","","無料","","","","","","2026-10-03","","公式サイト","https://museum.geidai.ac.jp/exhibit/2026/10/furukawakiyoshi.html","https://museum.geidai.ac.jp/exhibit/2026/10/furukawakiyoshi.html","","","先端芸術表現科の古川聖教授の退任展。アルゴリズム作曲やコンピュータ音楽から認知科学・AI・アートとケアまで広がる仕事を、体験型作品、解説パネルと記録映像、メディアパフォーマンスコンサートの3形式で見せる。","","",""
"374","ブンポニチ／文保日・展2026","","art","東京都・台東区","東京藝術大学大学美術館 陳列館","https://museum.geidai.ac.jp/","tokyo","2026-11-11","2026-11-15","","","","10:00","17:00","入館は16:30まで","","","","","","","","","","","","","無料","","","","","","2026-10-03","","公式サイト","https://museum.geidai.ac.jp/exhibit/2026/11/bunponichi26.html","https://museum.geidai.ac.jp/exhibit/2026/11/bunponichi26.html","","","藝大大学院の保存修復日本画研究室が開く展覧会。日本・東洋の古典絵画の保存修復や技法材料の研究に取り組む学生と教員が、日頃の研究成果をもとに制作した作品を陳列館2階に並べる。","","",""
"375","東京藝術大学と中国人留学生〜胡根天から現代まで〜展","","art","東京都・台東区","東京藝術大学大学美術館 陳列館","https://museum.geidai.ac.jp/","tokyo","2026-11-21","2026-12-05","","","","10:00","17:00","入館は16:30まで・11/24(火)と11/30(月)休館","","","","","","","","","","","","","無料","","","","","","2026-10-03","","公式サイト","https://museum.geidai.ac.jp/exhibit/2026/11/chinese-students2026.html","https://museum.geidai.ac.jp/exhibit/2026/11/chinese-students2026.html","","","1915年に東京美術学校へ留学した胡根天の卒業制作《自画像》を起点に、中国人留学生の歩みをたどる企画。在学年代や出身地を可視化したデジタルアーカイブを大型スクリーンで公開し、現役留学生や卒業生も作品を出す。","11/22(日)13:00から国際シンポジウム「東京美術学校と東アジア留学生」（無料・事前申込不要）","",""
"376","創設90年記念 琉球王国の染織 尚家関連品と護得久家伝来品","","art","東京都・目黒区","日本民藝館","https://mingeikan.or.jp/","tokyo","2026-08-22","2026-11-03","","","","10:00","17:00","最終入館16:30・月曜休館","","","","","","","","","","","","","一般1,500円／大高生800円（中学生以下無料）","1500","","","","","2026-10-03","","公式サイト","https://mingeikan.or.jp/exhibition/special/","https://mingeikan.or.jp/exhibition/special/","35.6609","139.6791","同館の沖縄染織コレクションのうち、琉球王族・尚家の分家である護得久朝章旧蔵の約50点を中心に、紅型や絣の衣裳を公開。来歴を検証し、柳宗悦の眼を問い直す。10/17には記念講演会（参加500円・要予約）。","10/17(土)18:00から記念講演会（参加費500円・別途入館料・定員80名・要予約）","あり（3台・台数に限りがあるため公共交通機関推奨）","駒場東大前駅（徒歩7分）／東北沢駅（徒歩15分）"
"377","2026年度日本民藝館展 新作工藝公募展","","art","東京都・目黒区","日本民藝館","https://mingeikan.or.jp/","tokyo","2026-11-22","2026-12-17","","","","","","事前予約の詳細は10月中旬に告知予定","","","","","","","","","","","","","","","","","","","","","公式サイト","https://mingeikan.or.jp/exhibition/mingeikanten/","https://mingeikan.or.jp/exhibition/mingeikanten/","35.6609","139.6791","手仕事による伝統的な工芸品を中心に、日本各地の新作を展示・頒布する恒例の公募展。陶磁・織物・染物・木工・漆工・金工・竹工・紙・硝子などが並ぶ。事前予約の詳細は10月中旬に公式から案内される。","","あり（3台・台数に限りがあるため公共交通機関推奨）","駒場東大前駅（徒歩7分）／東北沢駅（徒歩15分）"
"378","没後100年記念 住友春翠 ―仕合せの住友近代美術コレクション","","art","東京都・港区","泉屋博古館東京","https://sen-oku.or.jp/tokyo/","tokyo","2026-08-29","2026-10-12","","","","11:00","18:00","月曜休館（9/21〜23と10/12は開館）・9/24休館","","","","","","","","","","","","","一般1,500円／学生800円（18歳以下無料）","1500","","","","","2026-10-03","","公式サイト","https://sen-oku.or.jp/program/t_202608_shunsui100/","https://sen-oku.or.jp/program/t_202608_shunsui100/","35.6646","139.7408","住友家15代当主・春翠の没後100年に、彼が買い集めた近代美術を、入手の経緯を時系列でたどりながら見直す展覧会。収集の背景と時代性からコレクション形成史を再考する。後期は9/25〜10/12。","会期中2回目の来館は半券提示で1名1回限り半額。事前予約不要・オンラインチケットは日時指定なし。ぐるっとパス2026利用可","なし（駐車場・駐輪場なし）","六本木一丁目駅（徒歩3分）"
"379","唐物誕生 ―茶の湯デザインの源流をさぐる","","art","東京都・港区","泉屋博古館東京","https://sen-oku.or.jp/tokyo/","tokyo","2026-11-03","2026-12-13","","","","11:00","18:00","月曜休館","","","","","","","","","","","","","一般1,500円／学生800円（18歳以下無料）","1500","","","","","2026-10-03","","公式サイト","https://sen-oku.or.jp/program/t_202611_karamono/","https://sen-oku.or.jp/program/t_202611_karamono/","35.6646","139.7408","茶の湯で珍重された「唐物」が生まれる過程を、中国古代にさかのぼって紹介。胡銅（古銅）の花入を切り口に、金工・陶磁・漆工にも目を向ける。未解明だった胡銅の鋳造技術に迫る特集コーナーもある。","会期中2回目の来館は半券提示で1名1回限り半額。11/12・11/28にスライドトーク","なし（駐車場・駐輪場なし）","六本木一丁目駅（徒歩3分）"
"380","館蔵の茶碗100撰 ―国宝から手造茶碗まで―","","art","東京都・中央区","三井記念美術館","https://www.mitsui-museum.jp/","tokyo","2026-09-12","2026-11-23","","","","10:00","17:00","入館は16:30まで・月曜休館（9/21・10/12・11/2・11/23は開館）・10/13休館","","","","","","","","","","","","","一般1,200円／大学・高校生700円（中学生以下無料）","1200","","","","","2026-10-03","","公式サイト","https://www.mitsui-museum.jp/exhibition/index.html","https://www.mitsui-museum.jp/exhibition/index.html","35.686","139.7726","三井家が300年以上かけて集めた茶碗から国宝・重要文化財を含む100件を選ぶ館蔵品展。国宝の志野茶碗「卯花墻」、長次郎や光悦の楽茶碗、如庵の茶道具の取り合わせなど。約30年ぶりの茶碗展で、新しい図録を発行。","会期中、半券提示で2回目以降は割引料金（一般1,000円・大学高校生600円）。70歳以上は1,000円（要証明）。音声ガイド貸出800円。11/7に土曜講座の追加開催","なし（専用駐車場なし）","三越前駅（徒歩1分）／日本橋駅（徒歩4分）"
"381","国宝 雪松図と四季","","art","東京都・中央区","三井記念美術館","https://www.mitsui-museum.jp/","tokyo","2026-12-12","2027-01-30","","","","10:00","17:00","入館は16:30まで・月曜休館（1/4・1/11は開館）・12/28〜1/3休館","","","","","","","","","","","","","一般1,200円／大学・高校生700円（中学生以下無料）","1200","","","","","2026-10-03","","公式サイト","https://www.mitsui-museum.jp/exhibition/next.html","https://www.mitsui-museum.jp/exhibition/next.html","35.686","139.7726","年末年始恒例の国宝・円山応挙「雪松図屏風」公開。紙の白を塗り残して雪を表す技法を軸に、茶道具の銘、四季と気象を描く絵画、四季を詠む和歌色紙を紹介。三色紙の継色紙・寸松庵色紙・升色紙を約6年ぶりに同時展示。","前売券を窓口で販売中（一般1,000円・大学高校生600円、〜2026-11-23の開館日10:00〜16:30、払い戻し不可）。70歳以上は1,000円（要証明）","なし（専用駐車場なし）","三越前駅（徒歩1分）／日本橋駅（徒歩4分）"
"382","企画展 美しい瞬間（とき）－美人画を中心に","","art","東京都・港区","大倉集古館","https://www.shukokan.org/","tokyo","2026-10-03","2026-12-20","","","","10:00","17:00","入館は16:30まで・月曜休館（休日の場合は翌火曜）・前期10/3〜11/8、後期11/10〜12/20（展示替えあり）","","","","","","","","","","","","","一般1,000円／大学生・高校生800円（中学生以下無料）","1000","","","","","2026-10-03","","公式サイト","https://www.shukokan.org/exhibition/","https://www.shukokan.org/exhibition/","35.6673","139.7442","日本・中国・インドで17〜20世紀に描かれた美人画と風景画、衣装や化粧道具など約70件を展観。「美人の姿」「演劇と美人」「季節と美人」などの切り口で、外見と内面の美の表現を見る。前後期で展示替えあり。","ギャラリートーク（無料・申込不要・入館券要）10/20・11/5・11/21・12/4の14時から。会期中2回目以降は半券提示で500円割引、着物での来館は300円引き","なし（駐車場なし）","六本木一丁目駅（徒歩5分）／神谷町駅（徒歩7分）"
"383","企画展 正月の風物詩－年越し・歳取りの芸能や美術","","art","東京都・港区","大倉集古館","https://www.shukokan.org/","tokyo","2027-01-01","2027-03-22","","","","","","料金・休館日は公式から未発表","","","","","","","","","","","","","","","","","","","","","公式サイト","https://www.shukokan.org/exhibition/future.html","https://www.shukokan.org/exhibition/future.html","35.6673","139.7442","旧暦の年越しから歳取りの時期に行われた厄除け・予祝の芸能や長寿祝いをテーマに、能狂言面や装束、絵画を展観。2027年のお正月を祝う企画展。","","なし（駐車場なし）","六本木一丁目駅（徒歩5分）／神谷町駅（徒歩7分）"
"384","今はいつのことか―小村雪岱と玉山拓郎","","art","東京都・中央区","資生堂ギャラリー","https://gallery.shiseido.com/jp/","tokyo","2026-11-03","2027-02-28","","","","","","平日11:00〜19:00・日曜祝日11:00〜18:00・月曜休館・年末年始は2026-12-21〜2027-01-11休館","","","","","","","","","","","","","入館無料","","","","","","2026-10-03","","公式サイト","https://gallery.shiseido.com/jp/exhibition/tag_exhibition/future/","https://gallery.shiseido.com/jp/exhibition/tag_exhibition/future/","35.6685","139.762","資生堂意匠部で「資生堂スタイル」の礎を築いた小村雪岱と、光・布・鏡面で空間を作る現代美術家・玉山拓郎が、約100年を隔てて同じ空間で出会う。銀座に積み重なった時間を体感するインスタレーション。","","","銀座駅（徒歩4分）／新橋駅（徒歩4分）"
"385","開館10周年記念 特別展 ベスト オブ すみだ北斎美術館 ―隅田川両岸景色図巻と名品―","すみだほくさいびじゅつかん","art","東京都・墨田区","すみだ北斎美術館","https://hokusai-museum.jp/","tokyo","2026-09-15","2026-11-23","","","","9:30","17:30","入館は17:00まで・月曜休館（9/21・10/12・11/23は開館、9/24・10/13は休館）・10/20は展示替えで休室・前期9/15〜10/18、後期10/21〜11/23","","","","","","","","","","","","","一般1,500円／65歳以上・高校生・大学生1,000円／中学生500円／障がい者500円（小学生以下無料）","1500","","","","","2026-10-03","","公式サイト","https://hokusai-museum.jp/modules/Exhibition/exhibitions/view/5021","https://hokusai-museum.jp/modules/Exhibition/exhibitions/view/5021","35.6964","139.8002","開館10周年の節目に、全長約7mで約100年ぶりに里帰りした北斎の肉筆画「隅田川両岸景色図巻」と、未公開作品・新規収蔵作品を含む館蔵の名品を、学芸員の「推し」コメント付きで紹介。前後期で展示替えあり。","10/1から墨田区在住・在学の中学生は観覧無料。観覧券は日時指定のオンライン購入も可（数に限りあり・変更払戻し不可）","",""
"386","めぐってたのしい 佐賀・長崎のやきもの展","","art","東京都・渋谷区","戸栗美術館","https://toguri-museum.or.jp/","tokyo","2026-10-07","2026-12-20","","","","10:00","17:00","入館は16:30まで（金・土は20:00まで・入館19:30）・月火休館（10/12・11/3・11/23は開館）","","","","","","","","","","","","","一般1,300円／25歳以下500円／高校生以下無料（10/14は無料開館）","1300","","","","","2026-10-03","","公式サイト","https://toguri-museum.or.jp/tenrankai/%e3%82%81%e3%81%90%e3%81%a3%e3%81%a6%e3%81%9f%e3%81%ae%e3%81%97%e3%81%84-%e4%bd%90%e8%b3%80%e3%83%bb%e9%95%b7%e5%b4%8e%e3%81%ae%e3%82%84%e3%81%8d%e3%82%82%e3%81%ae%e5%b1%95/","https://toguri-museum.or.jp/tenrankai/%e3%82%81%e3%81%90%e3%81%a3%e3%81%a6%e3%81%9f%e3%81%ae%e3%81%97%e3%81%84-%e4%bd%90%e8%b3%80%e3%83%bb%e9%95%b7%e5%b4%8e%e3%81%ae%e3%82%84%e3%81%8d%e3%82%82%e3%81%ae%e5%b1%95/","35.6613","139.6929","日本磁器の発祥地・江戸時代の肥前を約80点で巡る。2つの展示室を有田と、大川内・板ノ川内・志田・波佐見・三川内に分け、地理になぞらえて配置。窯場ごとの特色を歩くように見比べられる。","10/14(水)は創設者・戸栗亨のメモリアルデーのため無料開館。一般以外は要証明書","なし（駐車場なし）","神泉駅（徒歩10分）／渋谷駅（徒歩15分）"
"387","開館10周年記念 北斎クロスオーバー 時代を超えて“すみだ”に集う","","art","東京都・墨田区","すみだ北斎美術館","https://hokusai-museum.jp/","tokyo","2026-12-16","2027-02-28","","","","9:30","17:30","入館は17:00まで・月曜休館・12/27〜1/1休館・1/2・1/3・1/11は開館・1/12休館・前期12/16〜1/24、後期1/26〜2/28","","","","","","","","","","","","","一般1,000円／65歳以上・高校生・大学生700円／中学生300円／障がい者300円（小学生以下無料）","1000","","","","","2026-10-03","","公式サイト","https://hokusai-museum.jp/modules/Exhibition/exhibitions/next","https://hokusai-museum.jp/modules/Exhibition/exhibitions/next","35.6964","139.8002","北斎と門人が描いた“すみだ”の作品に加え、大田南畝ら当地ゆかりの文学者との交流で生まれた作品や、正岡子規ら近代の文豪を触発した北斎作品を展観。すみだ・文学者・北斎の三者が交わる切り口の企画展。前後期で展示替えあり。","前売券は通常料金の20%引き（館1階受付と両国観光案内所の店頭のみ・オンラインチケットは割引なし）","",""
"388","特別展示 アヴェス・ヤポニカエ〈12〉 – 鷹ノ目","","art","東京都・千代田区","インターメディアテク","https://www.intermediatheque.jp/","tokyo","2026-07-18","2026-10-18","","","","11:00","18:00","金・土は20:00まで・月曜休館（祝日の場合は翌日休館）・会場はSTUDIOLO","","","","","","","","","","","","","入館無料","","","","","","2026-10-03","","公式サイト","https://www.intermediatheque.jp/ja/schedule/view/id/IMT0306","https://www.intermediatheque.jp/ja/schedule/view/id/IMT0306","35.6791","139.7647","河辺華挙「鳥類写生図」から猛禽類の描写を抜粋し、描かれた種の剥製標本と見比べる展示。定型化した日本画の鷹の目と、実物の鷹・フクロウの目を対比して、画家が何を描こうとしたかを探る。","","","東京駅丸の内南口（徒歩1分）／二重橋前駅（徒歩約2分）"
"389","東京大学創立150周年記念特別展示 地震と火山 - 画図・写真・波形に記録された地球の動態","","exp","東京都・千代田区","インターメディアテク","https://www.intermediatheque.jp/","tokyo","2026-11-14","2027-03-28","","","","11:00","18:00","金・土は20:00まで・月曜休館（祝日の場合は翌日休館）・年末年始休館・会場はGREY CUBE","","","","","","","","","","","","","入館無料","","","","","","2026-10-03","","公式サイト","https://www.intermediatheque.jp/ja/schedule/view/id/IMT0309","https://www.intermediatheque.jp/ja/schedule/view/id/IMT0309","35.6791","139.7647","東大地震研究所と総合研究博物館の収蔵資料から、明治期以来の地震・火山の画図、写真、波形記録をたどる特別展示。触って確かめられる模型も組み入れる。11/14に地震研究所長の講演会、12/20にインクルーシブな鑑賞を考える研究会。","関連イベント: 11/14(土)講演会「地震研究のむかし・いま」、12/20(日)IncluDE研究会（詳細は後日公開予定）","","東京駅丸の内南口（徒歩1分）／二重橋前駅（徒歩約2分）"
"390","This is SUEKI─古代のカタチ、無限大！","でぃすいずすえき","art","東京都・八王子市","東京富士美術館","https://www.fujibi.or.jp/","tokyo","2026-10-03","2026-12-27","","","","10:00","17:00","月曜休館（祝日の場合は開館）、16:30受付終了","","","","","","","","","","","","","一般1,500円／大学・高校生900円／中学・小学生500円（当日券。オンラインチケット一般1,200円・大学高校生800円・中小生400円。土曜は中小生無料）","1500","","","","","2026-10-03","","公式サイト","https://www.fujibi.or.jp/visit/admission/","https://www.fujibi.or.jp/exhibitions/3202610031/","35.6865","139.3281","古墳時代から平安時代まで約500年間に各地で生まれた須恵器の名品を集め、朝鮮半島との交流、地域ごとの造形の変遷、装飾付須恵器などを5章で紹介する特別展。同時に館蔵品展「Another SUEKI」を開催し、観覧料は共通。","","あり（満車の場合もあり）","JR八王子駅北口・京王八王子駅・JR拝島駅・JR秋川駅から西東京バス"
"391","うき世のたわむれ：笑いつづける浮世絵と幕末明治の渦","うきよのたわむれ","art","東京都・町田市","町田市立国際版画美術館","https://hanga-museum.jp/","tokyo","2026-09-12","2026-11-23","","","","10:00","17:00","月曜休館（祝日は開館）。10月14日は展示替えで閉室。前期9/12〜10/12・後期10/15〜11/23。土日祝は17:30閉館","","","","","","","","","","","","","一般1,000円／大学・高校生500円／中学生以下無料（20名以上の団体は一般800円・大高生400円）","1000","","","","","2026-10-03","","公式サイト","https://hanga-museum.jp/exhibition/index/2026-631","https://hanga-museum.jp/exhibition/index/2026-631","35.5445","139.4549","広重・国芳の戯画、鯰絵・麻疹絵、幕末の風刺画、一景の開化絵、清親のポンチ絵など、館蔵の浮世絵を中心に約250点を前期・後期で展示替えして紹介する。天災や戦争の不安な時代に笑いを続けた浮世絵を6章で見せる。","前期・後期で展示替えあり。身体障がい者手帳等の提示で本人と付き添い1名は半額","",""
"392","ミロとタピエス―戦後スペインの渦 1945-1980","みろとたぴえす","art","東京都・町田市","町田市立国際版画美術館","https://hanga-museum.jp/","tokyo","2026-09-04","2026-11-23","","","","10:00","17:00","月曜休館（祝日は開館）。土日祝は17:30閉館","","","","","","","","","","","","","無料","","","","","","2026-10-03","","公式サイト","https://hanga-museum.jp/exhibition/index/2026-637","https://hanga-museum.jp/exhibition/index/2026-637","35.5445","139.4549","フランコ独裁下の戦後スペインで活動したジョアン・ミロとアントニ・タピエスを軸に、クラベ、チリーダ、カノガールを加えた版画約25点を常設展示室で見せるミニ企画展。観覧無料。","","",""
"393","恩地孝四郎と創作版画の作家たち","おんちこうしろうとそうさくはんがのさっかたち","art","東京都・町田市","町田市立国際版画美術館","https://hanga-museum.jp/","tokyo","2026-11-27","2027-02-23","","","","10:00","17:00","月曜休館、12月28日〜1月4日休館。土日祝は17:30閉館","","","","","","","","","","","","","無料","","","","","","2026-10-03","","公式サイト","https://hanga-museum.jp/exhibition/schedule/2026-638","https://hanga-museum.jp/exhibition/schedule/2026-638","35.5445","139.4549","創作版画を代表する恩地孝四郎を中心に、織田一磨・山本鼎・萬鉄五郎・田中恭吉・駒井哲郎ら創作版画の作家たちの作品約40点を常設展示室で紹介するミニ企画展。観覧無料。","","",""
"394","新収蔵作品展","しんしゅうぞうさくひんてん","art","東京都・町田市","町田市立国際版画美術館","https://hanga-museum.jp/","tokyo","2026-12-05","2027-02-23","","","","10:00","17:00","月曜休館、12月28日〜1月4日休館。土日祝は17:30閉館","","","","","","","","","","","","","無料","","","","","","2026-10-03","","公式サイト","https://hanga-museum.jp/exhibition/schedule/2026-632","https://hanga-museum.jp/exhibition/schedule/2026-632","35.5445","139.4549","2025年度から2026年度にかけて新たに収蔵された版画作品を企画展示室2でまとめて公開する展覧会。観覧無料。","","",""
"395","目黒区美術館コレクション展『東京パック』とその時代 ＋特集展示 北澤楽天の『子供之友』","とうきょうぱっくとそのじだい","art","東京都・目黒区","目黒区美術館","https://www.mmat.jp/","tokyo","2026-10-10","2026-11-15","","","","10:00","18:00","月曜休館（10/12は開館、10/13は休館）、入館17:30まで。10/11は区民まつりで観覧無料、11/15は開館記念日で目黒区在住・在勤・在学は無料","","","","","","","","","","","","","一般700円／大学・高校生・65歳以上550円／中学生以下無料（20名以上の団体は一般550円・大高生400円）","700","","","","","2026-10-03","","公式サイト","https://www.mmat.jp/exhibition/archive/2026/20261010-478.html","https://www.mmat.jp/exhibition/archive/2026/20261010-478.html","35.6353","139.7078","日本初のフルカラー漫画雑誌『東京パック』の所蔵原画のうち、1920〜30年代の第3次・第4次の原画96点を一挙公開。創刊者・北澤楽天の生誕150年にあわせ、児童絵雑誌『子供之友』の原画も特集展示する。","障がいのある方と付添者1名は無料","なし（隣接の目黒区民センター駐車場は有料・20分300円）","目黒駅（徒歩約10分）／中目黒駅（徒歩約20分）"
"396","『山脇百合子の仕事部屋』展 ～ごちゃごちゃから見えるもの～","やまわきゆりこのしごとべやてん","art|fam","東京都・三鷹市","三鷹の森ジブリ美術館","https://www.ghibli-museum.jp/","tokyo","2025-11-19","2027-05-31","","","","10:00","18:00","終了は2027年5月予定（日付は未発表）。毎週火曜休館。日時指定の予約制","","","","","","","","","","","","","大人・大学生1,000円／高校・中学生700円／小学生400円／幼児(4歳以上)100円（4歳未満無料・日時指定予約制）","1000","","","","","2026-10-03","","ローチケ","http://www.lawson.co.jp/ghibli/museum/ticket/","https://www.ghibli-museum.jp/exhibition/013979/","35.6964","139.57","『いやいやえん』『ぐりとぐら』の絵を手がけた山脇百合子さんの仕事部屋を再現する館内の企画展示。物であふれる部屋の細部から、絵本の世界の描き方に迫る。入場は日時指定の予約制で窓口販売なし。","チケットはローチケWebのみ。毎月10日10時に翌月入場分を発売。転売チケットは入場不可","",""
"397","ヤマザキマリの世界 今この瞬間を生きる―Carpe Diem―","やまざきまりのせかい","art","東京都・世田谷区","世田谷文学館","https://www.setabun.or.jp/","tokyo","2026-10-03","2027-02-07","","","","10:00","18:00","月曜休館（祝日は開館し翌平日休館）、年末年始休館。11/6のみ20:00まで開館。入場は閉館30分前まで","","","","","","","","","","","","","一般1,500円／65歳以上・大学・高校生900円／小・中学生450円（当日券・オンライン共通。団体・せたがやアーツカード割引は一般1,200円）","1500","","","","","2026-10-03","","公式サイト","https://www.setabun.or.jp/exhibition/20261003-20270207_yamazakimari.html","https://www.setabun.or.jp/exhibition/20261003-20270207_yamazakimari.html","35.6669","139.6085","『テルマエ・ロマエ』『プリニウス』などの漫画、イラスト、エッセイ、油彩画を通して、ヤマザキマリの創作と人生観を紹介する企画展。同時開催のコレクション展・ムットーニコレクションも観覧できる。","10/9は65歳以上無料、11/28・29は観覧料無料。11/6の17:30以降は当日券のみ。現在駐車場は利用休止中","利用休止中（設備メンテナンスのため）","芦花公園駅（徒歩5分）"
"398","世田谷文学館 後期コレクション展 没後30年 宇野千代展―わたしと生きて行く私―","うのちよてん","art","東京都・世田谷区","世田谷文学館","https://www.setabun.or.jp/","tokyo","2026-09-26","2027-03-28","","","","10:00","18:00","月曜休館（祝日は開館し翌平日休館）、年末年始と2027年2月15〜23日は休館。入場は17:30まで。ムットーニコレクション同時開催","","","","","","","","","","","","","一般220円／高校・大学生170円／65歳以上・小・中学生110円","220","","","","","2026-10-03","","公式サイト","https://www.setabun.or.jp/collection_exhi/20260926_collection.html","https://www.setabun.or.jp/collection_exhi/20260926_collection.html","35.6669","139.6085","没後30年を迎える作家・宇野千代の足跡を、館蔵資料でたどるコレクション展。1階展示室で開催し、ムットーニコレクションも同時に観覧できる。","混雑時は入場制限あり。世田谷区内在住・在学の小中学生は土日祝無料","利用休止中（設備メンテナンスのため）","芦花公園駅（徒歩5分）"
"399","新収蔵ミニチュア展―名人小林礫斎を支えた二人の中田","しんしゅうぞうみにちゅあてん","art","東京都・渋谷区","たばこと塩の博物館","https://www.jti.co.jp/Culture/museum/","tokyo","2026-09-26","2026-12-20","","","","10:00","17:00","月曜休館（祝日・振替休日の場合は直後の平日）。入館締切16:30","","","","","","","","","","","","","入館料 大人・大学生300円／小・中・高校生100円","300","","","","","2026-10-03","","公式サイト","https://www.jti.co.jp/Culture/museum/","https://www.jti.co.jp/Culture/museum/","35.7058","139.809","喫煙具の技術を転用してミニチュア職人となった小林礫斎の作品を、新収蔵資料を中心に紹介する特別展。礫斎を支えた箱根の古美術商・中田藤之助と、中田實コレクションとの関係も取り上げる。関連講演会あり。","","",""
"400","企画展「吉井源太と土佐の紙すき」","よしいげんたととさのかみすき","art|exp","東京都・北区","紙の博物館","https://papermuseum.jp/","tokyo","2026-10-03","2026-11-29","","","","10:00","17:00","月曜休館（祝日の場合は開館）、祝日直後の平日休館。入館は16:30まで","","","","","","","","","","","","","入館料 一般400円／小中高生200円（20名以上の団体は一般320円・小中高生160円）","400","","","","","2026-10-03","","公式サイト","https://papermuseum.jp/ja/special-exhibition/","https://papermuseum.jp/ja/special-exhibition/","35.7494","139.7386","生誕200年を記念し、土佐の大桁を完成させて和紙の増産を可能にした吉井源太の功績と、土佐の製紙業の発展を紹介する企画展。幕末から明治の手すき和紙から洋紙への転換期が背景。10/3に開館再開。","飛鳥山の3館（渋沢史料館・北区飛鳥山博物館・紙の博物館）で相互割引あり（2026年7月〜）","",""
"401","ミニ展示「張子」","はりこ","art","東京都・北区","紙の博物館","https://papermuseum.jp/","tokyo","2026-12-12","2027-02-28","","","","10:00","17:00","月曜休館（祝日の場合は開館）、祝日直後の平日休館、年末年始休館。入館は16:30まで","","","","","","","","","","","","","入館料 一般400円／小中高生200円（20名以上の団体は一般320円・小中高生160円）","400","","","","","2026-10-03","","公式サイト","https://papermuseum.jp/ja/special-exhibition/","https://papermuseum.jp/ja/special-exhibition/","35.7494","139.7386","和紙を木型に貼って乾かし、型を抜いて彩色する張子細工を、干支人形を中心に紹介するミニ展示。出雲張子など素朴で個性的な作品が並ぶ。","","",""
"402","企画展 局舎の窓から射す陽光～逓信建築の機能美～","きょくしゃのまどからさすひかり","art","東京都・墨田区","郵政博物館","https://www.postalmuseum.jp/","tokyo","2026-10-03","2026-11-23","","","","10:00","17:30","不定休（10/5・10/13・10/19・10/26・11/9・11/16は休館予定）。入館は17:00まで","","","","","","","","","","","","","大人300円／小・中・高校生150円","300","","","","","2026-10-03","","公式サイト","https://www.postalmuseum.jp/event/2026/08/architecture2026.html","https://www.postalmuseum.jp/event/2026/08/architecture2026.html","35.7101","139.8086","吉田鉄郎の没後70年にあわせ、郵便局など逓信建築の「窓」に着目する企画展。館蔵の原図・写真帖、簡易保険局や旧大阪中央郵便局の建築資料を初公開し、世界の局舎を描いた切手も並ぶ。","障がい者手帳等をお持ちの方と介助者は無料","",""
"403","コーヒーロード展～切手でたどるコーヒーの物語～","こーひーろーどてん","art|exp","東京都・墨田区","郵政博物館","https://www.postalmuseum.jp/","tokyo","2026-10-01","2026-12-27","","","","10:00","17:30","不定休（10/5・10/13・10/19・10/26・11/9・11/16・11/24・11/30・12/7・12/14は休館予定）。入館は17:00まで","","","","","","","","","","","","","大人300円／小・中・高校生150円","300","","","","","2026-10-03","","公式サイト","https://www.postalmuseum.jp/event/2026/08/coffee2026.html","https://www.postalmuseum.jp/event/2026/08/coffee2026.html","35.7101","139.8086","コーヒーをテーマにした初の切手展示。コーヒー栽培国や産業、アジア各地のコーヒー文化を題材にした世界の切手約100点を常設展示室内の切手コーナーで紹介する。初日にはコーヒー試飲などの催しがあった。","障がい者手帳等をお持ちの方と介助者は無料","",""
"404","「郵博の宝」第2弾 絵葉書になる前の物語。世界にひとつの原画展","ゆうはくのたから","art","東京都・墨田区","郵政博物館","https://www.postalmuseum.jp/","tokyo","2026-10-03","2027-03-22","","","","10:00","17:30","第1期2026/10/3〜11/23・第2期2026/12/5〜2027/3/22の2期制（間は展示替え）。不定休。入館は17:00まで","","","","","","","","","","","","","大人300円／小・中・高校生150円","300","","","","","2026-10-03","","公式サイト","https://www.postalmuseum.jp/event/2026/08/art2026.html","https://www.postalmuseum.jp/event/2026/08/art2026.html","35.7101","139.8086","1946年の日本国憲法公布記念絵葉書の原画展。第1期は川端龍子「不尽」・藤田嗣治「迎日」・石井柏亭「平和」、第2期は幻の不発行絵葉書の原画（上村松園「融」、川合玉堂「上高地」ほか）を展示する。","障がい者手帳等をお持ちの方と介助者は無料","",""
"405","昭和100年記念写真展「記憶をつなぐ 東京の建物たち」","きおくをつなぐとうきょうのたてものたち","art","東京都・千代田区","昭和館","https://www.showakan.go.jp/","tokyo","2026-10-10","2027-02-28","","","","10:00","17:30","月曜休館（祝日・振替休日の場合は開館し翌日休館）、年末年始（12/28〜1/4）休館。入館は17:00まで。会場は2階ひろば（屋外）","","","","","","","","","","","","","無料","","","","","","2026-10-03","","公式サイト","https://www.showakan.go.jp/photo/photo-exhibitionr081010/","https://www.showakan.go.jp/photo/photo-exhibitionr081010/","35.6952","139.7512","昭和元年から満100年を記念し、昭和に建てられた東京都心の建物を写真で紹介する。歴史的建造物や著名建築家の作品に加え、企業のビルや日常的に使う施設も含み、震災・戦災から復興したまちの姿をたどる。","","","九段下駅（4出口から徒歩1分）／飯田橋駅（徒歩10分）"
"406","第102回【資料公開コーナー】「思い出の屋上遊園地」","おもいでのおくじょうゆうえんち","art|fam","東京都・千代田区","昭和館","https://www.showakan.go.jp/","tokyo","2026-10-01","2026-12-27","","","","10:00","17:30","月曜休館（祝日・振替休日の場合は開館し翌日休館）。入館は17:00まで。1階の資料公開コーナーでの展示","","","","","","","","","","","","","無料（常設展示室(6〜7階)以外のフロアは入場無料）","","","","","","2026-10-03","","公式サイト","https://www.showakan.go.jp/information/floor/1f/document/%E7%AC%AC102%E5%9B%9E%E8%B3%87%E6%96%99%E5%85%AC%E9%96%8B%E3%82%B3%E3%83%BC%E3%83%8A%E3%83%BC%E6%80%9D%E3%81%84%E5%87%BA%E3%81%AE%E5%B1%8B%E4%B8%8A%E9%81%8A%E5%9C%92/","https://www.showakan.go.jp/information/floor/1f/document/%E7%AC%AC102%E5%9B%9E%E8%B3%87%E6%96%99%E5%85%AC%E9%96%8B%E3%82%B3%E3%83%BC%E3%83%8A%E3%83%BC%E6%80%9D%E3%81%84%E5%87%BA%E3%81%AE%E5%B1%8B%E4%B8%8A%E9%81%8A%E5%9C%92/","35.6952","139.7512","昭和の百貨店などにあった屋上遊園地を、昭和38年に豊島区で撮影されたモノレール型遊具で遊ぶ子どもたちの写真などの資料で振り返る、1階資料公開コーナーの展示。","","","九段下駅（4出口から徒歩1分）／飯田橋駅（徒歩10分）"
"407","森万里子：燦燦（さんさん）","もりまりこ さんさん","art","東京都・港区","森美術館","https://www.mori.art.museum/","tokyo","2026-10-31","2027-03-28","","","","","","","","","","","","","","","","","","","平日 一般2,800円／学生1,700円／シニア2,400円、土日祝 一般3,000円／学生1,800円／シニア2,600円（中学生以下無料。オンライン購入は各200円引）","2800","","","","","2026-10-07","","公式サイト","https://www.mori.art.museum/jp/exhibitions/marikomori/index.html","https://www.mori.art.museum/jp/exhibitions/marikomori/index.html","35.6604","139.7292","森万里子の日本では24年ぶりの大規模個展。1990年代のCGを使ったサイボーグ作品から、脳波で反応する大型インスタレーション《Wave UFO》まで約40点を展示。光をテーマに仏教的世界観や宇宙観を探る。日時指定制で、当日枠に空きがあれば窓口でも購入可。","事前予約制（日時指定券）。《Wave UFO》の体験鑑賞は枠に限りあり。本展チケットで同時開催のMAMスクリーン・MAMプロジェクト等も鑑賞可","",""
"408","あなたの知らない浮世絵師たち","あなたのしらないうきよえしたち","art","東京都・渋谷区","太田記念美術館","https://www.ukiyoe-ota-muse.jp/","tokyo","2026-12-12","2027-01-17","","","","10:30","17:30","12/24〜1/5は休館","","","","","","","","","","","","","一般1,000円／大高生700円／中学生以下無料","1000","","","","","2026-10-07","","公式サイト","https://www.ukiyoe-ota-muse.jp/schedule/","https://www.ukiyoe-ota-muse.jp/exhibition","35.6702","139.7038","水野廬朝、五郷、歌川国虎、蒔田俊親など、今ではあまり知られていない浮世絵師を取り上げる展覧会。埋もれた絵師にスポットを当て、浮世絵の奥深さを紹介する。日時指定予約は不要。","入館料は現金のみ。日時指定予約なし","なし（公共交通機関を利用）","原宿駅（徒歩5分）／明治神宮前駅（徒歩3分）"
"409","館蔵 秋の優品展 唐草文の美","からくさもんのび","art","東京都・世田谷区","五島美術館","http://www.gotoh-museum.or.jp/","tokyo","2026-09-05","2026-10-12","","","","10:00","17:00","","","","","","","","","","","","","","一般1,100円／高・大学生800円／中学生以下無料","1100","","","","","2026-10-07","","公式サイト","https://www.gotoh-museum.or.jp/event/open/","http://www.gotoh-museum.or.jp/","35.6103","139.6280","繁栄や長寿を象徴する装飾文様「唐草文」に着目し、中国の古鏡・陶磁器・染織や朝鮮半島の金工品など、館蔵の多彩なジャンルの作品を展示する。","公式サイト未取得。GO TOKYOの掲載による。学生・障がい者割引あり。入館は閉館30分前まで。","","上野毛駅（大井町線北口・徒歩5分）"
"410","室町ごころの風景","むろまちごころのふうけい","art","東京都・世田谷区","五島美術館","https://www.gotoh-museum.or.jp/","tokyo","2026-10-27","2026-12-06","","","","10:00","17:00","","","","","","","","","","","","","","一般1,400円／高・大学生1,100円／中学生以下無料","1400","","","","","2026-10-07","","公式サイト","https://www.gotoh-museum.or.jp/event/next/","https://www.gotoh-museum.or.jp/event/next/","35.6103","139.6280","四季の景物が描かれた連歌懐紙の下絵に注目し、室町時代のやまと絵屛風や書跡、連歌にまつわる作品から室町文化を紹介する。浜松図屛風などが出る。講演会（11/3・11/21・11/29）は前日17時までの事前申込制で、当日の入館者は聴講無料。","講演会は事前申込制（定員180名）。庭園入園のみは300円","","上野毛駅（徒歩5分）"
"411","種と根っこ ─ 都市の耕し方","たねとねっこ としのたがやしかた","art","東京都・新宿区","東京オペラシティ アートギャラリー","","tokyo","2026-10-17","2026-12-20","","","","11:00","19:00","月曜休館（11/23は開館）・11/24休館。入場は18:30まで","","","","","","","","","","","","","一般1,800円（割引1,600円）／大・高生1,100円（割引900円）／中学生以下無料","1800","","","","","2026-10-03","","公式サイト","https://www.e-tix.jp/tocag/","https://www.operacity.jp/ag/exh303/","35.6838","139.6858","浅野友理子、山縣良和ら10名のアーティストが、住む・着る・食べる・排泄するといった営みから都市と自然の関係を捉え直す。新作も多く、共同菜園のように作品がつながる会場構成。会期中にアーティストトークやパフォーマンスも予定。","事前予約不要。収蔵品展088「秋の風景」とproject N 104 田中藍衣の入場料を含む。障害者手帳等の提示で無料","",""
"412","古舘春一 ハイキュー!!展 挑戦者たち","ふるだてはるいち はいきゅー てんちょうせんしゃたち","ent|art","東京都・港区","森アーツセンターギャラリー","https://macg.roppongihills.com/","tokyo","2026-10-30","2027-01-11","","","","10:00","20:00","最終入館は閉館30分前","","","","","","","","","","","","","一般2,200円／高校生1,400円／小中学生900円／グッズ付（数量限定）4,400円","2200","","","","","2026-10-03","","公式サイト","https://macg.roppongihills.com/jp/exhibitions/haikyu-challengers/","https://macg.roppongihills.com/jp/exhibitions/haikyu-challengers/","35.6604","139.7292","『ハイキュー!!』の3度目となる原画展。日向翔陽と影山飛雄を中心に、古舘春一氏の原稿と本展のための新規描きおろしイラストで、キャラクターたちの成長と挑戦を振り返る。日時指定制。グッズ付チケットはイープラスで販売。","日時指定制。6歳以下の未就学児は保護者1名につき1名まで無料同伴可。会場は六本木ヒルズ森タワー52階","",""
"413","40th Anniversary Exhibition 鳩山郁子×秋田和徳 夢みるコントルポワン ―漫画とグラフィックデザインの小宇宙―","はとやまいくこ あきたかずのり ゆめみるこんとるぽわん","art","東京都・文京区","弥生美術館・竹久夢二美術館（弥生美術館）","https://www.yayoi-yumeji-museum.jp/","tokyo","2026-12-26","2027-03-28","","","","10:00","17:00","","","","","","","","","","","","","","一般1,200円／大・高生1,000円／中・小生500円（竹久夢二美術館と共通）","1200","","","","","2026-10-07","","公式サイト","https://www.yayoi-yumeji-museum.jp/yayoi/exhibition/next.html","https://www.yayoi-yumeji-museum.jp/yayoi/exhibition/next.html","","","漫画家の鳩山郁子とグラフィックデザイナーの秋田和徳が、ともに活動40年を迎えるのを機に開く初の展覧会。それぞれの作品に加え、ロックバンドのアートワークなど20年にわたる共作も紹介する。サイン会などのイベントも予定。","支払いは現金のみ。館内にエレベーターなし","なし（公共交通機関を利用）","根津駅（徒歩7分）／東大前駅（徒歩7分）"
"414","1920-30 モダン楽譜イラストレーション ―音楽を表現する女性・東京・アールデコの美―","モダンがくふイラストレーション","art","東京都・文京区","弥生美術館・竹久夢二美術館（竹久夢二美術館）","https://www.yayoi-yumeji-museum.jp/","tokyo","2026-12-26","2027-03-28","","","","10:00","17:00","","","","","","","","","","","","","","一般1,200円／大・高生1,000円／中・小生500円（弥生美術館と共通）","1200","","","","","2026-10-07","","公式サイト","https://www.yayoi-yumeji-museum.jp/yumeji/exhibition/next.html","https://www.yayoi-yumeji-museum.jp/yumeji/exhibition/next.html","","","1920〜30年代の楽譜の表紙絵を集め、竹久夢二ら図案家が描いたモダン・ガールや女給、東京の風景、アール・デコ表現に注目する。映画音楽・ジャズ・流行小唄のハーモニカ楽譜も多数。ギャラリートークは1/9・2/7・3/6の14時から。","支払いは現金のみ。館内にエレベーターなし","なし（公共交通機関を利用）","根津駅（徒歩7分）／東大前駅（徒歩7分）"
"415","DOCOMOMO Japan 300選 選定記念「モダン・ムーブメントと建築の現在」 第1部「価値と魅力」","どこもも じゃぱん さんびゃくせん","art","東京都・文京区","国立近現代建築資料館","","tokyo","2026-08-29","2026-11-23","","","","10:00","16:30","月曜休館（10/12・11/23は開館、10/13休館）。最終入館16:15。11/24〜12/2は展示替えで休館","","","","","","","","","","","","","展覧会は無料（土日祝は旧岩崎邸庭園経由の入館のみで、庭園入園料一般400円が必要）","0","","","","","2026-10-07","","公式サイト","https://www.bunka.go.jp/nama/exhibitions/2607.html","https://www.bunka.go.jp/nama/exhibitions/2607.html","35.7086","139.7686","DOCOMOMO Japan選定建築が300件を超えたのを記念し、選定建築から約100作品を図面・模型・資料で紹介。第1部は2000年から続く選定の歩みをたどり、国立西洋美術館や東光園などの価値と魅力を伝える。","平日は湯島地方合同庁舎正門から入館（無料）。土日祝は都立旧岩崎邸庭園の入口からのみで入園料400円が必要。駐車場なし・バリアフリー未対応","なし",""
"416","DOCOMOMO Japan 300選 選定記念「モダン・ムーブメントと建築の現在」 第2部「継承と活用」","どこもも じゃぱん さんびゃくせん","art","東京都・文京区","国立近現代建築資料館","","tokyo","2026-12-03","2027-02-23","","","","10:00","16:30","月曜休館（1/11は開館、1/12休館）、12/28〜1/4休館。最終入館16:15","","","","","","","","","","","","","展覧会は無料（土日祝は旧岩崎邸庭園経由の入館のみで、庭園入園料一般400円が必要）","0","","","","","2026-10-07","","公式サイト","https://www.bunka.go.jp/nama/exhibitions/2607.html","https://www.bunka.go.jp/nama/exhibitions/2607.html","35.7086","139.7686","選定建築の中から約100作品を紹介する後半。40余りの建築が失われたことを示しつつ、リユースされた建築や時代とともに姿を変えた建築がどう受け継がれてきたかを図面・模型でたどる。","平日は湯島地方合同庁舎正門から入館（無料）。土日祝は都立旧岩崎邸庭園の入口からのみで入園料400円が必要。駐車場なし・バリアフリー未対応","なし",""
"417","竹久夢二 時代を創る表現者","たけひさゆめじ じだいをつくるひょうげんしゃ","art","東京都・千代田区","東京国立近代美術館","https://www.momat.go.jp/","tokyo","2026-10-23","2027-01-11","","","","10:00","17:00","金・土曜は20:00まで。月曜休館（11/23・1/11は開館）、11/24、12/28〜1/1休館。入館は閉館30分前まで","","","","","","","","","","","","","一般2,100円／大学生1,200円／高校生700円／中学生以下・障害者手帳持参者と付添1名は無料","2100","","","","","2026-10-03","","公式サイト","https://www.momat.go.jp/exhibitions/570","https://www.momat.go.jp/exhibitions/570","35.6889","139.7548","全国の所蔵先から約500点を集めた竹久夢二の大規模展。代表作《黒船屋》が約40年ぶりに東京へ戻るほか、夢二式美人の画業、日用品のレトロモダンなデザイン、メディアを横断した活動を紹介する。","観覧券で当日に限り所蔵作品展「MOMATコレクション」（4-2階）も観覧可","",""
"418","生誕110年 工藤甲人展 北の大地といのちの詩","くどうこうじんてん きたのだいちといのちのうた","art","神奈川県・平塚市","平塚市美術館","https://www.city.hiratsuka.kanagawa.jp/art-muse/","kanagawa","2026-09-19","2026-11-23","","","","9:30","17:00","月曜休館（9/21・10/12・11/23は開館、9/24・10/13は休館）。入場は16:30まで","","","","","","","","","","","","","一般1,000円／高大生500円／中学生以下無料","1000","","","","","2026-10-03","","公式サイト","https://www.city.hiratsuka.kanagawa.jp/art-muse/20162006_00059.html","https://www.city.hiratsuka.kanagawa.jp/art-muse/20162006_00059.html","35.3377","139.3481","平塚にアトリエを構えた日本画家・工藤甲人の生誕110年回顧展。初期から晩年までの代表作や小下図、画材など86点に、戦前の新美術人協会の作家7点を加えた計93点で約70年の画業をたどる。神奈川県内では35年ぶりの本格的回顧展。","毎週土曜は高校生無料。10/4に講演会（無料・申込不要）。同館は今後改修のため長期休館予定","",""
"419","平塚・カウナス姉妹都市提携3周年記念展 シュヴェグジュダと湘南の画家たち","しゅヴぇぐじゅだとしょうなんのがかたち","art","神奈川県・平塚市","平塚市美術館","https://www.city.hiratsuka.kanagawa.jp/art-muse/","kanagawa","2026-09-26","2026-11-23","","","","9:30","17:00","月曜休館（10/12・11/23は開館、10/13は休館）。初日は式典のため展示室の開場11:00。入場は16:30まで","","","","","","","","","","","","","一般500円／高大生300円／中学生以下無料","500","","","","","2026-10-03","","公式サイト","https://www.city.hiratsuka.kanagawa.jp/art-muse/20162006_00057.html","https://www.city.hiratsuka.kanagawa.jp/art-muse/20162006_00057.html","35.3377","139.3481","リトアニアの現代作家アルギマンタス・シュヴェグジュダの作品を日本初公開の34点で紹介し、岸田劉生ら湘南ゆかりの画家33点と比較展示する。カウナス市の世界遺産モダニズム建築のパネル展示も併設。","毎週土曜は高校生無料","",""
"420","特別展 しらべて分かった！里山にくらす動物たち","さとやまにくらすどうぶつたち","exp|fam","神奈川県・小田原市","神奈川県立生命の星・地球博物館","https://nh.kanagawa-museum.jp/","kanagawa","2026-07-18","2026-11-08","","","","9:00","16:30","月曜休館（祝日の場合は翌平日）ほか。入館は16:00まで","","","","","","","","","","","","","20歳以上65歳未満720円／15歳以上20歳未満・学生400円／高校生・65歳以上200円／中学生以下無料（常設展含む）","720","","","","","2026-10-03","","公式サイト","https://nh.kanagawa-museum.jp/exhibition/temporary/","https://nh.kanagawa-museum.jp/exhibition/temporary/","35.2397","139.1218","里山に暮らす哺乳類や鳥類のくらしぶりと変化を解説する特別展。1階特別展示室で、人と野生生物の関係を考える。10/3は関連講演会、10/10はサロン・ド・小田原、10/18は里山の自然観察会など関連行事あり。","常設展の観覧料を含む。開館日は公式のカレンダーで確認","",""
"421","ミニ企画展示 海底地形と測量 水路記念日155周年企画展","かいていちけいとそくりょう","exp","神奈川県・小田原市","神奈川県立生命の星・地球博物館","https://nh.kanagawa-museum.jp/","kanagawa","2026-09-19","2026-10-22","","","","9:00","16:30","月曜休館ほか。入館は16:00まで","","","","","","","","","","","","","展示は無料（常設展示室への入場には観覧券が必要。20歳以上65歳未満520円／15歳以上20歳未満・学生300円／高校生・65歳以上100円／中学生以下無料）","520","","","","","2026-10-03","","公式サイト","https://nh.kanagawa-museum.jp/exhibition/temporary/mini20260919.html","https://nh.kanagawa-museum.jp/exhibition/temporary/mini20260919.html","35.2397","139.1218","海上保安庁海洋情報部の協力で、明治から現在までの海底地形の測量方法や海図の作製を紹介する。小笠原諸島父島近海の沈水ドリーネ周辺の海底地形鳥瞰図も展示。2階ライブラリー入口の情報コーナーで開催。","","",""
"422","開館30周年記念 特別企画展 描かれたヴェネチアン・グラス 箱根ガラスの森美術館コレクション","えがかれたべねちあん・ぐらす","art","神奈川県・足柄下郡箱根町","箱根ガラスの森美術館","https://www.hakone-garasunomori.jp/","kanagawa","2026-07-18","2027-01-11","","","","10:00","17:30","会期中無休。入館は17:00まで","","","","","","","","","","","","","入館料：大人1,800円／大高生1,300円／小中生600円／65歳以上1,700円","1800","","","","","2026-10-03","","公式サイト","https://www.hakone-garasunomori.jp/event/exhibition_2026/","https://www.hakone-garasunomori.jp/event/exhibition_2026/","35.2679","139.0138","西洋絵画に描かれたヴェネチアン・グラスを手がかりに、ガラス器の歴史をたどりつつ同館所蔵の名品を新しい視点で紹介する開館30周年企画。展示される絵画作品はすべて複製品。","絵画作品は複製品での展示。入館料に企画展が含まれるかは公式ページに明記なし","隣接有料駐車場（150台・普通車1日500円）／第三駐車場（徒歩5分・無料）",""
"423","令和8年度秋の展示 ジオパーク巡回展 地球時間の旅","じおぱーくじゅんかいてん ちきゅうじかんのたび","exp|fam","千葉県・千葉市","千葉県立中央博物館","https://www.chiba-muse.or.jp/NATURAL/","chiba","2026-10-17","2026-12-13","","","","9:00","16:30","月曜休館（祝日の場合は翌平日）。入場は16:00まで","","","","","","","","","","","","","一般300円／高校生・大学生150円／中学生以下・65歳以上無料（11/3は誰でも無料）","300","","","","","2026-10-03","","公式サイト","https://www.chiba-muse.or.jp/NATURAL/exhibition/events/r8geopark/","https://www.chiba-muse.or.jp/NATURAL/exhibition/events/r8geopark/","35.6005","140.1368","全国38会場を巡った巡回展の最終開催地。各地のジオパークから集めた岩石・化石・景観を通じて日本列島誕生の歴史をたどり、銚子ジオパークなど房総の大地が育んだ文化も紹介する。発見BOXや偏光顕微鏡で見る岩石の展示がある。","10/5〜10/15は臨時休館。第1企画展示室","",""
"424","トピックス展 東日本大震災15年 災害を記録して伝える","とぴっくすてん ひがしにほんだいしんさいじゅうごねん","exp","千葉県・千葉市","千葉県立中央博物館","https://www.chiba-muse.or.jp/NATURAL/","chiba","2026-10-20","2026-12-13","","","","9:00","16:30","月曜休館（祝日の場合は翌平日）。入場は16:00まで","","","","","","","","","","","","","一般300円／高校生・大学生150円／中学生以下・65歳以上無料（11/3は誰でも無料）","300","","","","","2026-10-03","","公式サイト","https://www.chiba-muse.or.jp/NATURAL/exhibition/events/saigai2026/","https://www.chiba-muse.or.jp/NATURAL/exhibition/events/saigai2026/","35.6005","140.1368","千葉県で過去に起きた地震・津波・台風の記録を、古文書、石碑の拓本、写真・映像で伝える展示。鯰絵や関東大震災の写真帖などの収蔵資料に加え、現代の防災・減災の取り組みも紹介する。第2企画展示室。","10/5〜10/15は臨時休館","",""
"425","生態園トピックス展 どんぐりと松ぼっくり","せいたいえんとぴっくすてん どんぐりとまつぼっくり","exp|fam","千葉県・千葉市","千葉県立中央博物館","https://www.chiba-muse.or.jp/NATURAL/","chiba","2026-10-31","2027-05-30","","","","","","月曜休館（祝日の場合は翌平日）・年末年始","","","","","","","","","","","","","無料（博物館本館は別途入場料が必要）","0","","","","","2026-10-03","","公式サイト","https://www.chiba-muse.or.jp/NATURAL/exhibition/events/2026donguri/","https://www.chiba-muse.or.jp/NATURAL/exhibition/events/2026donguri/","35.6005","140.1368","生態園オリエンテーションハウスで、どんぐりと松ぼっくりの花から実になるまで、千葉の種類、種子散布や動物との関わりを写真と標本で紹介する。風に乗る種を模した折り紙を飛ばせる。","展示は無料。本館への入場は別途入場料が必要","",""
"426","理科実験（館内イベント）","りかじっけん","exp|fam","神奈川県・横浜市西区","三菱みなとみらい技術館","https://www.mhi.com/minatomirai/","kanagawa","2026-10-03","2026-10-31","","2026-10-03|2026-10-10|2026-10-11|2026-10-12|2026-10-17|2026-10-24|2026-10-31","","10:40","11:00","10/10〜12は13:40〜14:00にも実施。自由参加・先着50名","","","","","","","","","","","","","入館料：大人500円／中高生300円／小学生200円／未就学児・65歳以上無料（イベント参加は無料）","500","","","","","2026-10-03","","公式サイト","https://www.mhi.com/jp/company/museum/minatomirai/event/rikajikken.html","https://www.mhi.com/jp/company/museum/minatomirai/event/rikajikken.html","35.4599","139.6355","家族で楽しめる理科実験をスタッフが実演する館内イベント。実験の内容は当日発表。2階の実験ワゴン前に集合する自由参加制で、未就学児から大人まで参加できる。","入館料のみ必要。入館料の支払いは現金のみ","地下に有料駐車場あり（463台・提携割引なし）",""
"427","のりものペーパークラフト工作（館内イベント）","のりものぺーぱーくらふとこうさく","exp|fam","神奈川県・横浜市西区","三菱みなとみらい技術館","https://www.mhi.com/minatomirai/","kanagawa","2026-10-04","2026-10-25","","2026-10-04|2026-10-25","","10:00","15:30","10:00〜11:30と13:00〜15:30の2部制・当日先着順・各日200名","","","","","","","","","","","","","入館料：大人500円／中高生300円／小学生200円／未就学児・65歳以上無料（イベント参加は無料）","500","","","","","2026-10-03","","公式サイト","https://www.mhi.com/jp/company/museum/minatomirai/event/202605papercraft.html","https://www.mhi.com/jp/company/museum/minatomirai/event/202605papercraft.html","35.4599","139.6355","新交通システムAGTなどの乗り物のペーパークラフトを作る工作イベント。作ったあとは館内に展示された各種の乗り物を探して歩ける。2階の陸ゾーンに集合する当日先着制で、体験時間の目安は10〜30分。","入館料のみ必要。入館料の支払いは現金のみ","地下に有料駐車場あり（463台・提携割引なし）",""
"428","富士急行100周年記念","ふじきゅうこうひゃくしゅうねんきねん","exp","神奈川県・横浜市西区","原鉄道模型博物館","https://www.hara-mrm.com/","kanagawa","2026-09-18","","","","","10:00","17:00","火曜・水曜休館（祝日は営業）。最終入館16:30","","","","","","","","","","","","","入館料：大人1,500円／中高生1,000円／小人（4歳以上）750円（日時指定制）","1500","","","","","2026-10-03","","公式サイト","https://www.hara-mrm.com/event/event2608_01.html","https://www.hara-mrm.com/event/event2608_01.html","35.4649","139.6316","富士急行の創立100周年（2026年9月18日）に合わせた記念企画。創設者の原信太郎が沿線で撮影した写真が収蔵されていることにちなみ、1926年の創立から富士登山電車、富士急ハイランドまでの歩みを年表で紹介する。","日時指定制の入館券（イープラス／ファミリーマート）。館内での展示の詳細・終了日は公式ページに記載なし","",""
"429","15周年記念 マイカップヌードルファクトリー「ボックスパッケージ」","まいかっぷぬーどるふぁくとりー ぼっくすぱっけーじ","exp|food|fam","神奈川県・横浜市中区","カップヌードルミュージアム横浜","https://www.cupnoodles-museum.jp/ja/yokohama/","kanagawa","2026-10-01","","","","","10:00","18:00","15万個限定（なくなり次第終了と思われるが公式に明記なし）。火曜休館（祝日の場合は翌日）。入館は17:00まで","","","","","","","","","","","","","入館料：大人（大学生以上）500円／高校生以下無料。マイカップヌードルファクトリー1食500円","500","","","","","2026-10-03","","公式サイト","https://www.cupnoodles-museum.jp/ja/yokohama/news/18652/","https://www.cupnoodles-museum.jp/ja/yokohama/news/18652/","35.4534","139.6398","オリジナルのカップヌードルを作る体験で、持ち帰り用に開館15周年の特別仕様「ボックスパッケージ」が15万個限定で登場。折り紙のように組み立てる箱で、内側に浮世絵タッチで日本の過去と現在のモチーフを描く。","整理券制のため混雑日は早めに終了することがある。入館料のみの事前販売なし","","みなとみらい駅（徒歩8分）／馬車道駅（徒歩8分）／桜木町駅（徒歩12分）"
"430","ラー博Limited 第16弾 凄麺25周年記念イベント 札幌すみれ村中伸宜監修「凄麺屋」","らーはくりみてっど だいじゅうろくだん すごめんや","food","神奈川県・横浜市港北区","新横浜ラーメン博物館","https://www.raumen.co.jp/","kanagawa","2026-10-10","2026-10-12","","","","","","館内営業時間は土日祝10:30〜21:00","","","","","","","","","","","","","入館料：大人450円／小中学生・高校生100円／小学生未満無料。ラーメン（醤油・味噌・ブラックペッパー醬油）各750円","450","","","","","2026-10-03","","公式サイト","https://www.raumen.co.jp/information/news_002115.html","https://www.raumen.co.jp/information/news_002115.html","35.5095","139.6187","札幌「すみれ」店主・村中伸宜氏が、凄麺（ヤマダイ）のノンフライ麺に、厨房で骨から炊いたスープを合わせて店のラーメンとして提供する3日間限定店。醤油・味噌・ブラックペッパー醬油の3品。地下1階ラー博Limited（博多一双前）。","ラーメン代は別途。提供時間・提供数は公式ページに記載なし","",""
"431","房総のむら 秋のまつり","ぼうそうのむら あきのまつり","fest|fam","千葉県・印旛郡栄町","房総のむら","https://www.chiba-muse.or.jp/MURA/","chiba","2026-10-11","2026-10-12","","","","9:00","16:30","","","","","","","","","","","","","","入場料：一般300円／高・大学生150円／中学生以下・65歳以上無料","300","","","","","2026-10-03","","公式サイト","https://www.chiba-muse.or.jp/MURA/event/","https://www.chiba-muse.or.jp/MURA/event/","35.8292","140.2705","江戸時代から明治期の建物や町並みを再現した体験型博物館で開かれる秋の季節行事。公式サイトには日程の予告のみが掲載され、催しの内容は未公表（2026-10-03時点）。","内容・料金の特例は未公表。風土記の丘エリアの野外展示は無料。開館時間は通常の9:00〜16:30","",""
"432","房総のむら 文化の日・日本遺産北総四都市デー","ぶんかのひ・にほんいさんほくそうよんとしでー","fest|fam","千葉県・印旛郡栄町","房総のむら","https://www.chiba-muse.or.jp/MURA/","chiba","2026-11-03","2026-11-03","","","","9:00","16:30","","","","","","","","","","","","","","入場料：一般300円／高・大学生150円／中学生以下・65歳以上無料","300","","","","","2026-10-03","","公式サイト","https://www.chiba-muse.or.jp/MURA/event/","https://www.chiba-muse.or.jp/MURA/event/","35.8292","140.2705","房総のむらの文化の日の特別日。公式サイトには日程の予告のみが掲載され、催しの内容は未公表（2026-10-03時点）。","内容・料金の特例（文化の日の無料化など）は未確認。開館時間は通常の9:00〜16:30","",""
"433","房総のむら むらのお正月","ぼうそうのむら むらのおしょうがつ","fest|fam","千葉県・印旛郡栄町","房総のむら","https://www.chiba-muse.or.jp/MURA/","chiba","2027-01-03","2027-01-04","","","","9:00","16:30","","","","","","","","","","","","","","入場料：一般300円／高・大学生150円／中学生以下・65歳以上無料","300","","","","","2026-10-03","","公式サイト","https://www.chiba-muse.or.jp/MURA/event/","https://www.chiba-muse.or.jp/MURA/event/","35.8292","140.2705","房総のむらで正月に開かれる恒例の行事。公式サイトには日程の予告のみが掲載され、催しの内容は未公表（2026-10-03時点）。","内容・料金の特例は未公表。1/5・1/6は臨時休館","",""
"434","特別イベント「土木研究所ミュージアム －くらしをささえるインフラのひみつ－」","","exp|fam","茨城県・つくば市","つくばエキスポセンター","https://www.expocenter.or.jp/","ibaraki","2026-09-26","2026-11-03","","","","9:50","17:00","特別イベントは9/27・10/31・11/1に開催","","","","","","","","","","","","","催し参加は無料（入館料おとな600円／こども300円が別途必要）","600","","","","","2026-10-03","","公式サイト","https://www.expocenter.or.jp/event/detail/id=5205","https://www.expocenter.or.jp/event/detail/id=5205","36.0818","140.1105","土木研究所が橋・道路・ダム・堤防などのインフラ研究をパネルと映像で紹介する特別展示（2階サイエンスギャラリー）。会期中の特定日に、マインクラフトで洪水を体験する回、トンネルの実験、コンクリート工作などの実演・体験イベントも開かれる。","体験は日により整理券制。小学生のみでの入館不可（保護者同伴）","あり（約60台。平日は普通車無料、土日祝は500円）",""
"435","特別イベント「ドローンでプログラミング」","","exp|fam","茨城県・つくば市","つくばエキスポセンター","https://www.expocenter.or.jp/","ibaraki","2026-10-10","2026-10-12","","","","10:00","16:40","1回40分・全7回／日。各回体験者2名","","","","","","","","","","","","","1,500円（入館料別途）","1500","","","","","2026-10-03","","公式サイト","https://www.expocenter.or.jp/event/detail/id=5223","https://www.expocenter.or.jp/event/detail/id=5223","36.0818","140.1105","タブレットのアプリを学んでからドローンを実際に操縦し、ブロックを使った簡単なプログラミング課題に挑戦する体験。希望すれば操縦体験のみにも変更できる。対象は小学生以上で、小学1・2年生は保護者の補助が必要。申込はteketで受付。","事前予約制（teket）。入館料おとな600円／こども300円が別途必要","あり（約60台。平日は普通車無料、土日祝は500円）",""
"436","KAGAYA写真展 オーロラの調べ","","art","茨城県・つくば市","つくばエキスポセンター","https://www.expocenter.or.jp/","ibaraki","2026-11-13","2027-01-24","","","","9:50","17:00","12月の平日は16:00閉場（最終入館15:30）。休館日は公式で要確認","","","","","","","","","","","","","展示は無料（入館料おとな600円／こども300円が別途必要）","600","","","","","2026-10-03","","公式サイト","https://www.expocenter.or.jp/event/detail/id=5231","https://www.expocenter.or.jp/event/detail/id=5231","36.0818","140.1105","星空写真家KAGAYA氏が撮影したオーロラや星空の作品を2階多目的ホールで展示する写真展。会期中はプラネタリウムでも番組「オーロラの調べ」を上映する。展示への参加は予約不要で、見学は自由。","プラネタリウム鑑賞は別途1番組600円（こども300円）","あり（約60台。平日は普通車無料、土日祝は500円）",""
"437","企画展関連イベント「KAGAYA講演会＋プラネタリウム上映会」","","art|exp","茨城県・つくば市","つくばエキスポセンター","https://www.expocenter.or.jp/","ibaraki","2026-11-22","2026-11-22","","","","15:40","17:20","","","","","","","","","","","","","","1,500円（入館料別途）","1500","","","","","2026-10-03","","公式サイト","https://www.expocenter.or.jp/event/detail/id=5236","https://www.expocenter.or.jp/event/detail/id=5236","36.0818","140.1105","星空写真家KAGAYA氏本人が登壇し、世界各地での撮影の裏話を語る講演会と、プラネタリウム番組「オーロラの調べ」の上映をセットにした約1時間40分のイベント。会場はプラネタリウムホール。","事前予約制（teket）。当日はつくばマラソンのため周辺道路で交通規制の予定。終了後は館内に戻れない","あり（約60台。満車時は近隣コインパーキング）",""
"438","クリスマスイルミネーション","","fest|fam","茨城県・つくば市","つくばエキスポセンター","https://www.expocenter.or.jp/","ibaraki","2026-11-22","2026-12-25","","","","16:00","21:00","11/22は16:50に点灯式、以降21:00まで。閉館後は中央公園側から見られる","","","","","","","","","","","","","無料（館内に入る場合は入館料が必要）","","","","","","2026-10-03","","公式サイト","https://www.expocenter.or.jp/event/detail/id=5235","https://www.expocenter.or.jp/event/detail/id=5235","36.0818","140.1105","プラネタリウムドームの外周を使ったイルミネーションで、水面に光が映り込むのが見どころ。点灯式は11月22日16:50に正面玄関広場で行われ、以降12月25日まで毎日16:00から21:00に点灯する。","","あり（約60台。平日は普通車無料、土日祝は500円）",""
"439","プラネタリウム特別投影 全国一斉『熟睡』プラ寝たリウム","","exp","茨城県・つくば市","つくばエキスポセンター","https://www.expocenter.or.jp/","ibaraki","2026-11-23","2026-11-23","","","17:30","18:00","19:00","","","","","","","","","","","","","","1,000円","1000","","","","","2026-10-03","","公式サイト","https://www.expocenter.or.jp/event/detail/id=5241","https://www.expocenter.or.jp/event/detail/id=5241","36.0818","140.1105","勤労感謝の日の夜、解説を少なめにした星空と心地よいBGM、ほのかなアロマの香りで眠るように楽しむ特別投影。定員115名、対象は中学生以上。全国のプラネタリウムで同日に行われる企画の一つ。","事前予約制（teket）。駐車場は17:30閉鎖のため参加者は利用不可。正面プラネタリウム側入口から入場","当イベントでは利用不可（駐車場は17:30閉鎖。近隣の私営駐車場を利用）",""
"440","VRでつくば科学万博会場を飛び回ろう！","","exp|fam","茨城県・つくば市","つくばエキスポセンター","https://www.expocenter.or.jp/","ibaraki","2026-11-28","2026-11-29","","2026-11-28|2026-11-29","","9:50","17:00","開館時間中随時受付・1回約3分","","","","","","","","","","","","","体験は無料（入館料おとな600円／こども300円が別途必要）","600","","","","","2026-10-03","","公式サイト","https://www.expocenter.or.jp/event/detail/id=5243","https://www.expocenter.or.jp/event/detail/id=5243","36.0818","140.1105","VRゴーグルを着けると、CGで再現されたつくば科学万博の会場に入り込み、当時の各パビリオンを見て回れる約3分の体験。7歳以上推奨で、7歳未満はタブレットの平面映像で楽しむ。予約不要。","","あり（約60台。土日祝は普通車500円）",""
"441","11月の天体観望会「アンドロメダ銀河」","","exp","茨城県・つくば市","つくばエキスポセンター","https://www.expocenter.or.jp/","ibaraki","2026-11-21","2026-11-21","","","18:00","18:30","20:30","天候不良時は19:30頃まで（プラネタリウムでの解説）","","","","","","","","","","","","","600円（3歳以下無料）","600","","","","","2026-10-03","","公式サイト","https://www.expocenter.or.jp/event/detail/id=5250","https://www.expocenter.or.jp/event/detail/id=5250","36.0818","140.1105","プラネタリウムで秋の星空の見つけ方を学んだあと、屋外で望遠鏡を使い、アンドロメダ銀河や土星、星団などを観察する観望会。定員100名で、双眼鏡を持参すれば紹介する天体を一緒に見られる。","事前申込制（先着）。駐車場は17:30閉鎖のため利用不可","当イベントでは利用不可（駐車場は17:30閉鎖。近隣の私営駐車場を利用）",""
"442","おとなのためのサイエンス講座「ダイヤモンドの多様な世界」","","exp","茨城県・つくば市","つくばエキスポセンター","https://www.expocenter.or.jp/","ibaraki","2026-11-14","2026-11-14","","","","13:30","16:45","13:30～15:00と15:15～16:45の全2回で1講座","","","","","","","","","","","","","1,000円／回（入館料別途）","1000","","","","","2026-10-03","","公式サイト","https://www.expocenter.or.jp/event/detail/id=5209","https://www.expocenter.or.jp/event/detail/id=5209","36.0818","140.1105","ダイヤモンド合成の歴史と技術を解説する第1回と、硬さ・脆さの体験や熱的性質、天然と合成の違いを学ぶ第2回の講座。講師は元NIMS研究者で、実物に触れる体験がある。定員は最大12名の少人数制。","原則、全2回の受講が必要（2回分の申込）。大人向け","あり（約60台。土日祝は普通車500円）",""
"443","企画展「THE HEADLINERS 2026 キュン発力の時代」","ざへっどらいなーず","art","茨城県・笠間市","茨城県陶芸美術館","https://www.tougei.museum.ibk.ed.jp/","ibaraki","2026-10-10","2026-12-13","","","","9:30","17:00","入場は16:30まで。月曜休館（10/12・11/2・11/23は開館、10/13・11/4・11/24は休館）","","","","","","","","","","","","","一般950円／満70歳以上470円／高校生等710円／小中学生360円","950","","","","","2026-10-03","","公式サイト","https://www.tougei.museum.ibk.ed.jp/viewer/info.html?id=603","https://www.tougei.museum.ibk.ed.jp/viewer/info.html?id=603","36.3724","140.2616","現代陶芸の注目作家14名を紹介するシリーズ企画の第3弾。架空の動物のフィギュア、巨大なオブジェ、光がランダムに透ける器など多様な表現が並ぶ。企画展の観覧券で館内の全展示室を観覧できる。","無料日：10/17・10/18・11/1・11/13（県民の日）は全員無料、11/28は満70歳以上無料、土曜は高校生以下無料","あり（笠間芸術の森公園北駐車場・300台・無料。公園内イベント時は有料）",""
"444","テーマ展「国立美術館 コレクション・プラス 近代ヨーロッパの工芸とデザイン」","","art","茨城県・笠間市","茨城県陶芸美術館","https://www.tougei.museum.ibk.ed.jp/","ibaraki","2026-09-03","2026-12-24","","","","9:30","17:00","前期9/3～11/15、後期11/17～12/24（椅子1点・ポスター2点が入れ替わる）。入場は16:30まで。月曜休館（10/12・11/2は開館、10/13・11/4は休館）","","","","","","","","","","","","","一般360円／満70歳以上180円／高校生等290円／小中学生180円","360","","","","","2026-10-03","","公式サイト","https://www.tougei.museum.ibk.ed.jp/viewer/info.html?id=601","https://www.tougei.museum.ibk.ed.jp/viewer/info.html?id=601","36.3724","140.2616","館蔵品・寄託品に国立工芸館や茨城県立歴史館の所蔵品を加え、19世紀末から20世紀半ばのヨーロッパの工芸を紹介。ガレのガラスと陶器、ドレッサーの金属器、ホフマンの椅子、ルーシー・リーの陶器などが並ぶ。","同時開催中の企画展の観覧券でも観覧可。10/17・10/18・11/1・11/13は全員無料、土曜は高校生以下無料","あり（笠間芸術の森公園北駐車場・300台・無料。公園内イベント時は有料）",""
"445","笠間陶芸大学校10周年記念展(仮称)","","art","茨城県・笠間市","茨城県陶芸美術館","https://www.tougei.museum.ibk.ed.jp/","ibaraki","2027-01-02","2027-03-07","","","","9:30","17:00","展覧会名・会期は変更になる場合あり（公式の年間スケジュールによる）","","","","","","","","","","","","","一般950円／満70歳以上470円／高校生等710円／小中学生360円","950","","","","","2026-10-03","","公式サイト","https://www.tougei.museum.ibk.ed.jp/viewer/info.html?id=564","https://www.tougei.museum.ibk.ed.jp/viewer/info.html?id=564","36.3724","140.2616","茨城県立笠間陶芸大学校の開校10周年を記念し、教育の成果と卒業生たちの現在の活動を紹介する企画展。卒業制作や公募展入選作などを通して、現代陶芸の多様な表現を見られる。","料金は観覧料表の企画展の区分による（令和8年4月1日現在）。仮称・日程は変更の可能性あり","あり（笠間芸術の森公園北駐車場・300台・無料。公園内イベント時は有料）",""
"446","逸翁美術館コレクション 蕪村・呉春と茶の湯の名品","","art","東京都・港区","サントリー美術館","https://www.suntory.co.jp/sma/","tokyo","2026-09-16","2026-11-08","","","","","","火曜休館（金曜は20時まで開館）","","","","","","","","","","","","","一般1,700円（当日）","1700","","","","","2026-10-03","","GO TOKYO","https://www.gotokyo.org/jp/see-and-do/arts-and-design/art-and-exhibitions/index.html","https://www.suntory.co.jp/sma/","35.6641","139.7301","大阪・池田市の逸翁美術館が所蔵する約5,500件のコレクションから、与謝蕪村と呉春の絵画をはじめ、古筆切や茶道具など多彩な名品を紹介する。","公式サイト未取得。GO TOKYOの掲載による。学生・障がい者割引あり。","専用駐車場なし（東京ミッドタウンの駐車場を利用可）","六本木駅（大江戸線8番出口直結・日比谷線地下通路直結）／乃木坂駅（徒歩約3分）"
"447","東京おもちゃまつり","","fam|exp","東京都・新宿区","東京おもちゃ美術館","https://art-play.or.jp/ttm/","tokyo","2026-10-10","2026-10-11","","","","10:00","16:00","最終入館15:30","","","","","","","","","","","","","【1日券】前売 大人1,200円／子ども800円、当日 大人1,500円／子ども1,100円（子どもは6か月〜小学生未満）【2日通し券】前売 2,000円","1500","","","","","2026-10-03","","ウォーカープラス","https://www.walkerplus.com/event/ar0313e614525/","https://omocha-matsuri.net/","35.6892","139.718","全国のおもちゃコンサルタントや大道芸人など300人以上が集う、年に1度の遊びの文化祭。工作や体験が並ぶ100ブースの縁日、ジャグリングやバルーンアートのステージ、ゲームの専門家との対戦会があり、木育ゾーンも初登場する。","公式サイト未取得。ウォーカープラスの掲載による。","",""
"448","印象派モネと浮世絵［モネを魅了した、日本の美］（THE MOVEUM YOKOHAMA 第2期シアタープログラム）","いんしょうはもねとうきよえ","art|exp","神奈川県・横浜市中区","THE MOVEUM YOKOHAMA","https://global.toyota/info/themoveum/","kanagawa","2026-10-24","2027-03-31","","","10:30","11:00","","毎時00分から上映（月〜金・日・祝は11〜18時台、土・祝前日は19時台まで）","","","","","2026-09-24","","","","","","","","一般3,000円／学生（高・大・専）1,700円／ペア（2名）5,600円／中学生以下無料","3000","2500","17","公式サイト（早割）","早割チケット販売中：一般2,500円・学生1,500円・ペア4,800円（販売〜2026-10-23、利用は2026-10-24〜11-20のみ）","2026-10-03","早割は利用可能期間が2026-10-24〜11-20に限られる","公式サイト","https://global.toyota/info/themoveum/ticket/","https://global.toyota/info/themoveum/events/immersive-monet/","","","モネと浮世絵の響き合いをたどる大規模な没入型プログラム。《印象、日の出》《睡蓮》や北斎《神奈川沖浪裏》などを題材に、絵画・建築・音楽・映像・音響を融合した一続きの物語として投影する。同日開幕のSTUDIOプログラム「LISTEN. ONE MOMENT WHITE NIGHT 白夜」も同時開催。","小学生以下のみの入場不可（18歳以上の保護者同伴）。混雑時は次回上映回を案内。会場へは元町・中華街駅から無料送迎モビリティあり","専用駐車場・駐輪場なし（近隣の有料駐車場・公共交通機関を利用）","元町・中華街駅（4番出口から無料送迎モビリティで約10分／徒歩約25分）"
"449","VIVANT 悪役大会議室","ヴィヴァンあくやくだいかいぎしつ","ent","東京都・新宿区","新宿文化センター 大ホール","https://www.regasu-shinjuku.or.jp/bunka-center/","tokyo","2026-11-04","2026-11-04","","","","","","","","","","","","","","","","","","","一般7,000円","7000","","","","","2026-10-03","","チケットぴあ","https://lp.p.pia.jp/event/related/509405/index.html","","","","ラジオ・YouTube番組「VIVANT 悪役会議室」の出演者、山本巧役の迫田孝也・ワニズ役の河内大和・ゴビ役の馬場徹による特別イベント。ドラマ『VIVANT』の悪役3人が番組の世界観で集まる。未就学児は入場不可。","未就学児入場不可／開場・開演時刻は公式ページに記載なし／撮影のカメラが入り客席が映る可能性あり／内容・出演者の変更があっても払戻不可","",""
"450","ジュエルミネーション満喫55（ゴーゴー）パック","じゅえるみねーしょんまんきつごーごーぱっく","exp","東京都・稲城市","よみうりランド","https://www.yomiuriland.com/","tokyo","2026-10-29","2026-11-20","","","","","","11/12は休園日","","","","","","","一般販売","2026-10-01","12:00","","","11/1〜11/20利用分は利用日の1か月前から販売","3,000円（55歳以上限定。イルミネーション入園＋優先乗車権付のりもの券1回＋園内飲食券1,000円分のセット）","3000","","","","","2026-10-07","55歳以上限定（入園時に身分証提示を求められる場合あり）。購入にはよみランCLUB会員登録（無料）が必要","公式サイト","https://www.yomiuriland.com/event/jewel55pack/","https://www.yomiuriland.com/event/jewel55pack/","35.6367","139.5133","ジュエルミネーション開催期間の前半に使える55歳以上限定のお得なセット券。入園、バンデット・観覧車・ゴーカートから選べる優先乗車権付のりもの券、園内で使える飲食券1,000円分が付き、最大1,800円引きの3,000円で購入できる。","のりもの券・飲食券は当日限り有効、払い戻し不可","A-1・A-2・C-1・C-2駐車場 平日1,500円・土日祝/特定日2,000円〜(B・D・Eは30分400円)","京王線「京王よみうりランド駅」からゴンドラ「スカイシャトル」/小田急線「読売ランド前駅」からバス"
"451","LABUBU×SANRIO PUROLAND","らぶぶさんりおぴゅーろらんど","ent","東京都・多摩市","サンリオピューロランド","https://www.puroland.jp/","tokyo","2026-09-11","2026-11-03","","","","","","","","","","","","","","","","","","","来園日により変動制（デイパスポートおとな3,900円〜／小人・シニア2,800円〜。当日料金は公式カレンダーで要確認）","","","","","","2026-10-07","","公式サイト","https://www.puroland.jp/event-campaign/2026_halloween_labubu/","https://www.puroland.jp/event-campaign/2026_halloween_labubu/","35.6373","139.4459","ハロウィンショー「PUROMONSTERSCRAMBLE PARTY」にPOP MARTのLABUBUがスペシャルゲストで登場するコラボ。エンターテイメントホールでの特別ステージのほか、コラボグッズ（3Fエントランスショップ）や杏仁ピーチパフェ（1,000円）が登場する。","ショーの観覧は入園料に含まれる。グッズは品切れ・完売の場合あり","ピューロランド地下駐車場 1日1,800円(営業日6:00〜閉館30分後、約80台)","京王線「京王多摩センター駅」/小田急線「小田急多摩センター駅」/多摩モノレール「多摩センター駅」"
"452","ポムポムすぎるよ展","ぽむぽむすぎるよてん","art|ent","東京都・多摩市","サンリオピューロランド","https://www.puroland.jp/","tokyo","2026-04-10","2026-12-31","","","","","","","","","","","","","","","","","","","来園日により変動制（デイパスポートおとな3,900円〜／小人・シニア2,800円〜。当日料金は公式カレンダーで要確認）","","","","","","2026-10-07","","公式サイト","https://www.puroland.jp/event-campaign/pompompurin30th_pompomsugiruyo/","https://www.puroland.jp/event-campaign/pompompurin30th_pompomsugiruyo/","35.6373","139.4459","ポムポムプリン30周年企画。クリエイティブチームentakuの協力で、プリンの魅力を9つの「○○すぎるよ」というテーマに分けた約200点の展示を館内で見て回れる。4Fフォトスポットエリアにはプリンのバルーンも登場する。","入園料に含まれる企画。各エリアの運営時間に準じる","ピューロランド地下駐車場 1日1,800円(営業日6:00〜閉館30分後、約80台)","京王線「京王多摩センター駅」/小田急線「小田急多摩センター駅」/多摩モノレール「多摩センター駅」"
"453","わんことNAKAYOKUナイト in サンリオピューロランド","わんことなかよくないとさんりおぴゅーろらんど","exp|fam","東京都・多摩市","サンリオピューロランド","https://www.puroland.jp/","tokyo","2026-11-21","2026-11-22","","2026-11-21|2026-11-22","","19:00","22:00","一般営業終了後の貸切イベント","","","","","","","事前抽選","","","","","","飼い主チケット10,000円（ノベルティ付き）／わんちゃんチケット2,000円（ノベルティ付き。飼い主1枚につき2頭分まで）","10000","","","","","2026-10-07","","公式サイト","https://www.puroland.jp/event-campaign/pn30th_nakayoku-night/","https://www.puroland.jp/event-campaign/pn30th_nakayoku-night/","35.6373","139.4459","一般営業終了後のピューロランドを犬連れで楽しむ貸切の夜。キャラクターとのグリーティングやフォトスポット巡りができ、最後にポムポムプリンと集合写真の撮影会がある。事前抽選・有料で、犬の同伴が必須。","事前抽選制。狂犬病・混合ワクチンの接種証明書または抗体検査書の提示と利用同意書が必要。館内の一部は抱っこ・バギー・キャリーのみ可","ピューロランド地下駐車場 1日1,800円(営業日6:00〜閉館30分後、約80台)","京王線「京王多摩センター駅」/小田急線「小田急多摩センター駅」/多摩モノレール「多摩センター駅」"
"455","※チンアナゴではありま展","ちんあなごではありまてん","exp|fam","東京都・墨田区","すみだ水族館","https://www.sumida-aquarium.com/","tokyo","2026-10-01","2026-11-16","","","","","","","","","","","","","","","","","","","イベント自体は無料（水族館入場料が別途必要。おとな2,700円／高校生2,000円／中・小学生1,400円／幼児900円）","2700","","","","","2026-10-07","","公式サイト","https://www.sumida-aquarium.com/news/4q4iptlvr3/","https://www.sumida-aquarium.com/news/4q4iptlvr3/","35.7101","139.8107","11月11日のチンアナゴの日に合わせた館内企画。チンアナゴの水槽で同居するニシキアナゴやホワイトスポッテッドガーデンイールを、3種の実寸大シルエットシールで見分けられるように装飾し、誤解を解く展示にしている。","水族館入場料は別。障がい者手帳提示の本人と同伴者1名は半額","専用駐車場なし(近隣の東京スカイツリータウン駐車場等を利用、割引なし)","東武スカイツリーライン「とうきょうスカイツリー駅」すぐ/「押上(スカイツリー前)駅」徒歩5分"
"456","サンシャイン水族館×高橋書店「ざんねんないきもの事典」特別展 ざんねんないきもの展3","ざんねんないきものてんすりー","exp|fam","東京都・豊島区","サンシャイン水族館","https://sunshinecity.jp/aquarium/","tokyo","2026-03-13","2026-11-23","","","","","","","","","","","","","","","","","","","水族館の入館料が必要（高校生以上2,600〜3,200円／小・中学生1,300円／4才以上800円）","","","","","","2026-10-07","","公式サイト","https://sunshinecity.jp/file/aquarium/zannen/","https://sunshinecity.jp/file/aquarium/zannen/","35.7295","139.7189","ハナヒゲウツボやミーアキャット、ヒラリーカエルガメなど約25種の生きものを7つのコーナーで紹介する特別展。調香師がチャバネアオカメムシのにおいを再現した体験や、平日11:30にアロワナのジャンプを見られるフィーディングタイムがある。","特別展の追加料金の有無は公式ページで確認できず。生きものの状況・混雑により内容が中止になる場合あり","サンシャインシティ駐車場を利用(駐車サービスあり)","池袋駅35番出口徒歩/東京メトロ有楽町線「東池袋駅」6・7番出口直結"
"457","開創700年記念 特別展「大徳寺 本朝無双之禅苑」","","art","東京都・台東区","東京国立博物館 平成館","https://www.tnm.jp/","tokyo","2026-10-14","2026-12-06","","","","9:30","17:00","金・土曜は20:00まで","","","","","","","","","","","","","一般2,300円（前売2,100円）／大学生1,300円（前売1,100円）／高校生900円（前売700円）","2300","","","","","2026-10-07","","公式サイト","https://www.tnm.jp/modules/r_free_page/index.php?id=2770","https://daitokuji2026.exhn.jp/","","","大徳寺開創700年を記念し、塔頭や派寺院を含む山内の寺宝を一挙公開。通常非公開の名宝が一堂に会するのは41年ぶり、東京では初。事前予約不要。","休館日は月曜と11/24（11/2・11/23・11/30は開館）。前売券は10/13まで販売","","上野駅（徒歩10分）"
"458","特別展 内山晋コレクション受贈記念「歌川広重 江戸のベストアングル」","","art","東京都・台東区","東京国立博物館 本館A室","https://www.tnm.jp/","tokyo","2026-09-29","2026-12-20","","","","9:30","17:00","金・土曜は20:00まで","","","","","","","","","","","","","","","","","","","","","公式サイト","https://www.tnm.jp/modules/r_free_page/index.php?id=2759","https://www.tnm.jp/modules/r_free_page/index.php?id=2759","","","東博初の本格的な広重展。内山晋旧蔵の浮世絵から『東海道五拾三次』（1期）『木曽海道六拾九次』（2期）『名所江戸百景』（3期）の三大シリーズを3期にわたり全点公開する。","1期9/29〜10/25、2期10/27〜11/23、3期11/25〜12/20","",""
"459","しながわ水族館開館35周年記念セレモニー","","ent|fam","東京都・品川区","しながわ水族館","https://www.aquarium.gr.jp/","tokyo","2026-10-18","2026-10-18","","","","10:15","10:40","","","","","","","","","","","","","","大人（高校生以上）1,350円／小・中学生600円／幼児（4歳以上）300円／シルバー（65歳以上）1,200円（入館料）","1350","","","","","2026-10-07","","公式サイト","https://www.aquarium.gr.jp/news/events/32778","https://www.aquarium.gr.jp/news/events/32778","35.5875","139.7364","開館35周年前日に区長・館長が登壇するセレモニー。リニューアルに向けた『新』水族館アイデア募集の最優秀賞を発表し、来館者に先着で記念ボールペンを進呈する。","同日は9:30開館。記念品は数量限定","","大森海岸駅（徒歩8分）"
"460","しな水秋の大運動祭（GOLD'S GYM×マッスルトーク）","","sport|fam","東京都・品川区","しながわ水族館","https://www.aquarium.gr.jp/","tokyo","2026-10-17","2026-10-17","","","","12:00","13:45","ペンギン編12:00〜、イルカ・アシカ編13:15〜","","","","","","","","","","","","","大人（高校生以上）1,350円／小・中学生600円／幼児（4歳以上）300円／シルバー（65歳以上）1,200円（入館料）","1350","","","","","2026-10-07","","公式サイト","https://www.aquarium.gr.jp/news/events/32438","https://www.aquarium.gr.jp/news/events/32438","35.5875","139.7364","ゴールドジムのプロトレーナー相澤飛鳥氏と飼育スタッフによるマッスルトークが3年ぶりに復活。マゼランペンギン編とイルカ・アシカ編の2回開催。参加には入館券が必要。","時間は変更の場合あり","","京浜急行「大森海岸駅」徒歩約8分/JR京浜東北線「大森駅」北口徒歩約15分"
"461","世界渡り鳥の日スペシャルトーク「日本の探鳥地へ、渡り鳥たちと出会いに行こう！」","","exp|fam","東京都・日野市","多摩動物公園","https://www.tokyo-zoo.net/zoo/tama/","tokyo","2026-10-10","2026-10-10","","","","13:30","14:10","","","","","","","","","","","","","","入園料 一般600円／65歳以上300円／中学生200円（小学生以下・都内在住在学の中学生は無料）","600","","","","","2026-10-07","","公式サイト","https://www.tokyo-zoo.net/tama/news/13027/index.html","https://www.tokyo-zoo.net/tama/news/13027/index.html","35.6486","139.4067","世界渡り鳥の日に合わせ、国内の観察スポットで撮影した映像を見ながらバードウォッチングの魅力と野鳥が訪れる地域の大切さを紹介。定員100名で事前申込不要・当日先着順。","","",""
"462","第12回都立動物園アフリカフェア","","exp|fam","東京都・日野市","多摩動物公園","https://www.tokyo-zoo.net/zoo/tama/","tokyo","2026-11-22","2026-11-23","","2026-11-22|2026-11-23","","9:30","16:00","22日は11:30頃から順次開始","","","","","","","","","","","","","入園料 一般600円／65歳以上300円／中学生200円（小学生以下・都内在住在学の中学生は無料）","600","","","","","2026-10-07","","公式サイト","https://www.tokyo-zoo.net/tama/news/12878/index.html","https://www.tokyo-zoo.net/tama/news/12878/index.html","35.6486","139.4067","アフリカ各国大使館・関連団体が出展し、野生動物や観光情報の紹介と特産品販売を行う。11/22 12:50からオープニングセレモニーでオスマン・サンコン氏のトークもある。","","",""
"463","秋のスタンプラリー「続・しんかのふしぎ」","","exp|fam","東京都・武蔵野市","井の頭自然文化園","https://www.tokyo-zoo.net/zoo/ino/","tokyo","2026-10-10","2026-12-06","","","","9:30","17:00","","","","","","","","","","","","","","入園料 一般400円／65歳以上200円（中学生以下は無料）","400","","","","","2026-10-07","","公式サイト","https://www.tokyo-zoo.net/inokashira/news/13386/index.html","https://www.tokyo-zoo.net/inokashira/news/13386/index.html","35.7010","139.5747","クイズを解きながら園内の生きものや植物12か所をめぐり『進化の系統樹』を完成させる、10年ぶりのスタンプラリー。台紙は動物園と水生物園で配布し、平日150部・土日祝800部の先着。","台紙は各日なくなり次第終了","駐車場なし(周辺の民間駐車場や井の頭恩賜公園有料駐車場を利用)","JR中央線・総武線/京王井の頭線「吉祥寺駅」公園口(南口)徒歩約10分"
"464","第90回 自由美術展","","art","東京都・港区","国立新美術館","https://www.nact.jp/","tokyo","2026-09-30","2026-10-12","","","","","","","","","","","","","","","","","","","一般800円／大学生500円（高校生以下・65歳以上・障害者手帳をお持ちの方と付添者2名まで無料）","800","","","","","2026-10-07","","公式サイト","https://www.nact.jp/exhibition_public/","https://jiyubijutsu.org","35.6653","139.7263","自由美術協会による公募展。平面・立体作品を展示室1A・1B・2A・2Bと野外展示場で公開する。","最終日は15:00閉場（入場は14:30まで）","館内に駐車場なし(周辺有料駐車場を利用)","東京メトロ千代田線 乃木坂駅（美術館直結）"
"465","木村伊兵衛写真賞第50回記念写真展","","art","東京都・目黒区","東京都写真美術館","https://topmuseum.jp/","tokyo","2026-10-31","2026-11-23","","","","","","","","","","","","","","","","","","","","","","","","","","","公式サイト","https://topmuseum.jp/exhibition/5478/","https://topmuseum.jp/exhibition/5478/","35.6402","139.716","木村伊兵衛写真賞の第50回を記念する写真展。B1F展示室で開催。料金は公式サイトで未定と案内されている。","休館日は月曜（祝日の場合は翌平日）","専用駐車場なし（恵比寿ガーデンプレイス内駐車場センターを利用）","JR恵比寿駅東口より徒歩約7分"
"466","徳川将軍家の幕末・明治―天璋院篤姫とその時代","","art","東京都・墨田区","江戸東京博物館","https://www.edo-tokyo-museum.or.jp/","tokyo","2027-01-02","2027-02-14","","","","","","","","","","","","","","","","","","","","","","","","","","","公式サイト","https://www.edo-tokyo-museum.or.jp/s-exhibition/schedule/","https://www.edo-tokyo-museum.or.jp/s-exhibition/schedule/","35.6969","139.7961","江戸東京博物館の展覧会スケジュールに掲載された企画展。13代将軍家定の御台所となった天璋院篤姫を軸に、徳川将軍家の幕末から明治への歩みをたどる。","企画展。観覧料は公式ページ未掲載のため未確認","",""
"467","触れて、感じて、言葉でつながるワークショップ","ふれてかんじてことばでつながるわーくしょっぷ","exp","東京都・小金井市","江戸東京たてもの園","https://tatemonoen.jp/","tokyo","2026-11-03","2026-11-03","","","","13:00","16:00","","","","","","2026-09-28","","事前申込（抽選）","","","2026-10-16","13:00","","参加費無料（当日の入園券が必要：一般400円）","400","","","","","2026-10-07","","公式サイト","https://tatemonoen.jp/news/special-news/?id=329","https://tatemonoen.jp/news/special-news/?id=329","35.7157","139.5125","視覚障害のある人もない人も一緒に、触察模型や実際のたてものに触れ、じっくり見て感じたことを言葉にして共有する鑑賞ワークショップ。園内の2棟をめぐる。","定員15名程度・応募多数の場合は抽選。視覚障害の有無を問わず参加可（高校生以上推奨）","小金井公園有料駐車場(第1駐車場)を利用","JR中央線 武蔵小金井駅北口よりバス5分(西武バス「小金井公園西口」下車徒歩5分)"
"468","京橋座 2026（日曜上映）","","art|ent","東京都・中央区","国立映画アーカイブ","https://www.nfaj.go.jp/","tokyo","2026-10-18","2027-03-21","","","","","","日曜のみ（12:00・15:00の2回）。12/13以降の上映は後日公開","","","","","","","オンライン販売","","","","","各上映日の3日前正午から開映15分前までオンライン販売","一般1,300円／高校・大学生・65歳以上1,100円／小・中学生900円","1300","","","","","2026-10-07","","公式サイト","https://www.nfaj.go.jp/film-program/kyobashi-za2026/","https://www.nfaj.go.jp/film-program/kyobashi-za2026/","35.6759","139.7717","日曜に毎週2本ずつ上映する企画。10/18『浮草』『めし』、11/1『AKIRA』『攻殻機動隊』、溝口健二作品など日本映画の名作を並べる。","各回入替制。窓口販売は開映1時間前から若干数","駐車場・駐輪場なし","東京メトロ銀座線 京橋駅出口1より徒歩1分"
"469","リアル脱出ゲーム『傀儡師（くぐつし）わらう人形館からの脱出』","くぐつしわらうにんぎょうかんからのだっしゅつ","ent|exp","東京都・新宿区","東京ミステリーサーカス","https://mysterycircus.jp/","tokyo","2026-11-12","2027-02-14","","","","","","","","","","","2026-10-02","","","","","","","","グループチケット(1〜3人) 1人3,600円〜","3600","","","","","2026-10-07","","公式サイト","https://realdgame.jp/s/dollmansion/","https://realdgame.jp/s/dollmansion/","35.6953","139.7025","人を人形に変える傀儡師の洋館に潜入し、人形にされた元人間5人の証言を聞き込んで事件を解き明かす物語型のリアル脱出ゲーム。1チーム最大3人、所要約80分で、最後のミッションのみ制限時間あり。","","駐車場なし","JR「新宿駅」東口徒歩7分、西武新宿線「西武新宿駅」徒歩2分"
"470","東京味わいフェスタ2026 TASTE of TOKYO 有楽町エリア","とうきょうあじわいふぇすた","food|fest","東京都・千代田区","東京国際フォーラム 地上広場","https://www.t-i-forum.co.jp/","tokyo","2026-10-23","2026-10-25","","","","11:00","20:00","最終日（25日）のみ17:00まで","","","","","","","","","","","","","入場無料（飲食代は有料）","0","","","","","2026-10-07","","東京国際フォーラム公式","https://www.t-i-forum.co.jp/visitors/event/detail.html?id=20261023_0821","https://tasteoftokyo-ajiwaifes.jp/","","","東京産の食材を使った料理を味わい、東京の農林水産業の魅力を体験できる催し。丸の内・有楽町・日比谷・豊洲の4エリアで開かれ、有楽町エリアは東京国際フォーラム地上広場が会場。東日本大震災などの復興応援も掲げる。","荒天時の扱いは公式サイトで要確認","","JR「有楽町駅」国際フォーラム口すぐ"
"471","2026東京インターナショナルオーディオショウ","","tech|exp","東京都・千代田区","東京国際フォーラム ホールD5ほか","https://www.t-i-forum.co.jp/","tokyo","2026-10-23","2026-10-25","","","","10:00","19:00","25日は17:00まで","","","","","","","","","","","","","無料（事前予約制）","0","","","","","2026-10-07","","東京国際フォーラム公式","https://www.t-i-forum.co.jp/visitors/event/detail.html?id=20261023Fr-H202610020","http://iasj.info/tokyo-international-audio-show/2026/","","","オーディオ機器メーカー・輸入元が国内外の機器を展示するオーディオ展示会。ホールD5・D1や会議室など複数の会場で3日間開かれる。入場無料だが事前予約制で、9月2日から公式サイトで受付。","事前予約制","",""
"472","OPEN CITY MARUNOUCHI 2026 東京国際フォーラム【自由見学・デジタルスタンプラリー】建築と自然のハーモニー","","art|exp","東京都・千代田区","東京国際フォーラム 地上広場・ガラス棟","https://www.t-i-forum.co.jp/","tokyo","2026-10-23","2026-11-08","","","","7:00","23:30","","","","","","","","","","","","","","無料","0","","","","","2026-10-07","","東京国際フォーラム公式","https://www.t-i-forum.co.jp/visitors/event/detail.html?id=20261023_0914","https://opencitymarunouchi.jp/programs/t-i-forum-freevisit2026/","","","丸の内エリアの建築を公開するOPEN CITY MARUNOUCHIの一環で、東京国際フォーラムの地上広場とガラス棟を自由に見学できる。デジタルスタンプラリーで建築と自然の調和を巡る。","","",""
"473","イオンカップ2026世界新体操クラブ選手権","いおんかっぷせかいしんたいそうくらぶせんしゅけん","sport","東京都・渋谷区","東京体育館","https://www.tef.or.jp/tmg/","tokyo","2026-10-22","2026-10-25","","2026-10-22|2026-10-23|2026-10-24|2026-10-25","","","","10/22・23予選、10/24決勝（前半）、10/25決勝（後半）とGala（エキシビション）","","","","","","","一般販売","","","2026-10-20","16:00","当日券あり（前売完売時は販売なし）","予選（10/22・23）前売 正面アリーナ席4,000円／サイドアリーナ席3,000円／スタンド自由席1,500円、決勝日は前売2,500〜20,000円（席種・日により異なる）","1500","","","","","2026-10-07","","公式サイト","https://www.japan-rg.com/archives/2063","https://www.japan-rg.com/archives/2063","35.6833","139.7147","世界各国の新体操クラブが集う国際クラブ選手権。予選2日と決勝2日の4日間で、最終日には世界のトップ選手による特別演出のGala（エキシビション）が行われる。観戦にはチケットが必要。","観覧には観戦チケットが必要。前売完売時は当日券なし","",""
"474","コウノトリまつり in ズーラシア","","fam|exp","神奈川県・横浜市","よこはま動物園ズーラシア","https://www.hama-midorinokyokai.or.jp/zoo/zoorasia/","kanagawa","2026-11-14","2026-11-15","","","","","","","","","","","2026-10-03","","","","","","","","入園料 一般800円／中人・高校生300円／小・中学生200円（小学生未満無料）","800","","","","","2026-10-07","","公式サイト","https://www.hama-midorinokyokai.or.jp/zoo/zoorasia/details/2026/20260923.php","https://www.hama-midorinokyokai.or.jp/zoo/zoorasia/details/2026/20260923.php","35.5194","139.5223","コウノトリの保全に関わる自治体・団体のブース出展と、飼育員による特別ガイドを実施。パネル解説や工作体験、関連グッズ販売もあり、生態と保全の取り組みを学べる。共催はIPPM-OWS。場所はみんなのはらっぱ大テントとコウノトリ展示場。","入園料のみで参加可（開催概要は公式ページ参照）","2,200台、普通車1日1,000円(8月の土日祝ナイトズーラシア開催日は2,000円)","相鉄線「鶴ヶ峰」「三ツ境」駅またはJR横浜線・地下鉄「中山」駅からバス"
"475","写真展「OUR PLANET － 私たちの惑星」","","art","神奈川県・横浜市","よこはま動物園ズーラシア","https://www.hama-midorinokyokai.or.jp/zoo/zoorasia/","kanagawa","2026-11-05","2026-11-30","","","","","","","","","","","2026-10-01","","","","","","","","入園料 一般800円／中人・高校生300円／小・中学生200円（小学生未満無料）","800","","","","","2026-10-07","","公式サイト","https://www.hama-midorinokyokai.or.jp/zoo/zoorasia/details/2026/our-planet.php","https://www.hama-midorinokyokai.or.jp/zoo/zoorasia/details/2026/our-planet.php","35.5194","139.5223","動物園・水族館メディアwizooとのコラボ写真展。野生、世界の自然、動物園という視点から地球環境と多様な命の共生を見つめ直す。場所はころこロッジ。11/7には写真家らと園長のトークイベント（事前予約制・定員120名）も開催。","","2,200台、普通車1日1,000円(8月の土日祝ナイトズーラシア開催日は2,000円)","相鉄線「鶴ヶ峰」「三ツ境」駅またはJR横浜線・地下鉄「中山」駅からバス"
"476","芸術の秋！飼育員が贈るスペシャルコンサート","","fam|ent","神奈川県・横浜市","野毛山動物園","https://www.hama-midorinokyokai.or.jp/zoo/nogeyama/","kanagawa","2026-10-17","2026-10-17","","","","15:30","","","","","","","2026-10-03","","","","","","","","入園無料","0","","","","","2026-10-07","","公式サイト","https://www.hama-midorinokyokai.or.jp/zoo/nogeyama/details/post-12012.php","https://www.hama-midorinokyokai.or.jp/zoo/nogeyama/details/post-12012.php","35.4470","139.6223","夜間開園『ナイトのげやま』で好評だった飼育員音楽隊がアンコール出演。おなじみの曲を一緒に歌って楽しめ、動物園ならではの楽器も登場予定。場所はなかよし広場で、途中入退室可能。","配布楽器には数に限りあり。広報用に職員が撮影","",""
"477","野毛山動物園でバードウォッチング入門・秋","","exp|fam","神奈川県・横浜市","野毛山動物園","https://www.hama-midorinokyokai.or.jp/zoo/nogeyama/","kanagawa","2026-10-24","2026-11-21","","2026-10-24|2026-11-21","","9:30","11:30","","","","","","2026-09-26","","応募受付（10/24回）","2026-10-01","9:30","2026-10-14","16:30","11/21回の応募は10/22 9:30〜11/4 16:30","無料（要事前申込・抽選）","0","","","","","2026-10-07","","公式サイト","https://www.hama-midorinokyokai.or.jp/zoo/nogeyama/details/post-12007.php","https://www.hama-midorinokyokai.or.jp/zoo/nogeyama/details/post-12007.php","35.4470","139.6223","6歳以上対象の初心者向けプログラム。野鳥の生態、バードウォッチングのマナー、双眼鏡の使い方を学び、身近な野鳥に興味を持つきっかけをつくる。各回2名1組・10組、応募多数の場合は抽選。","","",""
"478","キリンバックヤードツアー","","exp|fam","神奈川県・横浜市","野毛山動物園","https://www.hama-midorinokyokai.or.jp/zoo/nogeyama/","kanagawa","2026-10-11","2026-12-19","","2026-10-11|2026-10-25|2026-12-05|2026-12-19","","14:00","14:30","","","","","","2026-09-11","","","","","","","12月分の申込は11/7 9:30〜11/21 16:30","小学生以上1名500円（未就学児無料）・入園無料","500","","","","","2026-10-07","","公式サイト","https://www.hama-midorinokyokai.or.jp/zoo/nogeyama/details/post-11998.php","https://www.hama-midorinokyokai.or.jp/zoo/nogeyama/details/post-11998.php","35.4470","139.6223","普段入れないキリン舎のバックヤードで、キリンの生態や飼育の工夫を紹介。迫力のキリンを間近に見ながらクイズ大会に挑戦できる。各日20名の事前申込制（抽選）。13:50に動物園入口集合。","","",""
"479","コレクション展「たそかれ、かはたれ―現代美術における“翳”」","","art","神奈川県・三浦郡葉山町","神奈川県立近代美術館 葉山","https://www.moma.pref.kanagawa.jp/hayama/","kanagawa","2026-09-12","2026-11-15","","","","","","","","","","","","","","","","","","","一般250円（150円）／20歳未満・学生150円（100円）／65歳以上100円／高校生100円／中学生以下無料","250","","","","","2026-10-07","","公式サイト","https://www.moma.pref.kanagawa.jp/exhibition/2026-h-collection2/","https://www.moma.pref.kanagawa.jp/exhibition/2026-h-collection2/","35.2760","139.5800","所蔵作品から、現代美術における「翳」をテーマに選んだコレクション展。企画展「駒井哲郎」と同じ会期で、葉山館で併せて鑑賞できる。10/11の開館記念日と11/3は無料開館日。","","普通車48台、時間制400円（7-8月は1,000円、夏の土日祝等は1,500円）、企画展観覧券で1時間無料","JR「逗子」駅・京急「逗子・葉山」駅からバス約18〜20分「三ヶ丘・神奈川県立近代美術館前」下車"
"480","スペシャル・トーク 岩崎清「村山亜土と柚木沙弥郎と本と」","","art","神奈川県・三浦郡葉山町","神奈川県立近代美術館 葉山","https://www.moma.pref.kanagawa.jp/hayama/","kanagawa","2026-10-24","2026-10-24","","","13:45","14:00","15:30","","","","","","2026-10-02","","","","","","","","参加無料・申込不要（観覧券不要）","0","","","","","2026-10-07","","公式サイト","https://www.moma.pref.kanagawa.jp/event/20261024-2/","https://www.moma.pref.kanagawa.jp/event/20261024-2/","35.2760","139.5800","コレクション展「たそかれ、かはたれ」の関連企画。岩崎清氏が村山亜土・柚木沙弥郎と本をめぐって語るトーク。会場は葉山館の講堂。","","普通車48台、時間制400円（7-8月は1,000円、夏の土日祝等は1,500円）、企画展観覧券で1時間無料","JR「逗子」駅・京急「逗子・葉山」駅からバス約18〜20分「三ヶ丘・神奈川県立近代美術館前」下車"
"481","モネ没後100年・開館25周年記念 あたらしい目―モネと21世紀のアート","","","神奈川県・足柄下郡箱根町","ポーラ美術館","https://www.polamuseum.or.jp/","kanagawa","2026-06-17","2027-04-07","","","","","","","","","","","","","","","","","","","大人2,200円／大学・高校生1,700円／中学生以下無料","2200","","","","","2026-10-07","","公式サイト","https://www.polamuseum.or.jp/sp/the-new-vision/","","35.2367","139.0247","","","","箱根登山電車「強羅駅」から無料送迎バス約8分"
"482","ハロウィンゆうえんち2026","","fam|ent","埼玉県・南埼玉郡宮代町","東武動物公園","https://www.tobuzoo.com/","saitama","2026-10-01","2026-10-31","","","","","","アトラクションごとに時間が異なる。アトラクションは別料金","","","","","","","","","","","","","入園料 大人2,300円／中人1,800円／小人1,000円／シニア1,500円（2歳以下無料）。入園＋乗り放題 大人5,900円","2300","","","","","2026-10-07","","公式サイト","https://www.tobuzoo.com/event/13752.html","https://www.tobuzoo.com/event/13752.html","36.0249605","139.7265721","遊園地のアトラクションがハロウィン限定仕様に。ギャラクシーウォーカーズのミッションやファーム鉄道のストーリーが特別版になり、10/10〜12・24・25・31の18〜20時は水上コースター等が暗闇運転になる。","","平日1,000円・土日祝1,500円（8/12〜14は特異日で1,500円）","東武動物公園駅（徒歩10分）"
"483","超ニョロニョロフェスタ","","fam|ent","埼玉県・飯能市","ムーミンバレーパーク","https://metsa-hanno.com/","saitama","2026-11-11","2026-11-15","","","","","","","","","","","","","","","","","","","1デーパス おとな当日4,300円（前売3,900円）／こども(4歳～高校生)前売1,000円","4300","","","","","2026-10-07","","公式サイト","https://metsa-hanno.com/event/47804/","https://metsa-hanno.com/event/47804/","35.8719763","139.3258264","11月11日の「超ニョロニョロの日」にあわせ、ニョロニョロが大量発生するというテーマの特別イベント。11日から15日まで開催。","","あり","飯能駅"
"484","日和田山植物観察会","","exp","埼玉県・日高市","埼玉県立自然の博物館","https://shizen.spec.ed.jp/","saitama","2026-10-31","2026-10-31","","","","10:00","14:00","小学生以上対象。会場は日和田山（日高市）","","","","","","","事前申込","","","2026-10-13","","","参加費300円","300","","","","","2026-10-07","","公式サイト","https://shizen.spec.ed.jp/","https://shizen.spec.ed.jp/","36.0874899","139.1159825","埼玉県立自然の博物館が日高市の日和田山で開く植物観察会。小学生以上が対象で、山の植物を観察しながら歩く。申込は10月13日まで。","","有（無料）","野上駅（徒歩20分）"
"485","マザーファームツアー20周年イベント（特別ロングコース）","","exp|fam","千葉県・富津市","マザー牧場","https://www.motherfarm.co.jp/","chiba","2026-10-03","2027-01-11","","","","","","当日予約制・先着順・荒天中止","","","","","2026-09-26","","","","","","","","ロングコース 大人2,800円／小人1,400円（別途入場料 大人1,800円・小人900円）","2800","","","","","2026-10-07","","マザー牧場公式サイト","https://www.motherfarm.co.jp/information/news/detail.php?CN=434767","https://www.motherfarm.co.jp/information/news/detail.php?CN=434767","35.2264","139.928","マザーファームツアー20周年を記念し、昔のコースと現在のコースをつなげた約60分の特別ロングコースを運行。ロングコースでしか会えない動物や絶景ポイントでのふれあいがある。当日予約制で定員に達し次第終了、小人のみの参加は不可。","","乗用車1,000円（16時以降は500円）","JR内房線 君津駅（直通バス約35分）"
"486","マザー牧場 紅葉コキア","","fam|exp","千葉県・富津市","マザー牧場","https://www.motherfarm.co.jp/","chiba","2026-10-01","2026-10-31","2026年10月上旬〜中旬（紅葉期・天候により変動）","","","","","","","","","","2026-10-05","","","","","","","","入場料 大人（中学生以上）1,800円／小人（4歳〜小学6年生）900円","1800","","","","","2026-10-07","","マザー牧場公式サイト","https://www.motherfarm.co.jp/information/news/detail.php?CN=434780","https://www.motherfarm.co.jp/information/news/detail.php?CN=434780","35.2264","139.928","花の大斜面・東とまきばのひろばに植えられたコキアが10月上旬から中旬に紅葉期を迎える。コキアで作った巨大なほうきのフォトスポットや、コキアソーダなど限定ドリンクもある。見頃は天候で前後する。","","乗用車1,000円（16時以降は500円）","JR内房線 君津駅（直通バス約35分）"
"487","鴨シープレミアムプラン（シャチ・ベルーガ特別体験ナイトプラン）","","exp|fam","千葉県・鴨川市","鴨川シーワールド","https://www.kamogawa-seaworld.jp/","chiba","2026-11-03","2026-11-29","","2026-11-03|2026-11-07|2026-11-08|2026-11-09|2026-11-14|2026-11-15|2026-11-16|2026-11-23|2026-11-29","","","","応募者多数の場合は抽選・最少催行15名・4歳以上・宿泊プランもあり","","","","","2026-09-29","","Googleフォーム予約（抽選）","2026-10-01","09:00","2026-10-09","16:00","","日帰り 大人（高校生以上）一般18,000円（DDC会員17,000円）／小中学生一般16,000円（DDC会員15,000円）","18000","","","","","2026-10-07","","鴨川シーワールド公式サイト","https://www.kamogawa-seaworld.jp/event/event_info/16117/","https://www.kamogawa-seaworld.jp/event/event_info/16117/","35.1122","140.1544","閉館後の水族館で、シャチ・ベルーガ・アシカとの記念写真やベルーガへのタッチ、カマイルカの繁殖レクチャーの4つの特別プログラムに参加し、レストランでのディナーとナイトアドベンチャーまで楽しむ初開催の特別プラン。11月の計9日間限定。","","普通車1,200円（1日）","JR外房線 安房鴨川駅（無料送迎バス約10分）"
"488","どんぐりのワークショップ","","exp|fam","千葉県・船橋市","ふなばしアンデルセン公園","https://www.park-funabashi.or.jp/and/","chiba","2026-11-03","2026-11-03","","","","","","①10:30 ②13:30 ③15:00 各回定員10名","","","","","","","電話予約（先着）","2026-10-01","09:00","","","","参加費500円（別途入園料 一般900円）","900","","","","","2026-10-07","","ふなばしアンデルセン公園公式サイト","https://www.park-funabashi.or.jp/and/aevents/261103.html","https://www.park-funabashi.or.jp/and/aevents/261103.html","35.7383","140.0522","どんぐりを使って工作を楽しむ、文化の日のワークショップ。1日3回、各回10人の少人数制で、予約専用電話での先着受付。","","普通車500円（冬期300円）","新京成線 三咲駅（バス約12分）"
"489","ハッピー☆クリスマス寄せ植え作り","","exp|fam","千葉県・船橋市","ふなばしアンデルセン公園","https://www.park-funabashi.or.jp/and/","chiba","2026-11-15","2026-11-15","","","","","","①10:30 ②14:00 各回定員20名","","","","","","","電話予約（先着）","2026-11-01","09:00","","","","参加費2,500円（別途入園料 一般900円）","900","","","","","2026-10-07","","ふなばしアンデルセン公園公式サイト","https://www.park-funabashi.or.jp/and/aevents/261115.html","https://www.park-funabashi.or.jp/and/aevents/261115.html","35.7383","140.0522","クリスマスにちなんだ寄せ植えを作る体験教室。1日2回・各回20人定員で、予約専用電話の先着受付。受付開始は11月1日9時。","","普通車500円（冬期300円）","新京成線 三咲駅（バス約12分）"
"490","ナチュラルドライアレンジメント展示・即売会","","art|exp","千葉県・船橋市","ふなばしアンデルセン公園","https://www.park-funabashi.or.jp/and/","chiba","2026-11-18","2026-11-29","","","","","","","","","","","","","ワークショップ電話予約（先着）","2026-11-01","09:00","","","","展示観覧は入園料のみ（一般900円）／ワークショップ参加費 2,000〜2,500円（要予約・11/18・22・23・29実施）","900","","","","","2026-10-07","","ふなばしアンデルセン公園公式サイト","https://www.park-funabashi.or.jp/and/aevents/event_natural_dry_arrangement.html","https://www.park-funabashi.or.jp/and/aevents/event_natural_dry_arrangement.html","35.7383","140.0522","ドライフラワーなどを使ったナチュラルドライアレンジメントの展示と即売。11/18・22・23・29はスワッグとサンタ、干支の羊、おさるなどを作るワークショップも開かれる（要予約）。","","普通車500円（冬期300円）","新京成線 三咲駅（バス約12分）"
"491","アンデルセン公園 クリスマスマーケット","","fest|food|fam","千葉県・船橋市","ふなばしアンデルセン公園","https://www.park-funabashi.or.jp/and/","chiba","2026-12-05","2026-12-25","","2026-12-05|2026-12-06|2026-12-12|2026-12-13|2026-12-19|2026-12-20|2026-12-24|2026-12-25","","","","","","","","","2026-10-01","","","","","","","","入園料 一般900円／高校生600円／小中学生200円／幼児100円（出店物は別料金）","900","","","","","2026-10-07","","ふなばしアンデルセン公園公式サイト","https://www.park-funabashi.or.jp/and/aevents/event_christmas_market.html","https://www.park-funabashi.or.jp/and/aevents/event_christmas_market.html","35.7383","140.0522","12月の土日と24・25日に開かれるクリスマスマーケット。出店日ごとに店が入れ替わり、体験ブースや物販が並ぶ。出店物は350円〜20,000円と幅がある。","","普通車500円（冬期300円）","新京成線 三咲駅（バス約12分）"
"492","こびとづかんイベント「こびと大発見」","","fam|ent","千葉県・袖ケ浦市","東京ドイツ村","https://t-doitsumura.co.jp/","chiba","2026-10-31","2027-01-31","","","","","","","","","","","","","","","","","","","入園料 大人1,500円／小人（4歳〜小学生）800円（10/31〜）","1500","","","","","2026-10-07","","東京ドイツ村公式サイト","https://t-doitsumura.co.jp/parkevent/","https://t-doitsumura.co.jp/parkevent/","35.3822","140.0403","絵本『こびとづかん』をテーマにした東京ドイツ村の企画イベントで、2026年10月31日から2027年1月31日まで開催。イルミネーション期間と重なり、入園料は10/31以降の料金となる。詳細は公式のイベントページで案内される。","","通常期間1000円","JR内房線 袖ケ浦駅（バス、夏季は臨時直行便あり）"
"493","夜の遊園地貸切り大合コン ドイツ村ナイト","","ent","千葉県・袖ケ浦市","東京ドイツ村","https://t-doitsumura.co.jp/","chiba","2026-10-10","2026-10-10","","","","","","","","","","","","","","","","","","","入園料 大人1,000円／小人（4歳〜小学生）500円（観覧無料の限定開催イベントと案内）","1000","","","","","2026-10-07","","東京ドイツ村公式サイト","https://t-doitsumura.co.jp/parkevent/","https://t-doitsumura.co.jp/parkevent/","35.3822","140.0403","夜の遊園地を貸し切って開く限定開催のイベント。東京ドイツ村公式のイベント一覧に10月10日（土）として掲載されている。詳細は公式ページで案内される。","","通常期間1000円","JR内房線 袖ケ浦駅（バス、夏季は臨時直行便あり）"
