"id","tour_id","title","kana","artists","genre","live_type","area","venue","venue_url","pref","start_date","end_date","date","dates","open_time","start_time","end_time","date_note","backup_date","status","rank","announced_date","is_additional","onsale_label","onsale_start","onsale_start_time","onsale_end","onsale_end_time","limited_sale","price","source","url","official_url","lat","lng","desc","note","parking","nearest_station","apple_music_url","lineup_id"
"1","","TOKYO ISLAND 2026","","氣志團|スガ シカオ|Kroi|androp|キュウソネコカミ|ACIDMAN|大森靖子|KANA-BOON","rock|pop","fes","東京都・江東区","海の森公園","https://tokyoisland.tokyo/","tokyo","2026-10-10","2026-10-12","","","","","","","","","","","","先着受付中（予定枚数終了まで）","2026-04-27","12:00","","","","1日券12,000円／2日通し券(10/10-11または10/11-12)22,000円／3日通し券30,000円(税込)。小学生以下は保護者同伴で入場無料","TOKYO ISLAND公式","https://tokyoisland.tokyo/tickets/","https://tokyoisland.tokyo/","","","東京湾の埋立地に育った森の公園で開く、5回目の3日間野外フェス。10/10は氣志團やKroi、10/11はandropとキュウソネコカミ、10/12はACIDMANとKANA-BOONら30組が出演。キャンプ宿泊もでき、会場へは徒歩来場不可でシャトルバスか自家用車で入る。","キャンプ券(宿泊3,000円/デイ2,000円)・駐車券4,000円・シャトルバス券2,500円は別売。徒歩・自転車での来場は不可。発売はイープラス・チケットぴあ・楽天トラベルチケット","駐車券4,000円(1台1日)。徒歩・自転車での来場不可、東京テレポート駅からシャトルバス往復2,500円","","","tokyoisland-2026"
"2","","サントリー オールフリー presents 氣志團万博2026 ～房総爆音リゾート～","","氣志團|WANIMA|10-FEET|ももいろクローバーZ|くるり|Saucy Dog|日向坂46|ゴールデンボンバー","rock|pop","fes","千葉県・千葉市美浜区","幕張メッセ","","chiba","2026-11-07","2026-11-08","","","09:00","10:30","","","","","","","","一般発売(先着)","2026-10-03","10:00","2026-11-06","18:00","","1日入場券 16,000円／2日通し入場券 29,000円／青春18入場券 10,000円","イープラス","https://eplus.jp/sf/detail/0755060002","https://kishidanbanpaku.com/s/kbpk/","35.6480","140.0347","氣志團が主催する千葉のフェス。2026年は幕張メッセ国際展示場4〜7ホールでの2デイズ開催。両日あわせて約30組が出演し、秋山竜次(ロバート)がオープニングセレモニーを務める。","会場は幕張メッセ国際展示場4〜7ホール。イープラスの受付一覧(2026-10-09確認)では先行受付は全て終了、11/7分の1日入場券・青春18入場券が一般発売中。公式サイトはrobots.txtで取得不可のため料金はイープラス前回確認値","","","https://music.apple.com/jp/artist/%E6%B0%A3%E5%BF%97%E5%9C%98/74577981","kishidanbanpaku-2026"
"3","","JAPAN JAM 2027","","","rock|pop","fes","千葉県・千葉市","蘇我スポーツ公園","","chiba","2027-05-01","2027-05-04","","2027-05-01|2027-05-02|2027-05-03|2027-05-04","","","","","","","","2026-09-22","","未発表","","","","","","要問合せ","公式サイト","https://japanjam.jp/","https://japanjam.jp/","35.5731","140.1153","ロッキング・オン・ジャパン主催のGW恒例野外フェス。2027年は5/1〜5/4の4日間、千葉市蘇我スポーツ公園で開催。出演アーティスト発表とチケット発売は2026年12月中旬から予定されている。","公式サイト(2026-10-09確認)で出演者発表・チケット発売は12月中旬予定と告知。料金は未発表","","","",""
"4","","COUNTDOWN JAPAN 26/27","","","rock|pop","fes","千葉県・千葉市美浜区","幕張メッセ","","chiba","2026-12-26","2026-12-31","","2026-12-26|2026-12-27|2026-12-29|2026-12-30|2026-12-31","","","","","","","","2026-09-22","","","","","","","","要問合せ","公式サイト","https://countdownjapan.jp/","https://countdownjapan.jp/","35.6480","140.0347","ロッキング・オン・ジャパン主催、年越しをまたぐ屋内音楽フェス。幕張メッセ全館を使用し5日間開催（曜日の並びの都合で12/28は休止日となる変則日程）。出演アーティスト第1弾発表とチケット発売は2026年10月中旬予定。","公式サイト(2026-10-09確認)のトップは前回25/26の終了表示のままで、26/27の出演者・チケット情報は未掲載","","","",""
"5","","HANA 1st TOUR ""Born to Bloom"" 追加公演（日本武道館）","","HANA","idol|pop","oneman","東京都・千代田区","日本武道館","","tokyo","2026-10-29","2026-10-31","","","17:00","18:00","","","","","","","","","","","","","","指定席 10,890円(税込・別途プレイガイド手数料)","公式サイト","https://hana.b-rave.tokyo/tour/borntobloom/","https://hana.b-rave.tokyo/tour/borntobloom/","35.6933","139.7497","BMSG×CHANMINAのオーディション企画から誕生した7人組HANAの1stツアー追加公演。大阪城ホール2日間に続き東京・日本武道館で3日間開催。電子チケットのみ。","10/31のみ開場15:30・開演16:30。電子チケット[LIVE QR PLUS]・顔写真登録あり。3歳以上有料・3歳未満入場不可。公式リセール（ticket board定価トレード）あり（FC・B-Town会員限定）","専用駐車場なし（近隣の北の丸公園第三駐車場を利用。通常時1時間600円・上限3,000円、イベント時一律3,000円）","九段下駅（2番出口より徒歩5分）","",""
"6","","藤井風 ピアノリサイタル","ふじいかぜ","藤井風","pop","oneman","東京都・文京区","東京ドーム","","tokyo","2026-11-20","2026-11-21","","","17:00","19:00","","","","","","","","","","","","","","指定席 9,000円／親子席 親9,000円・こども4,500円／カインド席 9,000円／ハート席 大人4,500円・こども無料／車いす席 9,000円（税込）","イープラス","https://eplus.jp/fujiikaze-pianorecital/","https://hehn.fujiikaze.com/fpr/","35.7056","139.7519","藤井風の弾き語りコンサートを東京ドームで2日間開催。デビュー作「ヘルプ・エヴァー・ハート・ネヴァー」から最新作「プレマ」まで、ピアノ弾き語り・独奏を中心に構成し、新旧カバー曲やリクエストコーナーも予定されている。","11/21は開場16:00・開演18:00。チケットはスマチケ（ハート席のみ紙）。国外在住者向け販売なし。受付期間はイープラスのページ本文に記載なし","","","",""
"7","","MTV VMAJ 2026","","","other","event","東京都・文京区","東京ドーム","","tokyo","2026-10-29","2026-10-29","","","16:00","18:00","","","","","","2026-09-04","","","","","","","","要問合せ","東京ドーム","https://www.tokyo-dome.co.jp/dome/event/schedule.html","","35.7056","139.7519","MTVが主催する国内最大級の音楽授賞式典。国内外の人気アーティストが多数出演し、授賞式とライブパフォーマンスを一体で開催する。","","","","",""
"8","","Stray Kids World Tour <RUN IT JAPAN> 東京公演","","Stray Kids","kpop","oneman","東京都・文京区","東京ドーム","","tokyo","2026-11-06","2026-11-08","","","","","","公演日により開場・開演時刻が異なる（11/6は開場16:00・開演18:00、11/7は開場15:00・開演17:00、11/8は開場14:30・開演16:30）","","","","2026-09-04","","","","","","","","要問合せ","東京ドーム","https://www.tokyo-dome.co.jp/dome/event/schedule.html","","35.7056","139.7519","韓国発の8人組グループStray Kidsによるワールドツアーの東京ドーム公演。3日間にわたり開催される。","","","","",""
"9","","Tohji Last Live Tokyo MALL","","Tohji","hiphop","oneman","東京都・文京区","東京ドーム","","tokyo","2026-11-17","2026-11-17","","","16:00","18:00","","","","","","2026-09-04","","","","","","","","要問合せ","東京ドーム","https://www.tokyo-dome.co.jp/dome/event/schedule.html","","35.7056","139.7519","ラッパーTohjiによる東京ドーム公演。タイトルに「Last Live」を冠した公演。","","","","",""
"10","","超特急 東京ドーム公演","","超特急","idol|pop","oneman","東京都・文京区","東京ドーム","","tokyo","2026-11-25","2026-11-26","","","16:00","18:00","","","","","","2026-09-04","","","","","","","","要問合せ","東京ドーム","https://www.tokyo-dome.co.jp/dome/event/schedule.html","","35.7056","139.7519","ダンス&ボーカルグループ超特急による東京ドーム公演。2日間開催。","","","","",""
"11","","ENHYPEN WORLD TOUR 'BLOOD SAGA' IN JAPAN 東京公演","","ENHYPEN","kpop","oneman","東京都・文京区","東京ドーム","","tokyo","2026-12-01","2026-12-02","","","","","","公演日により開場・開演時刻が異なる（12/1は開場16:30・開演18:30、12/2は開場14:00・開演16:00）","","","","2026-09-04","","","","","","","","要問合せ","東京ドーム","https://www.tokyo-dome.co.jp/dome/event/schedule.html","","35.7056","139.7519","韓国発グループENHYPENによるワールドツアーの東京ドーム公演。2日間開催。","","","","",""
"12","","YOASOBI ASIA 10-CITY DOME & STADIUM TOUR 2026-2027 ""超惑星"" 東京公演","","YOASOBI","pop","oneman","東京都・文京区","東京ドーム","","tokyo","2026-12-05","2026-12-06","","","","","","公演日により開場・開演時刻が異なる（12/5は開場15:30・開演18:00、12/6は開場14:30・開演17:00）","","","","","","","","","","","","要問合せ","東京ドーム","https://www.tokyo-dome.co.jp/dome/event/schedule.html","","35.7056","139.7519","YOASOBIによるアジア10都市を巡るドーム・スタジアムツアー「超惑星」の東京公演。東京ドームで2日間開催される。","問い合わせ先：ホットスタッフ・プロモーション","","","",""
"13","","Number_i LIVE TOUR No.III 東京公演","","Number_i","pop","oneman","東京都・文京区","東京ドーム","","tokyo","2026-12-09","2026-12-10","","","16:30","18:30","","","","","","","","","","","","","","要問合せ","東京ドーム","https://www.tokyo-dome.co.jp/dome/event/schedule.html","","35.7056","139.7519","Number_iによる東京ドーム公演を含む全国ツアー「LIVE TOUR No.III」。問い合わせ先はキョードーファクトリー／Live Nation H.I.P.。","問い合わせ先：キョードーファクトリー チケットセンター／Live Nation H.I.P.","","","",""
"14","","浦島坂田船 Happy Halloweeeen 東京公演","","浦島坂田船","anime","oneman","東京都・江東区","有明アリーナ","","tokyo","2026-10-10","2026-10-11","","","16:00","17:00","","10/10は開場16:00・開演17:00／10/11は開場14:00・開演15:00","","","","","","","","","","","","指定席 9,200円／注釈指定席 9,200円（税込）","公式サイト","https://urashimasakatasen.com/","https://urashimasakatasen.com/","35.6434","139.7942","歌い手ユニット浦島坂田船によるハロウィン企画ライブの有明アリーナ公演。2日間開催。","","","新豊洲駅（徒歩約8分）／有明テニスの森駅（徒歩約8分）","",""
"15","","超ときめき♡宣伝部のきみのハートにロックオンTOUR 2026","","超ときめき♡宣伝部","idol|pop","oneman","東京都・江東区","有明アリーナ","","tokyo","2026-10-24","2026-10-25","","","16:00","17:00","","10/24は開場16:00・開演17:00／10/25は開場15:00・開演16:00","","","","","","","","","","","","指定席 9,800円／着席指定席 9,800円（税込）","公式サイト","https://toki-sen.com/","https://toki-sen.com/","35.6434","139.7942","アイドルグループ「超ときめき♡宣伝部」によるアリーナツアーの東京・有明アリーナ公演。2日間開催。","問い合わせ先：SOGO TOKYO","","新豊洲駅（徒歩約8分）／有明テニスの森駅（徒歩約8分）","",""
"16","","BUMP OF CHICKEN TOUR 2026-2027 Ratio Clavis 東京公演","","BUMP OF CHICKEN","rock","oneman","東京都・江東区","有明アリーナ","","tokyo","2026-10-27","2026-10-28","","","17:30","18:30","","","","","","","","","","","","","","アリーナS指定 16,500円／スタンドA指定 13,200円／スタンドA着席指定 13,200円／スタンドBステージサイド指定 8,800円（税込）","公式サイト","https://www.bumpofchicken.com/","https://www.bumpofchicken.com/","35.6434","139.7942","BUMP OF CHICKENによる全国アリーナツアーの東京・有明アリーナ公演。同ツアーは東京ドームにもスタンド公演が組まれている。2日間開催。","問い合わせ先：ライブマスターズ／DISK GARAGE","","新豊洲駅（徒歩約8分）／有明テニスの森駅（徒歩約8分）","",""
"17","","Mr.Children Tour 2026 ""Saturday in the park"" 東京公演","","Mr.Children","rock","oneman","東京都・江東区","有明アリーナ","","tokyo","2026-10-31","2026-11-01","","","16:00","17:00","","10/31は開場16:00・開演17:00／11/1は開場15:00・開演16:00","","","","","","","","","","","","指定席 14,300円（税込）","公式サイト","https://tour.mrchildren.jp/","https://tour.mrchildren.jp/","35.6434","139.7942","Mr.Childrenによる全国ツアー「Saturday in the park」の東京・有明アリーナ公演。2日間開催。","問い合わせ先：DISK GARAGE","","新豊洲駅（徒歩約8分）／有明テニスの森駅（徒歩約8分）","",""
"18","","BALLISTIK BOYZ ARENA LIVE 2026 ""BEAT BLAST Z"" ～Our Place～","","BALLISTIK BOYZ","dance","oneman","東京都・江東区","有明アリーナ","","tokyo","2026-11-03","2026-11-03","","","16:00","17:00","","","","","","","","","","","","","","全席指定 12,100円／プレミアムチケット 18,150円／プレミアムチケット(グッズ付き) 24,200円（税込）","公式サイト","https://m.tribe-m.jp/artist/index/195","https://m.tribe-m.jp/artist/index/195","35.6434","139.7942","EXILE TRIBE所属BALLISTIK BOYZによるアリーナライブ。プレミアムチケットはOFFICIAL FAN CLUB先行抽選予約者限定。","問い合わせ先：キョードー東京","","新豊洲駅（徒歩約8分）／有明テニスの森駅（徒歩約8分）","",""
"19","","GENERATIONS LIVE TOUR 2026 ""PARALLEL QUEST"" 東京公演","","GENERATIONS","dance","oneman","東京都・江東区","有明アリーナ","","tokyo","2026-11-07","2026-11-08","","","15:00","16:00","","11/8は開場14:00・開演15:00","","","","","","","","","","","","全席指定 13,200円／プレミアムチケット 19,800円／プレミアムチケット(グッズ付き) 26,400円（税込）","公式サイト","https://m.tribe-m.jp/artist/index/37","https://m.tribe-m.jp/artist/index/37","35.6434","139.7942","GENERATIONSによる全国ツアー「PARALLEL QUEST」の有明アリーナ公演。プレミアムチケットはOFFICIAL FAN CLUB先行抽選予約者限定。2日間開催。","問い合わせ先：キョードー東京","","新豊洲駅（徒歩約8分）／有明テニスの森駅（徒歩約8分）","",""
"20","","Hearts2Hearts JAPAN 1st Fan Event ""READY！S2U""","","Hearts2Hearts","kpop","event","東京都・江東区","有明アリーナ","","tokyo","2026-11-22","2026-11-23","","","17:00","18:00","","11/23は開場15:00・開演16:00","","","","","","","","","","","","全席指定 12,800円（税込）","公式サイト","https://hearts2heartsofficial.jp/","https://hearts2heartsofficial.jp/","35.6434","139.7942","SM Entertainment所属の新人ガールズグループHearts2Heartsによる日本初のファンイベント。2日間開催。","問い合わせ先：キョードー東京","","新豊洲駅（徒歩約8分）／有明テニスの森駅（徒歩約8分）","",""
"21","","GLAY ARENA TOUR 2026-2027 ""EXOFIRE"" 東京公演","","GLAY","rock","oneman","東京都・江東区","有明アリーナ","","tokyo","2026-11-28","2026-11-29","","","16:00","17:00","","11/29は開場15:00・開演16:00","","","","","","","","","","","","S席 11,000円／A席 9,000円／着席指定席 11,000円（税込）／アップグレードシート +7,000円","GLAY公式サイト","https://www.glay.co.jp/feature/arenatour2026_27","https://www.glay.co.jp/feature/arenatour2026_27","35.6434","139.7942","GLAYによる全国アリーナツアー「EXOFIRE」の東京・有明アリーナ公演。2日間開催。","ローチケ先行7/1 15:00〜、ぴあ・イープラス先行7/19 12:00〜（順次）。予定枚数に達した公演から受付終了、一般発売は先行で完売した公演では行わない。締切の記載なし。電子チケット・クレジットカード決済のみ","","新豊洲駅（徒歩約8分）／有明テニスの森駅（徒歩約8分）","",""
"22","","マカロックツアーvol.22 〜いま、きみが好き!篇〜 東京公演","","マカロニえんぴつ","rock","oneman","東京都・江東区","有明アリーナ","","tokyo","2026-12-05","2026-12-06","","","15:30","17:00","","12/6は開場15:00・開演16:30","","","","","","","","","","","","指定席 8,900円／車椅子席 8,900円／親子チケット大人 8,900円・子供 4,500円（税込）","公式サイト","https://macaroniempitsu.com/","https://macaroniempitsu.com/","35.6434","139.7942","マカロニえんぴつの全国ツアー「マカロックツアーvol.22」の有明アリーナ公演。親子チケットはOKKAKE会員限定受付。2日間開催。","問い合わせ先：HOT STUFF PROMOTION","","新豊洲駅（徒歩約8分）／有明テニスの森駅（徒歩約8分）","",""
"23","","Saucy Dog ARENA TOUR 2026-2027 NEW GAME＋ 東京公演","","Saucy Dog","rock","oneman","東京都・江東区","有明アリーナ","","tokyo","2026-12-15","2026-12-16","","","18:00","19:00","","","","","","","","","","","","","","SD(アリーナ前方) 9,500円／S(アリーナ後方・スタンド下段) 8,800円／A(スタンド上段) 7,500円／着席指定(スタンド下段) 8,800円／着席指定 中学生以下(スタンド下段) 7,500円（税込）","公式サイト","https://saucydog.jp/feature/arenatour_2026_2027","https://saucydog.jp/feature/arenatour_2026_2027","35.6434","139.7942","Saucy Dogによる全国アリーナツアー「NEW GAME＋」の有明アリーナ公演。2日間開催。","一般販売はイープラス・チケットぴあ・ローソン。1人4枚まで。締切は予定枚数達し次第で日時の記載なし","","新豊洲駅（徒歩約8分）／有明テニスの森駅（徒歩約8分）","",""
"24","","東京芸術劇場パイプオルガンコンサート Vol.26 トーマス・トロッター オルガン・リサイタル","","トーマス・トロッター","classical","classic","東京都・豊島区","東京芸術劇場 コンサートホール","","tokyo","2026-10-09","2026-10-09","","","18:00","19:00","","","","","","","","","","","","","","一般 4,500円／ペア 8,000円／25歳以下 2,000円／高校生以下 1,000円（全席指定・税込）","東京芸術劇場ボックスオフィス","https://www.geigeki.jp/performance/concert376/","https://www.geigeki.jp/performance/concert376/","35.7306","139.7086","英国バーミンガム出身の名オルガニスト、トロッターが長い空白を経て来日。ヘンデルからダヴまで英国音楽の伝統をたどり、最後はエルガー「朝の歌」でBBCプロムス風に締めくくる。","","あり（地下駐車場100台、30分310円・1日上限2,500円）","池袋駅","",""
"25","","「ドラゴンクエスト」ウインドオーケストラコンサート","","","anime|classical","classic","東京都・豊島区","東京芸術劇場 コンサートホール","","tokyo","2026-10-15","2026-10-15","","","18:00","19:00","","","","","","","","","","","","","","S席5,500円／A席4,500円(税込)","東京芸術劇場公演情報","https://www.geigeki.jp/performance/","","35.7306","139.7086","人気ゲーム「ドラゴンクエスト」シリーズの楽曲を吹奏楽編成で演奏するコンサート。","","あり（地下駐車場100台、30分310円・1日上限2,500円）","池袋駅西口（徒歩2分）","",""
"26","","サンクト・ペテルブルク フィルハーモニー交響楽団 来日公演","","サンクト・ペテルブルク フィルハーモニー交響楽団","classical","classic","東京都・豊島区","東京芸術劇場 コンサートホール","","tokyo","2026-10-20","2026-10-21","","","","19:00","","","","","","","","","","","","","","S席24,000円／A席20,000円／B席16,000円／C席12,000円／D席8,000円(税込)","東京芸術劇場公演情報","https://www.geigeki.jp/performance/","","35.7306","139.7086","ロシアの名門オーケストラ、サンクト・ペテルブルク・フィルハーモニー交響楽団の来日公演。2日間開催。","","あり（地下駐車場100台、30分310円・1日上限2,500円）","池袋駅西口（徒歩2分）","",""
"27","","パシフィックフィルハーモニア東京 第184回定期演奏会","","パシフィックフィルハーモニア東京","classical","classic","東京都・豊島区","東京芸術劇場 コンサートホール","","tokyo","2026-10-24","2026-10-24","","","","","","","","","","","","","","","","","","","東京芸術劇場公演情報","https://www.geigeki.jp/performance/","https://www.pacific-phil.com/","35.7306","139.7086","東京を拠点とするプロオーケストラ、パシフィックフィルハーモニア東京の定期演奏会シリーズ第184回。","","あり（地下駐車場100台、30分310円・1日上限2,500円）","池袋駅西口（徒歩2分）","",""
"28","","Pearl Drums 80th Anniversary Fest. “Together We Shine”","","","rock","fes","神奈川県・川崎市川崎区","川崎CLUB CITTA'","","kanagawa","2026-10-15","2026-10-18","","","","","","Day1 10/15 ストレイテナー/Kroi、Day2 10/16 Shane Gaalaas、Day3 10/17 Calvin Rodgers他、Day4 10/18 yukihiro(L'Arc-en-Ciel)","","","","","","一般発売","2026-08-20","12:00","","","Day4(10/18)の前方指定席(終演後に本人使用機材をステージ上で見られる特典付き)はSOLD OUT。Day3(10/17)の一般発売は2026-09-12 12:00開始","Day1 オールスタンディング 6,800円／Day3 指定席 4,500円・後方立見 4,000円／Day4 後方立見 6,000円(前方指定席7,300円はSOLD OUT)(税込・ドリンク代600円別)","CLUB CITTA'","https://clubcitta.co.jp/schedule/1706","https://pearldrum.com/ja/80th","35.5306","139.7000","パールドラム80周年を祝う4日間のフェス。初日はストレイテナーとKroiの対バン、2日目はShane Gaalaas、3日目は国際ドラムサミット、最終日はyukihiro(L'Arc-en-Ciel)が登場する。","6歳以上有料・6歳未満入場不可。日ごとに開場/開演が異なる(Day1,2は18:00/19:00、Day3,4は16:00/17:00)","","JR川崎駅（徒歩約5分）／京急川崎駅（徒歩約7分）","",""
"30","","ジャムフェス vol.3","","ツナジャム × 押忍フェス","other","fes","静岡県","静岡SOUND SHOWER ark","","other","2026-10-10","2026-10-10","","","","11:00","","","","","","","","","","","","","","2000","SOUND SHOWER ark","https://ark-soundshower.jp/events/2026-10-10sat-%e3%82%b8%e3%83%a3%e3%83%a0%e3%83%95%e3%82%a7%e3%82%b9-vol-3/","","35.0108","138.4928","","","","","",""
"31","","第14回清水にぎわい落語まつり","","三遊亭白鳥 / 桃月庵白酒 / 林家木久彦 / 立川吉笑","other","event","静岡県","静岡SOUND SHOWER ark","","other","2026-10-11","2026-10-11","","","","17:30","","","","","","","","","","","","","","3500","SOUND SHOWER ark","https://ark-soundshower.jp/","","35.0108","138.4928","","","","","",""
"32","","妄想炸裂ガール vol.26","","多数出演","other","fes","静岡県","浜松G-SIDE","","other","2026-10-11","2026-10-11","","","","17:00","","","","","","","","","","","","","","3000","浜松G-SIDE","http://g-side.net/?p=4263","","34.7084","137.7310","","","","","",""
"33","","STARCHILD 45th ANNIVERSARY “ROBOT ANIME SYMPHONIC CONCERT”","","鮎川麻弥|森口博子|米倉千尋|松澤由実|angela|Japan Pops Orchestra","anime|classical","classic","東京都・渋谷区","日本青年館ホール","","tokyo","2026-10-24","2026-10-25","","","","","","DAY1 10/24 開場17:00 開演18:00／DAY2 10/25 開場14:00 開演15:00","","","","","","先着一般発売","2026-09-12","10:00","2026-10-21","18:00","","一般席 15,000円(税込・全席指定)","イープラス","https://eplus.jp/starchild45than/","https://cnt.kingrecords.co.jp/scr45rasc/","35.6742","139.7155","スターチャイルド45周年記念のアニソン・オーケストラ公演。鮎川麻弥、森口博子、米倉千尋、松澤由実、angelaが出演し、ガンダムなどのロボットアニメ曲を2日間演奏する。","受付期間は10/24公演が10/21 18:00まで、10/25公演は10/22 18:00まで(表示は早い方)。全席指定。","","","",""
"34","","大谷康子のヴァイオリン賛歌 第10回","","大谷康子|秋元孝介","classical","classic","東京都・渋谷区","Hakuju Hall","","tokyo","2026-10-18","2026-10-18","","","14:30","15:00","","","","","","","","発売中","","","","","","全席指定 5,500円(税込)","Hakuju Hall公式サイト","https://hakujuhall.jp/concerts/detail/4582","https://hakujuhall.jp/concerts/detail/4582","35.6674","139.6902","ヴァイオリニスト大谷康子が聴衆と創る10年プロジェクトの第10回。ピアノの秋元孝介と共に、ショスタコーヴィチのソナタやバッハのシャコンヌなどを演奏する。","","","","",""
"35","","N響チェンバー・ソロイスツ 第11回","","村尾隆人|東條太河|飯塚歩夢|三国レイチェル由依|栗林衣李|矢部優典|藤森洸一|中村周平|堂面宏起|庄司雄大","classical","classic","東京都・渋谷区","Hakuju Hall","","tokyo","2026-11-10","2026-11-10","","","18:30","19:00","","","","","","","","","","","","","","全席指定 6,600円(税込)","Hakuju Hall公式サイト","https://hakujuhall.jp/concerts/detail/4596","https://hakujuhall.jp/concerts/detail/4596","35.6674","139.6902","NHK交響楽団の中堅・若手奏者による室内楽シリーズ第11回「若き精鋭たちが奏でる至高のモーツァルト」。オーボエ四重奏曲やクラリネット五重奏曲などを演奏する。","","","","",""
"36","","LOUIS TOMLINSON HOW DID WE GET HERE? WORLD TOUR 2026 JAPAN","","LOUIS TOMLINSON","pop","oneman","東京都・江東区","豊洲PIT","","tokyo","2026-10-15","2026-10-15","","","18:00","19:00","","","","","","","","","","","","","","オールスタンディング 13,500円(税込・ドリンク代別)","クリエイティブマン","https://www.creativeman.co.jp/event/louis-tomlinson26/","https://www.creativeman.co.jp/event/louis-tomlinson26/","35.6486","139.7986","元One Directionのルイ・トムリンソンによるワールドツアー日本公演。豊洲PITでの単独公演で、東京公演は10月15日の1日のみ。一般発売は8月8日に開始済み。","未就学児入場不可。公演の延期・中止以外の払い戻しなし。","","新豊洲駅（徒歩3分）／豊洲駅（徒歩12分）","",""
"37","","EZRA COLLECTIVE 来日公演","","EZRA COLLECTIVE","jazz","oneman","東京都・江東区","豊洲PIT","","tokyo","2026-10-13","2026-10-13","","","18:00","19:00","","","","","","","","一般発売","2026-06-13","","","","","オールスタンディング 9,000円(税込・別途1ドリンク)","豊洲PIT公式サイト","https://www.creativeman.co.jp/event/ezra-collective26/","https://www.creativeman.co.jp/event/ezra-collective26/","35.6486","139.7986","英ロンドンのジャズ・バンド、エズラ・コレクティブの来日公演。豊洲PITでの東京公演は10月13日の1日のみで、オールスタンディング。一般発売は6月13日に開始済み。","未就学児入場不可。公演の延期・中止以外の払い戻しなし。","","新交通ゆりかもめ「新豊洲駅」（徒歩3分）／東京メトロ有楽町線「豊洲駅」（徒歩12分）","",""
"39","","大萩康司＆朴葵姫 ギターデュオ・リサイタル","","大萩康司|朴葵姫","classical","classic","東京都・八王子市","八王子市芸術文化会館 いちょうホール","","tokyo","2026-12-04","2026-12-04","","","18:00","18:30","","","","","","","","一般発売","2026-07-23","","","","","友の会 4,400円／一般 4,800円／ユース券 1,000円(25歳以下・当日要身分証)","いちょうホール公式サイト","https://www.hachiojibunka.or.jp/icho/archives/eventinfo/event20261204/","https://www.hachiojibunka.or.jp/icho/archives/eventinfo/event20261204/","35.6625","139.3323","クラシックギターの第一線で活躍する大萩康司と朴葵姫によるデュオ・リサイタル。個性が際立つ会話のような演奏を、いちょうホール大ホールで聴かせる。","友の会先行は2026-07-16発売。大ホール。窓口・電話・ネットで購入可(ネットは事前登録必要)。イープラスは一般・ユース券のみ。未就学児入場不可。","","","",""
"40","","Charlie Puth - Whatever's Clever! World Tour 東京公演","ちゃーりーぷーす","Charlie Puth","pop","oneman","神奈川県・横浜市西区","ぴあアリーナMM","","kanagawa","2026-10-16","2026-10-16","","","18:00","19:00","","","","","","","","SOLD OUT","","","","","公演チケットは完売。見切れ席・立見の抽選受付(2026-10-01 12:00〜10-04 23:59)は終了。VIPアップグレードは公演チケット保有者のみ","アリーナ前方指定席 98,800円／アリーナ指定席 49,800円／SS席 22,800円／S席 19,800円／A席 14,800円(税込)。追加枠: 注釈付きS席 19,800円／注釈付きA席 14,800円／立見 19,800円","LIVE NATION H.I.P.","https://www.livenationhip.co.jp/all-events/charlie-puth-tickets-ae809419","https://www.livenationhip.co.jp/all-events/charlie-puth-tickets-ae809419","35.4589","139.6339","チャーリー・プースの一夜限りのプレミアム・ライブ。全チケット完売後、見切れ席と2階後方の立見が急遽追加され、10月1日から4日の抽選で受け付ける。","追加枠は出演者・ステージ・演出が一部見えにくい席。VIPアップグレードは公演チケット保有者のみ","","","",""
"41","","CA7RIEL & Paco Amoroso: Free Spirits World Tour 東京公演","","CA7RIEL & Paco Amoroso","hiphop","oneman","東京都・江東区","豊洲PIT","","tokyo","2026-10-22","2026-10-22","","","18:00","19:00","","","","","","","","SOLD OUT","","","","","","スタンディング 9,800円／GOLDスタンディング 12,800円(税込・ドリンク代別)","LIVE NATION H.I.P.","https://www.livenationhip.co.jp/all-events/ca7riel-and-paco-amoroso-tickets-ae1554639","https://www.livenationhip.co.jp/all-events/ca7riel-and-paco-amoroso-tickets-ae1554639","35.6486","139.7986","アルゼンチン発のデュオ、カトリエル&パコ・アモロソによる初の単独来日公演。東京公演は豊洲PITの1日のみで、主催者ページでSOLD OUT表示となっている。","主催者ページにSOLD OUT表記。6歳未満入場不可・6歳以上有料。","","新交通ゆりかもめ「新豊洲駅」（徒歩3分）／東京メトロ有楽町線「豊洲駅」（徒歩12分）","",""
"42","","FKJ Tyber Tour 東京公演","","FKJ","jazz","oneman","東京都・千代田区","東京国際フォーラム ホールA","","tokyo","2026-12-10","2026-12-10","","","18:00","19:00","","","","","","2026-08-25","","SOLD OUT","","","","","","SS席 15,800円／S席 11,800円（税込）","LIVE NATION H.I.P.","https://www.livenationhip.co.jp/all-events/fkj-tickets-ae1212035","https://www.livenationhip.co.jp/all-events/fkj-tickets-ae1212035","35.6764","139.7639","フランス出身のFKJが新作『Tyber』を携えて2年ぶりに来日。前回2024年の単独公演は即日完売で、今回は一夜限りのホールA公演となる。","6歳未満入場不可。2026-10-02に全チケット完売と公式表記","","","",""
"43","","AIR JAM 2026","","Hi-STANDARD|10-FEET|HEY-SMITH|HUSKING BEE|MAN WITH A MISSION|ザ・クロマニヨンズ|マキシマム ザ ホルモン|LAGWAGON","rock","fes","千葉県・千葉市美浜区","ZOZOマリンスタジアム","","chiba","2026-11-07","2026-11-07","","","","","","","","","","","","SOLD OUT","","","","","","アリーナスタンディング 13,500円／スタンド指定席 13,500円／ファミリー指定席 大人13,500円・小学生以下8,500円／ボックスシート4名 60,000円(税込)","公式サイト","https://airjam.jp/tickets","https://airjam.jp/","35.6453","140.0309","Hi-STANDARD主催のパンクロックフェス。ZOZOマリンスタジアムにHi-STANDARD、10-FEET、マキシマム ザ ホルモンなど11組が出演。8/22の一般発売（先着）は完売。小学生以下入場不可のエリアあり。","電子チケット(MOALA Pocket)のみ。雨天決行・荒天中止。小学生以下入場不可(ファミリー席除く)。公式リセールの詳細は追って案内と告知","","","","airjam-2026"
"44","","nobinobi 2026","","川崎鷹也|ケロポンズ|秋元杏月|木下ゆーき|Hoodie fam|来島エル","pop|other","fes","神奈川県・横須賀市","長井海の手公園 ソレイユの丘","","kanagawa","2026-11-07","2026-11-08","","","","","","","","","","2026-06-22","","","","","","","","大人1日券 5,370円〜（販売時期で変動）／中学生以下無料","公式サイト","https://nobinobi-fes.com/","https://nobinobi-fes.com/","","","SNSで人気のつむぱぱが発起人の、親子で楽しむファミリー野外フェス。ソレイユの丘を2日間貸切り、川崎鷹也やケロポンズらが出演。中学生以下は無料で、早く買うほど安い早割チケット制。","中学生以下は保護者同伴必須。ペット入場可。公園全面貸切のためチケット所持者のみ入園可","","","",""
"45","","Sammy presents NEW HORIZON FEST 2026","","04 Limited Sazabys|Age Factory|coldrain|Crystal Lake|Earthists.|HIKAGE|PassCode|Prompts","rock","fes","東京都・江東区","TOYOTA ARENA TOKYO","","tokyo","2026-12-28","2026-12-28","","","","","","","","","","","","","","","","","","アリーナスタンディング 11,800円／スタンド指定席 10,800円／VIP指定席 20,000円／テラススイート 250,000円(1室10名)（税込）","チケットぴあ","https://w.pia.jp/t/new-horizon-fest/","https://newhorizon.sammy.co.jp/2026/nhf/","","","セガサミーのサミーが主催する年末のラウドロック系フェス。TOYOTA ARENA TOKYOで開催され、04 Limited Sazabysやcoldrainらが出演。オフィシャル先行は3次(9/18〜9/27)まで実施済み。","公式サイト(2026-10-09確認)でオフィシャル1〜3次先行(3次は9/18〜9/27)が受付終了。一般発売は公式に記載なし。電子チケット。再入場可","","","",""
"46","","BIGBANG 2026-2027 WORLD TOUR < XX : COSMOS > IN JAPAN 東京公演","","BIGBANG","kpop","oneman","東京都・文京区","東京ドーム","","tokyo","2026-12-13","2026-12-15","","","15:00","17:00","","12/14・12/15は開場16:00・開演18:00","","","","","","","","","","","","S指定席 23,000円／A指定席 16,500円／WELCOME SEAT 12,800円／ARENA SEAT 30,000円／YG FAMILY SEAT 38,500円／V.I.P SEAT 60,000円／SOFA SEAT 200,000円(4名まで)／TOKYO 3DAYS TICKET 90,000円（税込）","公式サイト","https://ygex.jp/bigbang/20th-anniv/live/tour.php?id=1003006&fdate=2026-12-13&ldate=2026-12-15","https://ygex.jp/bigbang/20th-anniv/","35.7056","139.7519","結成20周年を掲げるBIGBANGの日本ドームツアー東京公演を3日間開催。大阪・名古屋・福岡と巡るツアーの東京ドーム3days。S指定席は後日アップグレード申込の対象で、ARENA SEATのアップグレード抽選も実施された。","3歳以上チケット必要。ファンクラブ2次抽選先行・ローチケ最速抽選先行などは受付終了。一般発売の日程は公式ページで未確認","","","",""
"47","","東京芸術劇場シアターオペラvol.20 ヴェルディ『イル・トロヴァトーレ』","","熊倉優(指揮)|木下美穂子|笛田博昭|谷口睦美|大西宇宙|田中大揮","classical","classic","東京都・豊島区","東京芸術劇場 コンサートホール","","tokyo","2026-11-21","2026-11-21","","","13:00","14:00","","","","","","","","一般発売","2026-06-20","10:00","","","","S席 17,000円／A席 14,000円／B席 11,000円／C席 7,000円／高校生以下 1,000円（税込）","東京芸術劇場ボックスオフィス","https://www.geigeki.jp/performance/concert371/","https://www.geigeki.jp/performance/concert371/","35.7306","139.7086","全4幕イタリア語上演・日本語字幕付きの新制作オペラ。指揮は熊倉優、演出は髙岸未朝で、木下美穂子、笛田博昭、谷口睦美らが出演する全国共同制作公演。","全4幕／イタリア語上演／日本語字幕付き","あり（地下駐車場100台、30分310円・1日上限2,500円）","池袋駅","",""
"48","","高嶋ちさ子 12人のヴァイオリニスト 結成20周年記念コンサートツアー 2026〜2027 八王子公演","","高嶋ちさ子 12人のヴァイオリニスト","classical","classic","東京都・八王子市","J:COMホール八王子","","tokyo","2026-10-12","2026-10-12","","","13:45","14:30","","","","","","","","","","","","","","全席指定 8,000円","キョードー東京","https://jcom.hall-info.jp/","https://jcom.hall-info.jp/","35.6547","139.3376","結成20周年を迎えた高嶋ちさ子率いる12人のヴァイオリニストによるコンサートツアーの八王子公演。祝日の午後に開催され、主催のFJネクストとキョードー東京が問い合わせを受け付ける。","未就学児入場不可。問合せ キョードー東京 0570-550-799","","八王子駅","",""
"49","","ブルージーペッパーズ レクチャーコンサート ビッグバンドで紐解くジャズの歴史【ジャズプロ・サテライト】","","ブルージーペッパーズ","jazz","event","神奈川県・横浜市中区","横浜関内ホール","","kanagawa","2026-10-09","2026-10-09","","","17:45","18:30","","","","","","","","一般発売","","","","","","自由席 一般 3,000円／学生(高校生以下) 1,000円","関内ホール","https://www.kannaihall.jp/detals/002875.php","https://www.kannaihall.jp/detals/002875.php","35.4474","139.6361","横浜の伝説的ナイトクラブで活躍した南里雄一郎とレッドペッパーズの流れをくむオリジナルメンバーが再結集。ビッグバンド演奏とトークでジャズの歴史とリズムを学ぶ小ホール公演。","小ホール。未就学児入場不可。学生券は関内ホールチケットカウンターのみ・要学生証","","","",""
"50","","横濱JAZZ PROMENADE 2026 大西順子スペシャルカルテット","","大西順子(pf)|中林薫平(b)|吉良創太(ds)|大儀見元(perc)","jazz","event","神奈川県・横浜市中区","横浜関内ホール","","kanagawa","2026-10-10","2026-10-10","","","17:40","18:30","19:40","","","","","","","前売発売中","","","2026-10-09","","","全席自由 前売 4,000円／当日 5,000円","関内ホール","https://www.kannaihall.jp/detals/002900.php","https://jazzpro.jp","35.4474","139.6361","横濱JAZZ PROMENADEのステージの一つ。大西順子が打楽器奏者の大儀見元を加えたカルテットで、全員がリズム楽器という編成を活かした自作曲中心のライブを大ホールで披露する。","関内ホールでの前売取扱いは10/9まで(締切時刻は未確認)","","","",""
"51","","CLASSIC×JAZZ×MOVIE ～クラシックをジャズアレンジで そして 想い出の映画音楽を～","","里見紀子(ヴァイオリン)|今泉正明(ジャズピアノ)|金井優佳(ヴォーカル)|大塚義将(ベース)","classical|jazz","classic","神奈川県・横浜市中区","横浜関内ホール","","kanagawa","2026-10-10","2026-10-10","","","13:00","13:30","15:50","","","","","","","前売発売中","","","","","","全席自由 一般 前売4,500円／当日5,000円、学生(中学生以上) 2,000円、小学生以下 1,000円","関内ホール","https://www.kannaihall.jp/detals/002865.php","https://harmonyaiai.jimdofree.com/","35.4474","139.6361","クラシックをジャズアレンジで演奏し、思い出の映画音楽を歌とともに楽しむ小ホールのコンサート。ミャンマーのクリニックと菜園の会へ11回目の寄付をするチャリティー公演。","小ホール。3歳以下膝上無料。ハーモニーアイ正会員は無料","","","",""
"52","","LIVE STOCK - KAWASAKI MUSIC JOURNEY - in CLUB CITTA'","","スチャダラパー|水曜日のカンパネラ|tofubeats","hiphop|pop","event","神奈川県・川崎市川崎区","川崎CLUB CITTA'","","kanagawa","2026-11-03","2026-11-03","","","","","","","","","","","","先着一般発売","2026-09-05","12:00","2026-11-02","18:00","","オールスタンディング 前売 6,900円(税込・ドリンク代600円別)","イープラス","https://eplus.jp/livestock2026/","https://live-stock-kawasaki.com/","35.5306","139.7000","川崎発の音楽ライブの2回目。日本語ラップの礎を築いたスチャダラパー、縁でつながるtofubeats、水曜日のカンパネラが世代とジャンルを越えて同じステージに立つ1日限りの夜。","スチャダラパー、tofubeats、水曜日のカンパネラの3組出演","","JR川崎駅（徒歩約5分）／京急川崎駅（徒歩約7分）","",""
"53","","MAD PIT FES 2026","","JILUKA|NEMOPHILA|Earthists.|DEXCORE|Graupel|Launcher No.8|Sable Hills|Unlucky Morpheus","rock","fes","神奈川県・川崎市川崎区","川崎CLUB CITTA'","","kanagawa","2026-10-09","2026-10-09","","","11:45","12:15","","","","","","","","一般発売","2026-07-25","10:00","","","","1Fスタンディング 前売 8,500円／2F VIP指定席 15,500円(税込・ドリンク代600円別)","イープラス","https://eplus.tickets/mad-pit-fes/","https://jiluka-web.com/","35.5306","139.7000","JILUKAが主催するラウド系フェスの2026年版。今回は初のダブルステージで、NEMOPHILAやEarthists.など15組が出演する。再入場可。","開場・開演時刻が変更になっている(公式表示)。再入場可(ドリンク代別途)","","JR川崎駅（徒歩約5分）／京急川崎駅（徒歩約7分）","",""
"54","","HAWAIIAN6 presents ECHOES 2026","","HAWAIIAN6|dustbox|G-FREAK FACTORY|locofrank|Dizzy Sunfist|LOW IQ 01 &THE RHYTHM MAKERS|KUZIRA|bacho","rock","fes","神奈川県・川崎市川崎区","川崎CLUB CITTA'","","kanagawa","2026-10-24","2026-10-25","","","11:45","12:30","","10/25は開場11:15/開演12:00","","","","","","一般発売","2026-09-12","10:00","","","","オールスタンディング 1日券 7,500円／2日通し券 14,500円(税込・ドリンク代600円別)","イープラス","https://eplus.jp/sf/detail/4567250001","https://ikkinotdead.com/","35.5306","139.7000","HAWAIIAN6が主催するパンクの2日間。初日はdustboxやDizzy Sunfistなど、2日目は別の出演者がラインナップされる。12歳以下は入場無料。","開場/開演 DAY1 11:45/12:30、DAY2 11:15/12:00。公式特設ページのタイムテーブル公開済み(10/8)。同ページの出演表の日付見出しは10/25・10/26と表記されるが、開催概要は10/24・10/25","","JR川崎駅（徒歩約5分）／京急川崎駅（徒歩約7分）","","echoes-2026"
"55","","Bark ONE MAN LIVE「Bling 2 Tape」","","Bark","hiphop","oneman","神奈川県・川崎市川崎区","川崎CLUB CITTA'","","kanagawa","2026-10-11","2026-10-11","","","18:00","19:00","","","","","","","","一般発売","2026-09-08","20:00","","","ファストパス(専用入場ゲートで優先入場。限定枚数・スタンディング)7,980円","ファストパス 7,980円／1Fスタンディング 5,980円(税込・ドリンク代600円別)","イープラス","https://clubcitta.co.jp/schedule/1728","","35.5306","139.7000","Barkのワンマンライブ『Bling 2 Tape』。限定枚数のファストパス（専用ゲートで優先入場）が用意され、スタンディングで開催される。","ファストパスは限定枚数","","JR川崎駅（徒歩約5分）／京急川崎駅（徒歩約7分）","",""
"56","","本木茂 還暦スペシャル “宴” ～RA$HのしげるとZINGIのシゲル、時々GERU-C～","","本木茂|RHYMESTER|Zeebra|GAKU-MC|ラッパ我リヤ|RYO-Z, WISE & DJ SOMA|MELLOW YELLOW","hiphop","event","神奈川県・川崎市川崎区","川崎CLUB CITTA'","","kanagawa","2026-10-12","2026-10-12","","","14:00","14:00","","","","","","","","一般発売","2026-06-24","12:00","","","","オールスタンディング 前売 6,900円／ミックステープ付 8,900円(税込・ドリンク代600円別)","チケットぴあ","https://clubcitta.co.jp/schedule/1675","","35.5306","139.7000","本木茂の還暦を祝うスペシャルライブ。RHYMESTER、Zeebra、GAKU-MC、ラッパ我リヤら日本のヒップホップ界の顔ぶれが川崎に集う。ミックステープ付きチケットあり。","入場は整理番号順","","JR川崎駅（徒歩約5分）／京急川崎駅（徒歩約7分）","",""
"57","","BUZZ FES 2026 -TOKYO-","","GANMI|KING OF SWAG","dance","event","神奈川県・川崎市川崎区","川崎CLUB CITTA'","","kanagawa","2026-10-14","2026-10-14","","","16:00","17:00","","","","","","","","一般発売","2026-09-15","21:00","","","","FAST PASS 7,500円／1階フロア 5,500円／2階指定席 7,500円(税込・ドリンク代600円別)","BUZZチケ","https://buzz-ticket.com/e/p7lnglisaz","","35.5306","139.7000","GANMIとKING OF SWAGをゲストに迎えるBUZZ FES 2026 -TOKYO-。ダンスやショーケースの出演者が多数並び、1階フロアと2階指定席から席種を選べる。","再入場禁止。3歳未満入場不可。1階スタンディングは先着順(整理番号なし)","","JR川崎駅（徒歩約5分）／京急川崎駅（徒歩約7分）","",""
"58","","B2B TOUR","","Benjazzy|Bonbero","hiphop","event","神奈川県・川崎市川崎区","川崎CLUB CITTA'","","kanagawa","2026-10-30","2026-10-30","","","18:00","19:00","","","","","","","","最速先着先行","2026-08-31","20:00","2026-10-12","23:59","","オールスタンディング 前売 7,500円(税込・ドリンク代600円別)","CLUB CITTA'","https://clubcitta.co.jp/schedule/1796","","35.5306","139.7000","BenjazzyとBonberoが出演するB2B TOURの川崎CLUB CITTA'公演。オールスタンディングで、最速先着先行の受付は10月12日23:59まで。","未就学児は保護者同伴で1名まで入場無料、6歳以上有料","","JR川崎駅（徒歩約5分）／京急川崎駅（徒歩約7分）","",""
"59","","川崎純情小町☆15th Anniversary Live ～Eternal Melody～","","川崎純情小町☆|純情小町☆GROUP OG","idol","oneman","神奈川県・川崎市川崎区","川崎CLUB CITTA'","","kanagawa","2026-11-01","2026-11-01","","","18:30","19:00","","","","","","","","一般発売","2026-05-04","10:00","","","","プレミアム 50,000円(特典付き)／撮影可能 7,000円(記念品付き)／座席(着席) 5,000円(記念品付き)／一般スタンディング自由席は公式ページ参照","LivePocket","https://livepocket.jp/e/u25ny","https://kjk-official.com/","35.5306","139.7000","地元川崎のアイドルグループ、川崎純情小町☆の結成15周年記念ライブ。OGも出演する。プレミアムや撮影可能チケットなど複数の券種がある。","販売はLivePocketのみ。開演時刻は予定","","JR川崎駅（徒歩約5分）／京急川崎駅（徒歩約7分）","",""
"60","","Gekojam 2026","","HIGE|YU-KI|Lui|koooya+KooDa|Daiki|キムラモトコ","other","event","神奈川県・川崎市川崎区","川崎CLUB CITTA'","","kanagawa","2026-10-22","2026-10-22","","","17:00","17:30","","","","","","","","一般発売","2026-09-11","12:00","","","","優先入場 5,500円／一般 4,500円／2階指定席 6,500円(税込・ドリンク代600円別)","ローソンチケット","https://clubcitta.co.jp/schedule/1801","https://gkkj.tokyo/","35.5306","139.7000","HIGE、YU-KI、Lui、koooya+KooDaら20組超が出演するGekojam 2026。川崎CLUB CITTA'で開催され、一般席のほか優先入場と2階指定席が用意される。","10/23にも同名公演あり(別ページ)","","JR川崎駅（徒歩約5分）／京急川崎駅（徒歩約7分）","",""
"61","","心の教育ふれあいコンサート","","神奈川フィルハーモニー管弦楽団","classical","classic","神奈川県・横浜市西区","横浜みなとみらいホール","","kanagawa","2026-10-14","2026-10-16","","2026-10-14|2026-10-15|2026-10-16","","10:30","","各日2公演(午前10:30開演・午後13:30開演)。第3クールで、一般席は3階自由席の限定枚数","","","","","","一般発売","2026-08-16","10:00","","","","全席自由(3階エリア限定) 1,300円／65歳以上・学生・障がい者手帳所持者 700円","横浜みなとみらいホール","https://yokohama-minatomiraihall.jp/concert/fureai2026.html","https://yokohama-minatomiraihall.jp/concert/fureai2026.html","35.4577","139.6351","横浜市教育委員会が市立小学校の児童向けに続けてきた歴史あるコンサート。神奈川フィルが解説つきで名曲を約1時間演奏し、一部の3階席が市民にも販売される。","障がい者手帳割引は電話・窓口のみ。当日は公演ごとに開演の45分前から先着で販売","","","",""
"62","","第259回オルガン・1ドルコンサート オルガンが描くフランスの色彩","","原田真侑(オルガン)","classical","classic","神奈川県・横浜市西区","横浜みなとみらいホール","","kanagawa","2026-10-21","2026-10-21","","","11:40","12:20","","","","","","","","当日券あり","","","","","","全席自由 100円（または1USドル紙幣）","横浜みなとみらいホール","https://yokohama-minatomiraihall.jp/concert/archive/recommend/2026/10/4405.html","https://yokohama-minatomiraihall.jp/concert/1dollar2026.html","35.4577","139.6351","開館以来続く名物企画。原田真侑がリテーズやグリニーなどフランスのオルガン曲を、100円または1ドル紙幣の入場料で大ホールのパイプオルガンで聴かせる。","事前予約不要。当日会場で直接支払い","","","",""
"63","","石田泰尚プロデュース サロンdeストリングス vol.6 弦楽四重奏","","佐久間聡一(vn)|ビルマン聡平(vn)|中村洋乃理(va)|髙木慶太(vc)","classical","classic","神奈川県・横浜市西区","横浜みなとみらいホール","","kanagawa","2026-10-21","2026-10-21","","","14:00","14:30","","","","","","","","一般発売","2026-02-28","","","","","全席指定 2,000円（3公演セット券 6,000円）","横浜みなとみらいホール","https://yokohama-minatomiraihall.jp/concert/archive/recommend/2026/10/4414.html","https://yokohama-minatomiraihall.jp/concert/salondestrings2026.html","35.4577","139.6351","ホールプロデューサー石田泰尚が選ぶ「石田組」メンバーによる弦楽四重奏。シューベルトの《四重奏断章》と《死と乙女》を演奏し、石田がナビゲーターとして聴きどころを紹介する。","未就学児入場不可。終演約60分","","","",""
"64","","第44回 横浜市招待国際ピアノ演奏会","","アリエル・ラニ|中川優芽花","classical","classic","神奈川県・横浜市西区","横浜みなとみらいホール","","kanagawa","2026-11-07","2026-11-07","","","14:20","15:00","","","","","","","","","","","","","","要問合せ","横浜みなとみらいホール","https://yokohama-minatomiraihall.jp/concert/yipcyafjp.html","https://yokohama-minatomiraihall.jp/concert/yipcyafjp.html","35.4577","139.6351","毎年秋に開かれる国際ピアノフェスティバル。英国のアリエル・ラニと中川優芽花が出演する。当日は特別レクチャー「明治・大正期の横浜とピアノ」も12時から開かれる。","","","","",""
"65","","第13回オルガン・1アワーコンサート","","早島万紀子(パイプオルガン)","classical","classic","神奈川県・横浜市西区","横浜みなとみらいホール","","kanagawa","2026-11-25","2026-11-25","","","13:20","14:00","","","","","","","","一般発売","2026-08-29","","","","","全席指定 一般 1,000円","横浜みなとみらいホール","https://yokohama-minatomiraihall.jp/concert/archive/recommend/2026/11/4409.html","https://yokohama-minatomiraihall.jp/concert/1hour2026.html","35.4577","139.6351","1ドルコンサートの常連から「もっとじっくり聴きたい」との声を受けて始まった1時間版。早島万紀子がグリニーやメシアン《主の降誕》などを大ホールで演奏する。","未就学児入場不可","","","",""
"66","","HOLLOWGRAM presents 【AURUM#6】","","HOLLOWGRAM|heidi.|LAY ABOUT WORLD|RENAME","other","event","神奈川県・川崎市川崎区","川崎Serbian Night","","kanagawa","2026-10-09","2026-10-09","","","18:00","18:30","","","","","","","","先着一般発売(イープラス)・受付終了","2026-07-04","10:00","2026-10-08","18:00","","前売 6,000円(+1D)／当日 6,500円(+1D)","イープラス","https://eplus.jp/sf/detail/4562210001-P0030001","http://hollowgram.net/","35.5280","139.6999","HOLLOWGRAMが主催する対バン企画「AURUM」の第6回。heidi.、LAY ABOUT WORLD、RENAMEの4組が川崎セルビアンナイトに集う。18時開場、18時半開演。イープラスの先着販売は前日18時で締切済み。当日券は会場へ要確認。","ドリンク代600円別(特記なき場合)。18歳未満は22時以降入場不可。当日券の有無は会場に電話確認","","川崎駅","",""
"67","","defspiral tour 2026 ""PARALLAX""","","defspiral","other","oneman","神奈川県・川崎市川崎区","川崎Serbian Night","","kanagawa","2026-10-12","2026-10-12","","","16:30","17:00","","","","","","","","一般発売","","","","","","前売 6,000円(+1D)／当日 6,500円(+1D)","イープラス","https://eplus.jp/sf/word/0000044678","https://defspiral.com/","35.5280","139.6999","defspiralのツアー「PARALLAX」の川崎公演。10月12日(祝)、川崎セルビアンナイトで16時半開場、17時開演。イープラスで先着の一般発売が案内されている。ツアーは前日11日にライブステーション(東京)でも開催。","ドリンク代600円別(特記なき場合)。18歳未満は22時以降入場不可。会場の日程表は前売6,500円と表記し、公演詳細ページは前売6,000円と表記(要確認)","","川崎駅","",""
"68","","NCT 127 5TH TOUR 'NEO CITY : SAITAMA - THE REDLINE'","","NCT 127","kpop","oneman","埼玉県・所沢市","ベルーナドーム","","saitama","2026-10-24","2026-10-24","","","15:00","17:00","","","","","","","","機材開放席(先着)","2026-09-28","18:00","","","機材開放受付(先着)を2026.9.28(月)18:00より、mu-mo TICKET・ローソンチケット・イープラス・チケットぴあで販売。予定枚数に達し次第終了","","","","https://nct-jp.net/live/tour.php?id=1003056","35.7694","139.4197","NCT 127の5度目のツアー『NEO CITY : SAITAMA - THE REDLINE』の日本公演で、ベルーナドーム2days初日。韓国で9/18に始まったツアーの日本開催分。チケットは全てAnyPASSの電子チケットで、購入後の変更・払い戻しは不可。","3歳以上有料・3歳未満入場不可。各公演お一人様4枚まで。電子チケット(AnyPASS)のみ。営利目的の転売禁止。ドヨン・ジョンウの出演予定なし。ローソンチケット先行は9/14締切済み、一般発売の日程は公式ページで確認できず","","","",""
"69","","NCT 127 5TH TOUR 'NEO CITY : SAITAMA - THE REDLINE'","","NCT 127","kpop","oneman","埼玉県・所沢市","ベルーナドーム","","saitama","2026-10-25","2026-10-25","","","11:00","13:00","","","","","","","","機材開放席(先着)","2026-09-28","18:00","","","機材開放受付(先着)を2026.9.28(月)18:00より、mu-mo TICKET・ローソンチケット・イープラス・チケットぴあで販売。予定枚数に達し次第終了","","","","https://nct-jp.net/live/tour.php?id=1003056","35.7694","139.4197","NCT 127の5度目のツアー『NEO CITY : SAITAMA - THE REDLINE』の日本公演で、ベルーナドーム2日目。昼公演のため開場・開演が初日より早く、公式は後ろ倒しになる可能性も告知している。電子チケット(AnyPASS)のみの取り扱い。","3歳以上有料・3歳未満入場不可。各公演お一人様4枚まで。電子チケット(AnyPASS)のみ。営利目的の転売禁止。開場/開演は後ろ倒しとなる可能性あり。一般発売の日程は公式ページで確認できず","","","",""
"70","","EXILE 25th ANNIVERSARY BEST LIVE ～LDH PERFECT YEAR 2026～","","EXILE","pop","oneman","埼玉県・所沢市","ベルーナドーム","","saitama","2026-11-14","2026-11-14","","","15:00","17:00","","","","","","","","","","","","","","","","","https://www.ldh-liveschedule.jp/sys/exile-25th-anniversary-best-live/","35.7694","139.4197","EXILE結成25周年を締めくくる集大成のベストライブで、ベルーナドーム2days初日。三代目 J SOUL BROTHERS、FANTASTICSらファンクラブ先行の対象も含むLDH PERFECT YEAR 2026の企画。着席指定のファミリーシートあり。","プレミアムチケットはFC先行当選者限定。ファミリーシートは着席指定。一般発売は8/29(販売状況・残席は未確認)","","","",""
"71","","EXILE 25th ANNIVERSARY BEST LIVE ～LDH PERFECT YEAR 2026～","","EXILE","pop","oneman","埼玉県・所沢市","ベルーナドーム","","saitama","2026-11-15","2026-11-15","","","14:00","16:00","","","","","","","","","","","","","","","","","https://www.ldh-liveschedule.jp/sys/exile-25th-anniversary-best-live/","35.7694","139.4197","EXILE結成25周年を締めくくる集大成のベストライブで、ベルーナドーム2日目。初日より1時間早い開場・開演の日曜公演。三代目 J SOUL BROTHERS、FANTASTICSらファンクラブ先行の対象も含むLDH PERFECT YEAR 2026の企画。","プレミアムチケットはFC先行当選者限定。ファミリーシートは着席指定。一般発売は8/29(販売状況・残席は未確認)","","","",""
"72","","JEONGHAN X JOSHUA JOURNEY INTO [DREAMING] - JAPAN","","JEONGHAN|JOSHUA","kpop","oneman","埼玉県・所沢市","ベルーナドーム","","saitama","2026-11-21","2026-11-22","","","15:00","17:00","","","","","","","","CARAT会員先行(抽選)","2026-09-30","13:00","2026-10-12","23:59","11月22日(日)公演のライブビューイング開催が2026.10.8に発表","","","","https://www.seventeen-17.jp/statics/dreaming","35.7694","139.4197","SEVENTEENのJEONGHANとJOSHUAによるユニットの日本公演で、ベルーナドーム2days。特設サイトは9/29に公開され、CARAT会員先行は9/30に開始。アリーナ指定席は先行限定で一般販売の予定がない。","CARAT先行は先着順ではなく抽選。抽選結果確認・入金は10/16 11:00〜10/18 23:00(ローソン・ミニストップのみ)。1会員1公演につきアリーナ・スタンド各1回まで申込可。カラモバ会員先行もあり","","","",""
"73","","マルティン・ガルシア・ガルシア ピアノ・リサイタル","","マルティン・ガルシア・ガルシア","classical","classic","埼玉県・所沢市","所沢市民文化センター ミューズ","","saitama","2026-10-28","2026-10-28","","","13:15","14:00","","","","","","","","一般発売","2026-05-05","","","","","","","","https://www.muse-tokorozawa.or.jp/event/detail/20261028/","35.8002","139.4737","アークホールで開かれるマルティン・ガルシア・ガルシアのピアノ・リサイタル。ショパンのバラード第2番・第4番やスケルツォ、リストのピアノ・ソナタ ロ短調まで、ロマン派の大曲を並べたプログラム。","未就学児の入場不可。託児サービスあり(有料・要予約)。会場はアークホール","","","",""
"74","","ケルティック・クリスマス2026 in 所沢","","アルタン|ソーラス|ダン・ステイシー|イニ・K","other","event","埼玉県・所沢市","所沢市民文化センター ミューズ","","saitama","2026-12-06","2026-12-06","","","15:00","15:30","","","","","","","","一般発売","2026-06-26","","","","","","","","https://www.muse-tokorozawa.or.jp/event/detail/20261206/","35.8002","139.4737","ミューズで4回目となるケルト音楽の祭典。アルタン、ソーラスらアイルランド・ケルト音楽のトップアーティストが集結する。11:45からロビーでケルト市やアイリッシュ・パブ、ワークショップも開く。","客席開場15:00。11:45からロビーイベントあり","","","",""
"75","","佐渡裕×新日本フィルハーモニー交響楽団 ベートーヴェン 交響曲第9番《合唱付き》","","佐渡裕|新日本フィルハーモニー交響楽団|高野百合絵|塩崎めぐみ|宮里直樹|平野和|栗友会合唱団|石丸由佳","classical","classic","埼玉県・所沢市","所沢市民文化センター ミューズ","","saitama","2026-12-22","2026-12-22","","","18:15","19:00","","","","","","","","","","","","","","全席指定 S席 9,300円／A席 8,200円／B席 7,200円／P席 6,500円(メンバーズ倶楽部会員 S席 8,300円／A席 7,300円／B席 6,400円／P席 5,800円)","所沢ミューズ","https://www.muse-tokorozawa.or.jp/event/detail/20261222/","https://www.muse-tokorozawa.or.jp/event/detail/20261222/","35.8002","139.4737","新日本フィルの第5代音楽監督・佐渡裕が振る年末の「第九」。ソプラノ高野百合絵ら4人の独唱者と栗友会合唱団、オルガンの石丸由佳が加わり、所沢ミューズのアークホールで演奏する。","未就学児の入場不可。託児サービスあり(有料・要予約)。会場はアークホール","","","",""
"76","","2026ズーラシアンブラス・ジルベスター音楽祭","","ズーラシアンフィルハーモニー管弦楽団","classical","classic","埼玉県・所沢市","所沢市民文化センター ミューズ","","saitama","2026-12-31","2026-12-31","","","14:00","15:00","","","","","","","","","","","","","","全席指定 大人 5,500円／学生(25歳まで) 4,500円／こども(3歳〜小学生) 3,500円(メンバーズ倶楽部会員 大人 4,950円／学生 4,050円／こども 3,150円)","所沢ミューズ","https://www.muse-tokorozawa.or.jp/event/detail/20261231/","https://www.muse-tokorozawa.or.jp/event/detail/20261231/","35.8002","139.4737","所沢ミューズの年末の風物詩。動物の姿の楽団ズーラシアンブラスと仲間たちが、動物紅白歌合戦2026などで大晦日の午後を盛り上げる、子ども連れ向けのコンサート。12/31は休館日だが公演のため営業する。","3歳から有料(2歳までは膝上無料)。ロビー開場13:30。託児サービスあり(有料・要予約)。会場はアークホール","","","",""
"77","","喝采をあなたに 大月みやこ・伍代夏子・香西かおり 歌謡ビッグステージ2026","","大月みやこ|伍代夏子|香西かおり","pop","event","埼玉県・越谷市","越谷サンシティホール","","saitama","2026-10-16","2026-10-16","","","13:30","14:00","15:40","","","","","","","","","","","","","","","https://suncityhall.jp/","","35.8736","139.7903","大月みやこ、伍代夏子、香西かおりの演歌・歌謡の3人が顔をそろえる歌謡ビッグステージ。越谷サンシティホール大ホールの昼公演で、終演は15:40の予定。","","","","",""
"78","","イルカ55周年コンサート ～あいのたね❤まこう！～","","イルカ","pop","oneman","埼玉県・越谷市","越谷サンシティホール","","saitama","2026-10-18","2026-10-18","","","16:30","17:00","","","","","","","","","","","","","","","","https://suncityhall.jp/","","35.8736","139.7903","デビュー55周年を記念したイルカのスペシャルコンサート。「なごり雪」「あの頃のぼくは」「まあるいいのち」などを、越谷サンシティホール大ホールで歌う。","未就学児入場不可","","","",""
"79","","access TOUR 2026 PROMPT RUSH","","access","pop","oneman","埼玉県・越谷市","越谷サンシティホール","","saitama","2026-10-31","2026-10-31","","","16:00","16:30","","","","","","","","","","","","","","","","https://suncityhall.jp/","","35.8736","139.7903","ユニットaccessのツアー『PROMPT RUSH』の埼玉公演。越谷サンシティホールの大ホールで開催するハロウィンの土曜夜の公演で、3歳以上は有料。","3歳以上有料","","","",""
"80","","カンティアーモ ソプラノとメゾソプラノによる秋のコンサート","","カンティアーモ","classical","classic","埼玉県・鴻巣市","鴻巣市文化センター（クレアこうのす）","","saitama","2026-10-12","2026-10-12","","","13:30","14:00","","","","","","","","一般発売","2026-08-01","","","","","","","","https://clea-konosu.com/event/event-20261012/","36.0676","139.5225","ソプラノとメゾソプラノの二重唱ユニット、カンティアーモが秋に開く歌のコンサート。クレアこうのすの共催事業で、前売と当日で料金が異なる全自由席。祝日の月曜午後の開催。","全席自由。チケット発売は8/1〜","","","",""
"81","","中村耕一＋JAYWALK 45周年記念ツアー","","中村耕一|JAYWALK","rock","oneman","埼玉県・鴻巣市","鴻巣市文化センター（クレアこうのす）","","saitama","2026-10-24","2026-10-24","","","16:00","16:30","","","","","","","","一般発売(受付中)","2026-04-04","09:00","","","","","","","https://clea-konosu.com/event/event-1024/","36.0676","139.5225","中村耕一とJAYWALKによる45周年記念ツアーの埼玉公演。クレアこうのす大ホールで開催し、一般発売は4/4。プレミアムシートの設定がある。主催はバンブートゥリー。","小学生以上有料(6歳未満でも座席が必要な場合は有料)。窓口発売は4/3 9:00〜、オンライン予約は3/27〜","","","",""
"82","","THE カルテットの昭和歌謡コンサート18","","THE カルテット","pop","event","埼玉県・鴻巣市","鴻巣市文化センター（クレアこうのす）","","saitama","2026-12-14","2026-12-14","","","13:30","14:00","","","","","","","","一般発売","2026-09-19","","","","","","","","https://clea-konosu.com/event/event-20261214/","36.0676","139.5225","あの頃歌った昭和歌謡の名曲を楽しむ、シリーズ第18回のコンサート。クレアこうのすで平日午後に開催。前売で完売した場合は当日券は出ない。","前売りで完売した場合は当日券なし。チケット発売は9/19〜","","","",""
"83","","75周年記念 渡辺貞夫カルテット2026 ～INTO TOMORROW～","","渡辺貞夫","jazz","oneman","埼玉県・羽生市","羽生市産業文化ホール","","saitama","2026-10-18","2026-10-18","","","15:00","15:30","","","","","","","","一般発売","2026-06-07","10:00","","","","","","","https://www.hanyu-bunka.jp/organize/detail.html?id=4810","36.1661","139.5488","デビュー75周年を迎えたジャズのリヴィング・レジェンド、渡辺貞夫のカルテット公演。羽生市産業文化ホール大ホールで開催。友の会先行は5/31、一般発売は6/7で、友の会割引はない。","友の会割引なし。車いす席は会館へ要連絡。初日の電話受付は座席指定不可","","","",""
"84","","松山千春コンサート・ツアー2026","","松山千春","pop","oneman","埼玉県・羽生市","羽生市産業文化ホール","","saitama","2026-11-17","2026-11-17","","","17:45","18:30","","","","","","","","会館分完売","","","","","会館分は全て販売済み。引取り期限内に引取りがなかった分を再販売する場合のみ公式サイトで告知(再販がなければ告知なし)","","","","https://www.hanyu-bunka.jp/organize/detail.html?id=4823","36.1661","139.5488","デビュー50周年の松山千春が、39年振りに羽生市産業文化ホールに登場するツアー公演。友の会先行は10/3 10:00の電話予約のみで、一般発売は10/10から。予定枚数に達し次第終了する。","羽生市産業文化ホール取り扱い分は予定枚数終了。友の会先行は10/2 17:30までの令和8年度友の会入会が必要・電話のみ","","","",""
"85","","川口リリア リオープン記念公演 ツォトネ・ゼジニゼ ピアノ・リサイタル","","ツォトネ・ゼジニゼ","classical","classic","埼玉県・川口市","川口総合文化センター リリア","","saitama","2026-11-07","2026-11-07","","","14:30","15:00","","","","","","","","一般発売","2026-08-08","","","","","","","","https://lilia.or.jp/event/3673","35.8010","139.7165","川口リリアのリオープン記念公演のひとつ、ツォトネ・ゼジニゼのピアノ・リサイタル。山伸サステインホール(音楽ホール)で開かれ、メンバーズ先行は8/7、前売は8/8に始まった。","未就学児入場不可。車椅子席はリリア・チケットセンターのみ。出演者・曲目は変更の場合あり","","","",""
"86","","川口リリア リオープン記念公演 前橋汀子 ヴィヴァルディ『四季』&珠玉の名曲集","","前橋汀子|森下幸路|山下洋一","classical","classic","埼玉県・川口市","川口総合文化センター リリア","","saitama","2026-11-14","2026-11-14","","","14:30","15:00","","","","","","","","一般発売","2026-08-15","","","","","","","","https://lilia.or.jp/event/3679","35.8010","139.7165","ヴァイオリニスト前橋汀子がヴィヴァルディ『四季』と名曲集を届ける、川口リリアのリオープン記念公演。山伸サステインホール(音楽ホール)で開催し、メンバーズ先行は8/14、前売は8/15から。","未就学児入場不可。車椅子席はリリア・チケットセンターのみ。出演者・曲目は変更の場合あり","","","",""
"87","","MEYCHAN ONE-MAN LIVE 2026『MEGA WATT』 DAY1 ONE-MAN LIVE","めいちゃん","めいちゃん","anime","oneman","埼玉県・所沢市","ベルーナドーム","","saitama","2026-12-05","2026-12-05","","","15:00","17:00","","","","","","","","オフィシャル最終先行(抽選)","2026-09-01","19:00","2026-10-12","23:59","","","","","https://meychan.com/live/oneman_megawatt/","35.7694","139.4197","地元・埼玉のベルーナドームで開く、めいちゃん自身最大規模のワンマンライブ2daysの初日。最終先行は指定席のみの抽選で、当落発表は10/17 18:00。2日目は完売している。","最終先行は12/5公演の指定席のみ・お一人様4枚まで。当落発表10/17 18:00、入金10/17 18:00〜10/21 23:59。未就学児入場不可。特定興行入場券(転売禁止)。受付URL https://w.pia.jp/t/meychan2026/","","","",""
"88","","MEYCHAN ONE-MAN LIVE 2026『MEGA WATT』 DAY2 MEYCHAN FESTIVAL","めいちゃん","めいちゃん|浦島坂田船|Gero|まふまふ|りぶ","anime","event","埼玉県・所沢市","ベルーナドーム","","saitama","2026-12-06","2026-12-06","","","14:00","16:00","","","","","","","","SOLD OUT","","","","","","","","","https://meychan.com/live/oneman_megawatt/","35.7694","139.4197","めいちゃんのベルーナドーム2days最終日は、浦島坂田船・Gero・まふまふ・りぶをゲストに迎える「MEYCHAN FESTIVAL」。公式サイトでチケット完売と案内されている。","チケット完売。未就学児入場不可。特定興行入場券(転売禁止)","","","",""
"89","","第6回 EBiDAN大運動会『スポーツマンヒップ!』","","SUPER★DRAGON|ONE N' ONLY|BUDDiiS|ICEx|Lienel|iiONDO","idol","event","千葉県・船橋市","LaLa arena TOKYO-BAY","","chiba","2026-10-12","2026-10-12","","","16:30","17:30","","","","","","","","","","","","","","指定席 9,800円／ファミリー席 9,800円(税込)","公式サイト","https://ebidan.jp/feature/ebidansports_2026","https://ebidan.jp/feature/ebidansports_2026","35.6838","139.9897","EBiDAN所属の6グループが体育祭形式で競う恒例の運動会企画。2026年は体育の日の10/12にLaLa arena TOKYO-BAYで開催。公式で全席種SOLD OUTと告知されている。","3歳以上チケット必要。ファミリー席は各会員限定先行限定販売。出演者は予告なく変更の場合あり。チケット転売禁止","","","",""
"90","","BOYNEXTDOOR TOUR 'KNOCK ON Vol.2' IN JAPAN","","BOYNEXTDOOR","kpop","oneman","千葉県・船橋市","LaLa arena TOKYO-BAY","","chiba","2026-10-10","2026-10-11","","2026-10-10|2026-10-11","16:00","17:00","","10/10 開場16:00 開演17:00／10/11 開場14:00 開演15:00","","","","","","","","","","","","指定席 16,000円／注釈付き指定席 16,000円／ステージサイド体感席 14,500円／プレミアムシート(アップグレード) 27,000円(税込)","イープラス","https://eplus.jp/boynextdoor/","https://www.hybejapan-concert.com/statics/bnd_knock_on_vol2_in_japan","35.6838","139.9897","BOYNEXTDOORの日本ツアー千葉公演。神奈川・佐賀・大阪・宮城・長野に続くLaLa arena TOKYO-BAYでの2デイズで、注釈付き指定席とステージサイド体感席が設定される。","千葉公演は会場でMEMBERSHIP特典受取ブースを運営(9/29告知)。3歳以上要チケット、3歳未満入場不可。別途プレイガイド手数料。受付状況は公式で最終確認を","","","",""
"91","","リアルピース 4thワンマンライブ ～地図に無い場所～","","リアルピース","pop","oneman","千葉県・船橋市","LaLa arena TOKYO-BAY","","chiba","2026-11-03","2026-11-03","","","14:30","16:00","","","","","","","","","","","","","","要問合せ","イープラス","https://eplus.jp/sf/detail/4524190001-P0030001?P6=001&P1=0402&P59=1","https://realpiece-4thlive.jp/","35.6838","139.9897","リアルピースが祝日の11/3にLaLa arena TOKYO-BAYで開く4thワンマン。9/19から一般販売が始まりSS席・S席は完売、A席のみ。会場限定のソロポスターや応援グッズも告知されている。","イープラス・ローソンチケット・チケットぴあで一般販売。予定枚数に達し次第終了","","","",""
"92","","ILLIT LIVE 'PRESS START❤' ENCORE in JAPAN","","ILLIT","kpop","oneman","千葉県・船橋市","LaLa arena TOKYO-BAY","","chiba","2026-12-23","2026-12-27","","2026-12-23|2026-12-24|2026-12-26|2026-12-27","17:00","18:30","","12/23・24 開場17:00 開演18:30／12/26・27 開場15:30 開演17:00","","","","","","","","","","","","指定席 15,000円／スタンド着席指定席 15,000円／注釈付き指定席(12/26・27限定) 15,000円／VIP席 26,000円(GLLIT Membership限定)(税込)","公式サイト","https://www.hybejapan.events/illit/press_start_encore","https://www.hybejapan.events/illit/press_start_encore","35.6838","139.9897","ILLITの日本アンコール公演。クリスマスをはさむ12/23〜27の4公演をLaLa arena TOKYO-BAYで開催。VIP席はサウンドチェック参加つきで、注釈付き指定席は最終2日のみ設定される。","3歳以上要チケット、3歳未満入場不可。別途プレイガイド手数料。公式掲載の全受付(会員先行・ローチケ先行・9/19先着)が受付終了表示。以降の受付は公式で確認","","","",""
"93","","K*Pop Masterz Presents 2NE1 & TEN SPECIAL LIVE in JAPAN 2026","","2NE1|TEN","kpop","oneman","千葉県・船橋市","LaLa arena TOKYO-BAY","","chiba","2026-12-08","2026-12-09","","2026-12-08|2026-12-09","17:30","19:00","","","","","","","","","","","","","","VIP席(SS席からのアップグレード) 49,500円／SS席 29,600円／スタンド最前列席 29,600円／一般A席 17,600円／一般B席 11,000円(税込)","公式サイト","https://2ne1-ten.official-japan.com/","https://2ne1-ten.official-japan.com/","35.6838","139.9897","2NE1とNCT・WayVのTENによる日本での特別共演ライブ。12/8・9の2公演をLaLa arena TOKYO-BAYで開催し、SS席とVIP席にはお見送り会参加の特典がつく。","全席指定、小学生以上チケット必要、未就学児は膝上のみ。プレイガイド統一先行の当選発表は10/9、支払いはクレジットカードのみ。再入場不可","","","",""
"94","","NEO EXILE SPECIAL LIVE 2026","","LIL LEAGUE|KID PHENOMENON|THE JET BOY BANGERZ|WOLF HOWL HARMONY","dance|pop","event","千葉県・船橋市","LaLa arena TOKYO-BAY","","chiba","2026-12-30","2026-12-31","","2026-12-30|2026-12-31","17:00","18:00","","12/30 開場17:00 開演18:00／12/31 開場16:00 開演17:00","","","","","","","","","","","","全席指定 13,200円／プレミアムチケット 19,800円／プレミアムチケット(オリジナルグッズ付き) 26,400円(税込)","公式サイト","https://www.ldh-liveschedule.jp/sys/tour/45550/","https://www.ldh-liveschedule.jp/sys/tour/45550/","35.6838","139.9897","LDHの新世代4グループが2021年の結成から5年を経て再集結する年末ライブ。12/30・31の2公演をLaLa arena TOKYO-BAYで開催し、プレミアムチケットは前方保証と専用入場レーンがつく。","6歳以上有料、5歳以下入場不可。プレミアムチケットはリセール対象外。実施中の先行で多数のエントリーがあった公演は以降の受付対象外となる場合あり","","","",""
"95","","UVERworld LIVE 2026 at LaLa arena TOKYO-BAY","","UVERworld|LUNA SEA|CNBLUE","rock","event","千葉県・船橋市","LaLa arena TOKYO-BAY","","chiba","2026-11-25","2026-11-26","","2026-11-25|2026-11-26","17:30","18:30","","11/25 UVERworld & LUNA SEA／11/26 UVERworld & CNBLUE","","","","","","","","","","","","全席指定 12,800円(税込)","チケットぴあ","https://www.uverworld.jp/news/detail/3202","https://www.uverworld.jp/","35.6838","139.9897","UVERworldが2日間それぞれ別のゲストを迎える対バン形式のライブ。11/25はLUNA SEA、11/26はCNBLUEを迎えてLaLa arena TOKYO-BAYで開催する。","小学生以上有料、未就学児入場不可。FC(NSW)先行は1次・2次とも受付終了。以降の受付は公式で確認","","","",""
"96","","TRIANGLE 2027 関東公演","","","rock|pop","fes","千葉県・船橋市","LaLa arena TOKYO-BAY","","chiba","2027-07-31","2027-08-01","","2027-07-31|2027-08-01","","","","","","","","","","オフィシャル最速先行","2026-09-25","18:00","2026-10-22","23:59","","要問合せ","公式サイト","https://triangle-official.jp/","https://triangle-official.jp/","35.6838","139.9897","福岡発の人気ロックフェスTRIANGLEの関東初上陸公演。2027年7/31・8/1の2日間をLaLa arena TOKYO-BAYで開催する。出演者は公式サイトで未掲載。","","","","",""
"97","","五木ひろし・由紀さおり レジェンドコンサート","","五木ひろし|由紀さおり|ベイビーブー","pop","oneman","千葉県・市川市","市川市文化会館","","chiba","2027-02-08","2027-02-08","","","13:30","14:00","","","","","","2026-09-25","","","","","","","","全席指定 11,000円(税込)","市川市文化振興財団","https://www.tekona.net/bunkakaikan/event/18819/","https://www.tekona.net/bunkakaikan/event/18819/","35.7231","139.9269","歌謡界の五木ひろしと由紀さおりが共演するレジェンドコンサート。市川市文化会館大ホールで2027年2月8日に開催され、ゲストにベイビーブーが出演する。","未就学児入場不可。発売初日は特別電話(10:00〜)かWEBのみの受付で店頭販売なし。サンクスシートの取り扱いなし","","","",""
"98","","松井秀太郎 CONCERT HALL LIVE 2027 “ANCHOR”","","松井秀太郎|壷阪健登|小川晋平|きたいくにと","jazz","oneman","千葉県・市川市","市川市文化会館","","chiba","2027-01-08","2027-01-08","","","18:30","19:00","","","","","","2026-10-01","","","","","","","","全席指定 7,000円(税込・ローズメンバーズ500円引)","市川市文化振興財団","https://www.tekona.net/bunkakaikan/event/18925/","https://www.tekona.net/bunkakaikan/event/18925/","35.7231","139.9269","ジャズ界の新星・松井秀太郎のカルテットによるホールライブ。市川市文化会館小ホールで2027年1月8日に開催する。壷阪健登(p)、小川晋平(b)、きたいくにと(ds)が共演する。","未就学児入場不可。車椅子の方は購入前にチケットスペースへ電話連絡。発売初日の店頭販売なし","","","",""
"99","","家族の週間 ファミリーコンサート","","浦野美香|疋田未都|山本菜摘","classical","classic","千葉県・市川市","行徳文化ホールI＆I","","chiba","2026-11-18","2026-11-18","","","10:30","11:00","11:45","","","","","","","","","","","","","全席自由 600円(未就学児膝上無料・座席が必要な場合は要チケット)","市川市文化振興財団","https://www.tekona.net/gyotoku/event/18308/","https://www.tekona.net/gyotoku/event/18308/","35.6862","139.9166","赤ちゃんから家族みんなで楽しめる45分のクラシックコンサート。メゾソプラノ、フルート、ピアノが『カルメン』のハバネラなどを披露し、泣いても動いても大丈夫で出入り自由。","出入り自由。ベビーカー置き場・授乳スペースあり。発売初日は10:00店頭、電話予約は15:00から。曲目は当日変更の場合あり","","","",""
"100","","千葉交響楽団 特別演奏会 名曲コンサートin行徳 2つの四季","","千葉交響楽団","classical","classic","千葉県・市川市","行徳文化ホールI＆I","","chiba","2027-02-27","2027-02-27","","","13:15","14:00","","","","","","2026-09-18","","","","","","","","全席指定 一般4,000円／高校生以下1,000円(税込)","市川市文化振興財団","https://www.tekona.net/gyotoku/event/18902/","https://www.tekona.net/gyotoku/event/18902/","35.6862","139.9166","千葉交響楽団が行徳文化ホールI&Iで開く名曲コンサート。タイトルの「2つの四季」が示すとおり四季にちなむ曲目を取り上げる特別演奏会で、2027年2月27日に開催。","発売初日は特別電話かWEBのみ(10:00〜)で店頭販売なし。65歳以上・大学生料金の取り扱いなし","","","",""
"101","","江崎文武 2026 JAPAN TOUR 千葉公演","","江崎文武","jazz|pop","oneman","千葉県・千葉市中央区","千葉県文化会館","","chiba","2026-10-23","2026-10-23","","","","","","","","","","","","","","","","","","5,800円","公式サイト","https://www.cbs.or.jp/chiba/events/20261023","https://www.cbs.or.jp/chiba/events/20261023","35.6032","140.1271","ピアニスト・江崎文武の全国ツアー千葉公演。千葉県文化会館の小ホールで2026年10月23日に開催され、主催はHOT STAFF PROMOTION。","会場サイトの時間表記は19:00(開場か開演かは公式で最終確認を)。受付状況は会場ページに記載なし","","","",""
"102","","ゴスペラーズ坂ツアー2026 “UNIVERSOUL”","ごすぺらーず","ゴスペラーズ","pop","oneman","千葉県・千葉市中央区","千葉県文化会館","","chiba","2026-10-24","2026-10-24","","","","","","","","","","","","","","","","","","9,000円","公式サイト","https://www.cbs.or.jp/chiba/events/20261024-3","https://www.cbs.or.jp/chiba/events/20261024-3","35.6032","140.1271","ゴスペラーズの全国ツアー『坂ツアー2026 UNIVERSOUL』の千葉公演。千葉県文化会館の大ホールで2026年10月24日に開催され、問い合わせ先はディスクガレージ。","会場サイトの時間表記は17:00(開場か開演かは公式で最終確認を)。受付状況は会場ページに記載なし","","","",""
"103","","東総の第九2026 演奏会","","山下一史|千葉交響楽団|ちば県民合唱団","classical","classic","千葉県・旭市","千葉県東総文化会館","","chiba","2026-12-27","2026-12-27","","","","14:00","","","","","","","","","","","","","","全席自由 一般3,000円／U-30 1,500円／小中高生500円","公式サイト","https://www.cbs.or.jp/toso/events/20261227","https://www.cbs.or.jp/toso/events/20261227","35.7133","140.6489","東総文化会館35周年記念、6年ぶりの『東総の第九』。山下一史の指揮で千葉交響楽団とちば県民合唱団がベートーヴェンの交響曲第九番を演奏する。","未就学児入場不可。県民芸術劇場公演。受付状況は会場ページに記載なし","","","",""
"104","","dustbox presents KOSHIROCK GALAXY 2026","","dustbox|HAWAIIAN6|w.o.d.|10-FEET|SHADOWS|ENTH|STOMPIN'BIRD|KUZIRA|山嵐|MEANING","rock","fes","東京都・江東区","豊洲PIT","","tokyo","2026-10-10","2026-10-10","","","14:15","15:00","","","","","","","","一般発売","2026-08-29","","","","","オールスタンディング 6,600円(ドリンク代別)／2日通し券 12,000円(各日ドリンク代別)","チケットぴあ","https://toyosu.pia-pit.jp/schedule/202606/8577.html","https://www.web-dustbox.com/","35.6486","139.7986","dustbox主催の2日間フェス初日。HAWAIIAN6、w.o.d.、10-FEET、SHADOWS、ENTH、STOMPIN'BIRD、KUZIRA、山嵐、MEANINGがゲスト出演。豊洲PITで開場14:15・開演15:00のオールスタンディング。","未就学児入場不可(小学生以上チケット必要)。2日通し券あり。","","新交通ゆりかもめ「新豊洲駅」（徒歩3分）／東京メトロ有楽町線「豊洲駅」（徒歩12分）","","koshirock-2026"
"105","","dustbox presents KOSHIROCK GALAXY 2026","","dustbox|locofrank|ROTTENGRAFFTY|しけもくロッカーズ|TOTALFAT|SHANK|FRONTIER BACKYARD|バックドロップシンデレラ|Dizzy Sunfist|Wienners","rock","fes","東京都・江東区","豊洲PIT","","tokyo","2026-10-11","2026-10-11","","","13:15","14:00","","","","","","","","一般発売","2026-08-29","","","","","オールスタンディング 6,600円(ドリンク代別)／2日通し券 12,000円(各日ドリンク代別)","チケットぴあ","https://toyosu.pia-pit.jp/schedule/202606/8581.html","https://www.web-dustbox.com/","35.6486","139.7986","dustbox主催の2日間フェス2日目。locofrank、ROTTENGRAFFTY、TOTALFAT、SHANK、バックドロップシンデレラ、Wienners等がゲスト出演。豊洲PITで開場13:15・開演14:00のオールスタンディング。","BRAHMANは出演キャンセル。未就学児入場不可(小学生以上チケット必要)。2日通し券あり。","","新交通ゆりかもめ「新豊洲駅」（徒歩3分）／東京メトロ有楽町線「豊洲駅」（徒歩12分）","","koshirock-2026-d2"
"106","","MAGIC HOUR FESTIVAL Survive Said The Prophet","","Survive Said The Prophet|ACIDMAN|muque|9mm Parabellum Bullet|knosis","rock","event","東京都・江東区","豊洲PIT","","tokyo","2026-12-26","2026-12-26","","","14:00","15:00","","","","","","","","","","","","","","SABA CULTチケット 10,000円／SABA CULT U-22 8,000円／通常 9,000円／U-22 7,000円(税込・別途ドリンク代・整理番号付き)","イープラス","https://toyosu.pia-pit.jp/schedule/202609/8815.html","https://survivesaidtheprophet.com/","35.6486","139.7986","Survive Said The Prophet主催のイベント。ゲストにACIDMAN、muque、9mm Parabellum Bullet、knosisを迎える豊洲PIT公演で、U-22割引券種がある。","お一人様2枚まで。U-22は身分証提示必須。","","新交通ゆりかもめ「新豊洲駅」（徒歩3分）／東京メトロ有楽町線「豊洲駅」（徒歩12分）","",""
"107","","Dannie May TOUR 2026「YOKAI」","","Dannie May","rock","oneman","東京都・江東区","Zepp DiverCity(TOKYO)","","tokyo","2026-10-09","2026-10-09","","","18:00","19:00","","","","","","","","","","","","","","1Fスタンディング 4,800円／2F指定 4,800円(ドリンク代別)","Zepp DiverCity公式サイト","https://www.zepp.co.jp/hall/divercity/schedule/single/?rid=159533","","35.6250","139.7756","Dannie Mayのツアー『YOKAI』のZepp DiverCity公演。1Fスタンディングと2F指定を同額で用意したワンマンで、金曜の夜に開催される。","","","","",""
"108","","松本美和子 デビュー60周年記念リサイタル 音を紡ぐ～懐かしい歌、癒しの歌","","松本美和子|椎野伸一","classical","classic","東京都・渋谷区","Hakuju Hall","","tokyo","2026-11-17","2026-11-17","","","18:00","18:30","","","","","","","","発売中","","","","","","全席指定 5,500円(税込)","Hakuju Hall公式サイト","https://hakujuhall.jp/concerts/detail/4597","https://hakujuhall.jp/concerts/detail/4597","35.6674","139.6902","日本声楽界を代表するソプラノ松本美和子のデビュー60周年記念リサイタル。ピアノの椎野伸一とともに、懐かしい歌や癒しの歌を届ける。","","","","",""
"109","","ヴィオラ・コレクション vol.3","","村上淳一郎|田原綾子|山本周|伊東裕|津田裕也","classical","classic","東京都・渋谷区","Hakuju Hall","","tokyo","2026-11-20","2026-11-20","","","18:30","19:00","","","","","","","","","","","","","","全席指定 5,500円(税込)","Hakuju Hall公式サイト","https://hakujuhall.jp/concerts/detail/4598","https://hakujuhall.jp/concerts/detail/4598","35.6674","139.6902","NHK交響楽団首席ヴィオラ奏者の村上淳一郎とともにヴィオラの魅力を紹介するシリーズの第3回。田原綾子、山本周らヴィオラ奏者にチェロとピアノが加わる。","","","","",""
"110","","Christmas with ROLLY! 2026","","ROLLY|阿部篤志|THE YARA","rock|pop","event","東京都・多摩市","パルテノン多摩","","tokyo","2026-12-17","2026-12-17","","","17:00","17:30","","","","","","","","一般発売","2026-09-27","10:00","","","","全席指定 6,800円(税込)","パルテノン多摩公式サイト","https://www.parthenon.or.jp/event/202612christmas/","https://www.parthenon.or.jp/event/202612christmas/","35.6217","139.4263","毎年完売の定番クリスマス公演。ROLLYとピアニスト阿部篤志に、17日はゲストのTHE YARAが加わる。5年連続5度目で初の平日夜公演となる。","未就学児入場不可。パルテノン多摩先行予約会員は9/21 10:00〜9/26 22:00。小ホール。車椅子席は公演2日前まで電話予約のみ。チケットぴあ(Pコード336-642)・イープラスでも販売。","","","",""
"111","","Christmas with ROLLY! 2026","","ROLLY|阿部篤志|岡田浩暉","rock|pop","event","東京都・多摩市","パルテノン多摩","","tokyo","2026-12-18","2026-12-18","","","18:00","18:30","","","","","","","","一般発売","2026-09-27","10:00","","","","全席指定 6,800円(税込)","パルテノン多摩公式サイト","https://www.parthenon.or.jp/event/202612christmas/","https://www.parthenon.or.jp/event/202612christmas/","35.6217","139.4263","毎年完売の定番クリスマス公演。ROLLYとピアニスト阿部篤志に、18日はゲストの岡田浩暉が加わる。5年連続5度目で初の平日夜公演となる。","未就学児入場不可。パルテノン多摩先行予約会員は9/21 10:00〜9/26 22:00。小ホール。車椅子席は公演2日前まで電話予約のみ。チケットぴあ(Pコード336-642)・イープラスでも販売。","","","",""
"112","","時速36km presents “市民薄明” Tour","","時速36km","rock","oneman","東京都・渋谷区","Spotify O-EAST","","tokyo","2026-10-09","2026-10-09","","","18:00","19:00","","","","","","","","","","","","","","5,000円(税込・1ドリンクチャージ別)","Spotify O-EAST公式サイト","https://shibuya-o.com/east/schedule/%e6%99%82%e9%80%9f36km-presents-%e5%b8%82%e6%b0%91%e8%96%84%e6%98%8e-tour/","","35.6583","139.6969","時速36kmのツアー『市民薄明』のO-EAST公演。CD封入先行から抽選先行を重ねてきた公演で、一般発売はイープラスとぴあで10月8日18時まで受け付ける。","未就学児入場不可。お申し込みは1人4枚まで。","","","",""
"113","","Cö shu Nie JAPAN TOUR 2026 〜SATURATED IN MONOCHROME〜","","Cö shu Nie","rock","oneman","東京都・渋谷区","Spotify O-EAST","","tokyo","2026-10-15","2026-10-15","","","18:30","19:30","","","","","","","","","","","","","","スタンディング 7,700円／VIPスタンディング 24,200円(税込・1ドリンクチャージ別)","Spotify O-EAST公式サイト","https://shibuya-o.com/east/schedule/co-shu-nie-japan-tour-2026-%e3%80%9csaturated-in-monochrome%e3%80%9c/","https://coshunie.jp/","35.6583","139.6969","Cö shu Nieの全国ツアー『SATURATED IN MONOCHROME』のO-EAST公演。VIPは優先入場やリハーサル見学、グループ撮影などの特典が付く。","6歳以上有料、未就学児入場不可。会場ページの一般発売は『7月上旬予定』との記載のみ。","","","",""
"114","","QWER 2nd TOUR ROCKATION : ROCKET LAUNCH!!","","QWER","kpop","oneman","東京都・渋谷区","Spotify O-EAST","","tokyo","2026-10-17","2026-10-17","","","17:00","18:00","","","","","","","","","","","","","","通常スタンディング 13,000円／2F着席指定席 15,000円／VIPチケット 20,000円(税込・1ドリンクチャージ別)","Spotify O-EAST公式サイト","https://shibuya-o.com/east/schedule/qwer-2nd-tour-rockation-rocket-launch/","","35.6583","139.6969","韓国のガールズバンドQWERによる2ndツアーのO-EAST公演。一般販売は9月19日にイープラス、ぴあ、ローチケで開始されている。","未就学児入場不可(小学生以上チケット必要)。","","","",""
"115","","YĪN YĪN","","YĪN YĪN","rock|jazz","oneman","東京都・渋谷区","Spotify O-EAST","","tokyo","2026-10-16","2026-10-16","","","18:00","19:00","","","","","","","","","","","","","","6,500円(税込・1ドリンクチャージ別)","Spotify O-EAST公式サイト","https://shibuya-o.com/east/schedule/yin-yin/","","35.6583","139.6969","オランダ発のサイケデリック・ファンクバンドYĪN YĪNが、新作を携えて2年ぶりに来日するO-EAST公演。1ドリンクチャージ別のスタンディング。","お一人様4枚まで。未就学児入場不可。","","","",""
"116","","橋本絵莉子 OVER LIFE Tour 2026","","橋本絵莉子","rock","oneman","東京都・渋谷区","Spotify O-EAST","","tokyo","2026-10-18","2026-10-18","","","16:00","17:00","","","","","","","","","","","","","","6,900円(税込・1ドリンクチャージ別)","Spotify O-EAST公式サイト","https://shibuya-o.com/east/schedule/%e6%a9%8b%e6%9c%ac%e7%b5%b5%e8%8e%89%e5%ad%90-over-life-tour-2026/","https://hashimotoeriko.com/","35.6583","139.6969","橋本絵莉子のツアー『OVER LIFE』のO-EAST公演。一般発売はイープラス、ぴあ、ローチケで10月17日18時まで受け付ける。","小学生以上チケット必要、未就学児入場不可。","","","",""
"117","","JACK LION FES 2026 ~Save the Jack Lion~","","オメでたい頭で何より|氣志團|コレサワ|山内総一郎|ラックライフ","rock","event","東京都・渋谷区","Spotify O-EAST","","tokyo","2026-10-19","2026-10-19","","","16:00","17:00","","","","","","","","","","","","","","SOLD OUT 8,000円／SOLD OUT 12,000円(券種は会場ページ参照)","Spotify O-EAST公式サイト","https://shibuya-o.com/east/schedule/jack-lion-fes-2026-save-the-jack-lion/","","35.6583","139.6969","オメでたい頭で何より、氣志團、コレサワ、山内総一郎、ラックライフが集うO-EASTのイベント。会場ページで全券種がSOLD OUT表示になっている。","","","","",""
"118","","SUNNY DAY SERVICE TOUR 2026","","サニーデイ・サービス","rock","oneman","東京都・渋谷区","Spotify O-EAST","","tokyo","2026-10-14","2026-10-14","","","17:00","18:00","","","","","","","","","","","","","","4,500円(SOLD OUT・税込・1ドリンクチャージ別)","Spotify O-EAST公式サイト","https://shibuya-o.com/east/schedule/sunny-day-service-tour-2026/","","35.6583","139.6969","サニーデイ・サービスの全国ツアーのO-EAST公演。会場ページはSOLD OUT表示で、オフィシャル先行(抽選)と一般発売(先着)を経て完売している。","","","","",""
"119","","DEARSTAGE SHOWCASE 2026 AUTUMN","","花宮ハナ|B≡FULLEST|蛭田愛梨|藤咲彩音|ミームトーキョー","idol","event","東京都・渋谷区","Spotify O-EAST","","tokyo","2026-10-22","2026-10-22","","","17:00","18:00","","","","","","","","","","","","","","7,000円(税込・1ドリンクチャージ別)","Spotify O-EAST公式サイト","https://shibuya-o.com/east/schedule/dearstage-showcase-2026-autumn-supported-by-ja%e3%82%bf%e3%82%a6%e3%83%b3/","","35.6583","139.6969","DEARSTAGE所属のアイドルが集うショーケースイベントのO-EAST公演。花宮ハナやB≡FULLESTなどが出演し、オープニングアクトも登場する。","未就学児入場不可。転売・譲渡禁止、入場時にIDチェックの場合あり。","","","",""
"120","","NOA Special Live『CLEAN+NOISE=』","","NOA","pop","oneman","東京都・渋谷区","Spotify O-EAST","","tokyo","2026-10-23","2026-10-23","","","17:00","18:00","","","","","","","","","","","","","","一般チケット 7,700円／NOANA盤購入者チケット 5,500円(税込・1ドリンクチャージ別)","Spotify O-EAST公式サイト","https://shibuya-o.com/east/schedule/noa-special-live%e3%80%8ecleannoise%e3%80%8f/","","35.6583","139.6969","NOAのスペシャルライブ『CLEAN+NOISE=』のO-EAST公演。NOANA盤購入者向けの割安なチケットと一般チケットの2種類がある電子チケット公演。","未就学児入場不可。電子チケットのみ。先行情報は公式サイト参照。","","","",""
"121","","Guiano Split Tour 2026 ―私の心に、あなたがいた―","","Guiano|カンザキイオリ","anime","event","東京都・渋谷区","Spotify O-EAST","","tokyo","2026-10-30","2026-10-30","","","18:00","19:00","","","","","","","","","","","","","","5,800円(税込・1ドリンクチャージ別)","Spotify O-EAST公式サイト","https://shibuya-o.com/east/schedule/guiano-split-tour-2026/","","35.6583","139.6969","GuianoとカンザキイオリによるスプリットツアーのO-EAST公演。チケットは全て電子チケットで、購入後のキャンセルや払い戻しはできない。","未就学児入場不可。電子チケットのみ。","","","",""
"122","","前衛懐古主義 part 5.0 東京編","","cinema staff","rock","event","東京都・渋谷区","Spotify O-EAST","","tokyo","2026-10-11","2026-10-11","","","17:00","18:00","","","","","","","","","","","","","","5,500円(税込・1ドリンクチャージ別)","Spotify O-EAST公式サイト","https://shibuya-o.com/east/schedule/cinema-staff_%e5%89%8d%e8%a1%9b%e6%87%90%e5%8f%a4%e4%b8%bb%e7%be%a9-part-5-0-%e6%9d%b1%e4%ba%ac%e7%b7%a8/","","35.6583","139.6969","cinema staffが主催する対バン企画『前衛懐古主義』の第5弾、東京編のO-EAST公演。小学生以上はチケットが必要。","未就学児童入場不可。","","","",""
"123","","THE ARGUMENT -Beginning to see the light-","","envy|MONO|AMENRA|Crystal Lake|kanekoayano|PALM|toe|pageninetynine","rock","event","東京都・渋谷区","Spotify O-EAST","","tokyo","2026-10-25","2026-10-25","","","12:00","13:00","","","","","","","","","","","","","","一般 12,900円／学生 7,900円／VIP 25,000円(税込・1ドリンクチャージ別)","Spotify O-EAST公式サイト","https://shibuya-o.com/east/schedule/the-argument/","https://selebro.co.jp/argument/","35.6583","139.6969","envy、MONO、AMENRA、toeなどポストロック・ハードコア勢が集うO-EASTとO-WESTの2会場開催イベント。VIPは2階席案内や限定グッズ付き。","Spotify O-EAST / Spotify O-WEST の2会場開催。","","","",""
"124","","安達由美リサイタルvol.2～バラ色の人生～","","安達由美","pop","oneman","茨城県・水戸市","ザ・ヒロサワ・シティ会館","","ibaraki","2026-10-18","2026-10-18","","","15:00","16:00","","","","","","","","発売中","","","","","","全席自由 前売4,500円／当日5,000円","ザ・ヒロサワ・シティ会館","http://www.ibarakiken-bunkacenter.com/event/20261018-02.html","","36.3708","140.4497","安達由美のリサイタル第2弾で、副題は「バラ色の人生」。ザ・ヒロサワ・シティ会館の小ホールで開く全席自由の公演。前売券は会館窓口のみの販売で、当日券は5,000円。","前売券は会館窓口のみ10:00-17:00","","","",""
"125","","稲葉浩志 Koshi Inaba ～enV～","","稲葉浩志","rock","oneman","茨城県・水戸市","ザ・ヒロサワ・シティ会館","","ibaraki","2026-10-18","2026-10-18","","","16:00","17:00","","","","","","","","","","","","","","要問合せ","ザ・ヒロサワ・シティ会館","http://www.ibarakiken-bunkacenter.com/event/20261018.html","","36.3708","140.4497","B'zのボーカル稲葉浩志のソロツアー「enV」の茨城公演。水戸のザ・ヒロサワ・シティ会館大ホールで開催。会館ではチケットを取り扱わず、主催のLive Nation H.I.P.に問い合わせる形になる。","当館チケット取扱い無し。問合せはLive Nation H.I.P.","","","",""
"126","","ミュージカル「ALICE ～不思議の国のアリスより～」","","","other","event","茨城県・水戸市","ザ・ヒロサワ・シティ会館","","ibaraki","2026-11-01","2026-11-01","","","17:30","18:30","","","","","","","","発売中","2026-08-08","12:00","","","","全席指定 S席11,000円／A席9,000円（友の会 S席10,500円／A席8,500円）","ザ・ヒロサワ・シティ会館","http://www.ibarakiken-bunkacenter.com/event/20261101.html","","36.3708","140.4497","不思議の国のアリスを題材にしたミュージカル公演。ヒロサワ・シティ会館大ホールで夜公演を1回行う。チケットはぴあ、ローソンチケット、イープラスのほか会館窓口でも扱い、友の会会員は割引がある。","車椅子利用はS席購入のうえキョードー東京チケットセンターへ連絡","","","",""
"127","","最強!!歌マネLIVE in 水戸 荒牧陽子×松浦航大","","荒牧陽子|松浦航大","pop","oneman","茨城県・水戸市","ザ・ヒロサワ・シティ会館","","ibaraki","2026-11-23","2026-11-23","","","13:30","14:00","","","","","","","","一般発売","2026-07-25","","","","","全席指定 一般5,500円／友の会割引5,200円","ザ・ヒロサワ・シティ会館","http://www.ibarakiken-bunkacenter.com/event/20261123.html","","36.3708","140.4497","荒牧陽子と松浦航大による歌マネライブの水戸公演。祝日の昼に大ホールで開催する。友の会先行は7月18日、一般発売は7月25日に始まっており、ぴあ・ローチケ・イープラスでも購入できる。","未就学児入場不可","","","",""
"128","","石崎ひゅーい TOUR 2026-2027 -City Lights-","","石崎ひゅーい","pop","oneman","茨城県・水戸市","ザ・ヒロサワ・シティ会館","","ibaraki","2026-12-04","2026-12-04","","","17:00","18:00","","","","","","","","一般発売","2026-10-02","","","","","全席指定 一般7,500円／学生5,500円","ザ・ヒロサワ・シティ会館","http://www.ibarakiken-bunkacenter.com/event/20261204.html","","36.3708","140.4497","石崎ひゅーいのツアー「City Lights」の水戸公演。小ホールでの開催で、会館の案内ではチケットは調整中。学生料金を設定しており、入場時に学生証などの提示が必要。問合せはDISKGARAGE。","当館チケット取扱い無し（ぴあ・ローソン・イープラスで販売）。未就学児入場不可","","","",""
"129","","松平健 マツケンサンバコンサート2026","","松平健","pop","oneman","茨城県・水戸市","ザ・ヒロサワ・シティ会館","","ibaraki","2026-12-19","2026-12-19","","","12:30","13:00","","昼夜2回公演（2回目は開場15:30・開演16:00）","","","","","","一般発売","2026-08-28","","","","","全席指定 前売一般7,700円／友の会7,200円／サンクス(70歳以上)2,000円","ザ・ヒロサワ・シティ会館","http://www.ibarakiken-bunkacenter.com/event/20261219.html","","36.3708","140.4497","松平健によるマツケンサンバのコンサートで、12月19日に大ホールで昼夜2回公演。友の会先行は8月22日、一般発売は8月28日に始まっている。70歳以上は2,000円のサンクス料金がある。","未就学児入場不可","","","",""
"130","","第四回北関東ダブルツアー ◆2026・秋◆","","柳家睦とラットボーンズ|gyouninven|EXPERIENCE|Apo|MUTSUFITS","rock","event","栃木県・宇都宮市","宇都宮HEAVEN'S ROCK VJ-2","","tochigi","2026-10-11","2026-10-11","","","17:00","18:00","","","","","","","","発売中","2026-09-03","","","","","前売4,200円／当日4,700円（ドリンク代別600円）","公式サイト","https://www.heavensrock.com/utsunomiya/schedule/2026-10-11/","","36.5586","139.8869","北関東を回るダブルツアーの宇都宮公演。柳家睦とラットボーンズやMUTSUFITSらパンク系5組が出演する。","予約はGoogleフォーム","","","",""
"131","","Someday's Gone presents INDIE MANNERS COLLECTIVE'26","","Someday's Gone|FRONTIER BACKYARD|big the grape|NUDGE'EM ALL|KONCOS|MAGIC OF LiFE|KAME|スーパーアイラブユー","rock","fes","栃木県・宇都宮市","宇都宮HEAVEN'S ROCK VJ-2","","tochigi","2026-10-17","2026-10-17","","","11:30","12:00","","","","","","","","一般発売","2026-08-22","10:00","","","","前売4,900円／学割2,500円／当日5,400円（ドリンク代別600円）","イープラス","https://eplus.jp/sf/detail/4588940001-P0030001","","36.5586","139.8869","Someday's Goneが主催し、HEAVEN'S ROCK VJ-2と宇都宮HELLO DOLLYの2会場で行うサーキットイベント。学割は全学生対象。","学割は学生証提示。2会場のサーキット形式","","","",""
"132","","ZEROHZ LIVE TOUR 2026 ""ECLIPSE DOMINION""","","零[Hz]","idol","oneman","栃木県・宇都宮市","宇都宮HEAVEN'S ROCK VJ-2","","tochigi","2026-10-18","2026-10-18","","","17:00","17:30","","","","","","","","一般発売","2026-09-12","10:00","","","","前売5,500円／U-20 2,000円／当日6,000円（ドリンク代別600円）","公式サイト","https://www.heavensrock.com/utsunomiya/schedule/2026-10-18/","","36.5586","139.8869","零[Hz]のツアー宇都宮公演。U-20は2,000円で、A1〜A20は顔写真付き身分証での本人確認がある。","未就学児入場不可。U-20は年齢確認の身分証必須","","","",""
"133","","Laughing Hick ONEMAN TOUR 2026 ""DIAMOND LILY""","","Laughing Hick","rock","oneman","栃木県・宇都宮市","宇都宮HEAVEN'S ROCK VJ-2","","tochigi","2026-10-24","2026-10-24","","","17:30","18:00","","","","","","","","一般発売","2026-09-12","","","","","前売4,800円（ドリンク代別600円）","公式サイト","https://www.heavensrock.com/utsunomiya/schedule/2026-10-24/","https://laughinghick.com/","36.5586","139.8869","Laughing Hickのワンマンツアー宇都宮公演。整理番号順入場で、チケットぴあとイープラスで一般発売。","小学生以上有料","","","",""
"134","","reGretGirl ONEMAN TOUR 2026-2027 ""Fall in LOVE""","","reGretGirl","rock","oneman","栃木県・宇都宮市","宇都宮HEAVEN'S ROCK VJ-2","","tochigi","2026-10-25","2026-10-25","","","17:00","17:30","","","","","","","","一般発売","2026-08-15","","","","","前売4,800円（ドリンク代別600円）","チケットぴあ","https://t.pia.jp/pia/event/event.do?eventBundleCd=b2667696","https://www.regretgirl.com","36.5586","139.8869","reGretGirlのワンマンツアー2026-2027の宇都宮公演。ぴあとイープラスで販売。","ドリンク代別600円","","","",""
"135","","masayuki suzuki taste of martini tour 2026 Step123 season2 ""70 / 40th anniversary""","","鈴木雅之","pop","oneman","栃木県・宇都宮市","宇都宮市文化会館","","tochigi","2026-10-10","2026-10-10","","","17:00","18:00","","","","","","","","完売","2026-02-14","10:00","","","","全席指定 前売11,000円／当日11,550円","宇都宮市文化会館","https://www.bunkakaikan.com/organized/261010/index.html","","36.5661","139.8853","鈴木雅之の「taste of martini tour 2026」宇都宮公演で、70歳・デビュー40周年を掲げるシーズン2。大ホールで夜公演を行う。会館の案内ではすでに完売と表示されている。3歳以上はチケットが必要。","3歳未満入場不可","","","",""
"136","","東海東京フィナンシャル・グループ presents 葉加瀬太郎 コンサートツアー 2026 ～30th Anniversary～ THIS IS THIRTY","","葉加瀬太郎","classical","classic","栃木県・宇都宮市","宇都宮市文化会館","","tochigi","2026-10-29","2026-10-29","","","17:30","18:30","","","","","","","","完売","2026-08-02","","","","","全席指定 11,000円","宇都宮市文化会館","https://www.bunkakaikan.com/organized/261029/index.html","","36.5661","139.8853","ヴァイオリニスト葉加瀬太郎の30周年記念ツアー「THIS IS THIRTY」の宇都宮公演。大ホールで夜に開催し、8月2日の一般発売分は完売と案内されている。公演当日は臨時バスが運行予定。","4歳以下入場不可","","","",""
"137","","THE ALFEE Autumn Celebration 2026 Moonlight Rhapsody II","","THE ALFEE","rock","oneman","栃木県・宇都宮市","宇都宮市文化会館","","tochigi","2026-11-03","2026-11-03","","","16:30","17:30","","","","","","","","一般発売","2026-10-03","10:00","","","","全席指定 9,900円","チケットぴあ","https://www.bunkakaikan.com/organized/261103/index.html","https://arinowa.com/","36.5661","139.8853","THE ALFEEのツアー「Moonlight Rhapsody II」宇都宮公演。一般発売は明日10月3日の10時開始で、ぴあとイープラスのみの取り扱い。購入者と同行者の氏名確認がある特定興行入場券で、1人2枚まで。","未就学児入場不可。文化会館プレイガイドの取り扱いなし。1人2枚まで","","","",""
"138","","清塚信也 with NHK交響楽団メンバー ～カラフル・ミュージック・ツアー～2026","","清塚信也|NHK交響楽団メンバー","classical","classic","栃木県・宇都宮市","宇都宮市文化会館","","tochigi","2026-11-14","2026-11-14","","","13:00","14:00","","","","","","","","発売中","2026-06-11","10:00","","","","全席指定 S席9,800円／A席8,800円／B席7,800円","宇都宮市文化会館","https://www.bunkakaikan.com/organized/261114/index.html","","36.5661","139.8853","ピアニスト清塚信也がNHK交響楽団メンバーと回るツアーの宇都宮公演。クラシックの名曲からドラマのサントラ曲までをトークとともに演奏する。会館取扱い分は完売で、ぴあ等のプレイガイドで販売。","会館取扱い分は完売。ぴあ・ローチケ・イープラス等で購入可。未就学児入場不可","","","",""
"139","","リッカルド・ムーティ指揮 ウィーン・フィルハーモニー管弦楽団","","リッカルド・ムーティ|ウィーン・フィルハーモニー管弦楽団","classical","classic","群馬県・高崎市","高崎芸術劇場","","gunma","2026-11-03","2026-11-03","","","14:00","15:00","","","","","","","","予定枚数終了","","","","","","全席指定 S席35,000円／A席32,000円／B席28,000円／U-25席5,000円（抽選・終了）","高崎芸術劇場","https://www.takasaki-foundation.or.jp/theatre/concert_detail.php?key=2154","","36.3222","139.0117","ムーティ指揮のウィーン・フィルが高崎芸術劇場の大ホールで開く祝日の公演。大和証券グループ Presents。劇場の案内では予定枚数が終了しており、新規の購入はできない見込みで、キャンセル待ちや追加の案内を要確認。","チケットは予定枚数終了","","","",""
"140","","AZIZA featuring DAVE HOLLAND, CHRIS POTTER, LIONEL LOUEKE & ERIC HARLAND","","AZIZA|Dave Holland|Chris Potter|Lionel Loueke|Eric Harland","jazz","oneman","群馬県・高崎市","高崎芸術劇場","","gunma","2026-11-07","2026-11-07","","","16:15","17:00","","","","","","","","発売中","2026-07-04","12:00","","","","全席指定 7,000円（U-25 3,000円）","高崎芸術劇場","https://www.takasaki-foundation.or.jp/theatre/concert_detail.php?key=2372","","36.3222","139.0117","デイヴ・ホランドら4人によるスーパーバンドAZIZAの高崎公演。スタジオシアターでの開催で、同日に音楽ホールではビオンディのバロック公演も行われる。ジャズ好きの遠征向けの1夜。","料金は劇場ページの表から取得できず","","","",""
"141","","エマニュエル・パユ 無伴奏フルート・リサイタル","","エマニュエル・パユ","classical","classic","群馬県・高崎市","高崎芸術劇場","","gunma","2026-12-05","2026-12-05","","","13:30","14:00","","","","","","","","予定枚数終了","","","","","","全席指定 6,000円（U25 2,000円）","高崎芸術劇場","https://www.takasaki-foundation.or.jp/theatre/concert_detail.php?key=2148","","36.3222","139.0117","ベルリン・フィル首席を務めたフルート奏者パユによる無伴奏リサイタル。高崎芸術劇場の音楽ホールで開く。U25は2,000円の若者向け料金があり、チケットはチケットぴあなどで購入できる。","U25料金あり","","","",""
"142","","バッハ・コレギウム・ジャパン クリスマス・カンタータ","","バッハ・コレギウム・ジャパン","classical","classic","群馬県・高崎市","高崎芸術劇場","","gunma","2026-12-06","2026-12-06","","","14:30","15:00","","","","","","","","予定枚数終了","","","","","","全席指定 12,000円（U-25 4,000円）","高崎芸術劇場","https://www.takasaki-foundation.or.jp/theatre/concert_detail.php?key=2167","","36.3222","139.0117","バッハ・コレギウム・ジャパンが音楽ホールで贈るクリスマス・カンタータ。曲目は当初予定から変更されており、劇場ページに変更後の案内がある。U-25は4,000円で購入できる。","曲目は当初予定より変更","","","",""
"143","","GTシンフォニック・コンサート vol.5 下野竜也の『惑星』 レクチャー・コンサート","","群馬交響楽団|下野竜也","classical","classic","群馬県・高崎市","高崎芸術劇場","","gunma","2026-12-19","2026-12-19","","","13:00","14:00","","","","","","","","","","","","","","全席指定 S席5,000円（U-25 2,500円）／A席4,000円（U-25 2,000円）","高崎芸術劇場","https://www.takasaki-foundation.or.jp/theatre/concert_detail.php?key=2160","","36.3222","139.0117","群馬交響楽団と高崎芸術劇場による企画の第5回で、指揮者の下野竜也がホルスト『惑星』を解説を交えて演奏するレクチャー・コンサート。S席5,000円と手頃で、U-25割引もある。","","","","",""
"144","","民謡クルセイダーズ feat. 元ちとせ MINYO IS BACK IN TOWN 2026 at TAKASAKI CITY THEATRE","","民謡クルセイダーズ|元ちとせ","other","event","群馬県・高崎市","高崎芸術劇場","","gunma","2026-12-19","2026-12-19","","","16:15","17:00","","","","","","","","発売中","2026-09-05","12:00","","","","全席指定 5,800円（U-25 2,500円）","高崎芸術劇場","https://www.takasaki-foundation.or.jp/theatre/concert_detail.php?key=2403","","36.3222","139.0117","民謡をラテンやファンクに乗せる民謡クルセイダーズに元ちとせが加わる、新作『日本民謡より愛をこめて』のリリースライブ。スタジオシアターで夕方に開催する。","イープラス先行先着は8/27 18:00開始。高崎芸術劇場メンバーズは9/5 12:00","","","",""
"145","europe-2027","EUROPE THE FINAL COUNTDOWN 40TH ANNIVERSARY TOUR 東京追加公演","","EUROPE","rock","oneman","東京都・江東区","SGCホール有明","","tokyo","2027-01-17","2027-01-17","","","17:00","18:00","","","","","","2026-09-28","1","ウドー・メンバーズ先行(先着)","2026-10-01","12:00","2026-10-16","18:00","","S席 16,000円／A席 15,000円(税込)","ウドー音楽事務所","https://www.udo.jp/shows/Europe27","https://www.udo.jp/shows/Europe27","","","スウェーデンのロックバンドEUROPEが名盤『ファイナル・カウントダウン』発売40周年で来日。1月13日NHKホールに続き決まった東京の追加公演。一般発売は10月17日10時。","6歳未満入場不可。一般発売は2026-10-17 10:00(ウドー・メンバーズ/ぴあ/イープラス/ローソン)、受付は2027-01-17 18:00まで","","","",""
"146","europe-2027","EUROPE THE FINAL COUNTDOWN 40TH ANNIVERSARY TOUR 東京公演","","EUROPE","rock","oneman","東京都・渋谷区","NHKホール","","tokyo","2027-01-13","2027-01-13","","","18:00","19:00","","","","","","","","一般発売","2026-09-12","10:00","2027-01-13","19:00","","S席 16,000円／A席 15,000円(税込)","ウドー音楽事務所","https://www.udo.jp/shows/Europe27","https://www.udo.jp/shows/Europe27","35.6672","139.6975","アルバム『ファイナル・カウントダウン』発売40周年記念ツアーの東京公演。同ツアーで1月17日にSGCホール有明の追加公演が組まれている。","6歳未満入場不可。公式ニュース(2026-09-28)に東京公演即日完売の記載があるが、ウドーの公演ページの一般販売は2026-10-09時点で受付期間中表示","","","",""
"147","toto-2027","TOTO 50TH ANNIVERSARY TOUR 東京公演","","TOTO","rock","oneman","東京都・江東区","有明アリーナ","","tokyo","2027-03-23","2027-03-23","","","18:00","19:00","","","","","","2026-08-28","","","","","","","","S席 22,000円／A席 21,000円(税込)","ウドー音楽事務所","https://www.udo.jp/shows/TOTO27","https://www.udo.jp/shows/TOTO27","35.6434","139.7942","「ロザーナ」「アフリカ」で知られるTOTOの結成50周年を飾るベストヒット・ツアー。東京は有明アリーナ1公演。先行受付は10月2日18時で締切、一般発売は10月3日10時。","6歳未満入場不可。一般発売は2026-10-03 10:00(ウドー・メンバーズ/ぴあ/イープラス/ローソン)","","新豊洲駅（徒歩約8分）／有明テニスの森駅（徒歩約8分）","",""
"148","megadeth-2027","MEGADETH FAREWELL JAPAN TOUR 東京公演","","MEGADETH","rock","oneman","東京都・千代田区","日本武道館","","tokyo","2027-02-24","2027-02-24","","","18:00","19:00","","","","","","2026-08-31","","","","","","","","S席 18,000円／A席 17,000円／注釈付きS席 18,000円(税込)","ウドー音楽事務所","https://www.udo.jp/shows/Megadeth27","https://www.udo.jp/shows/Megadeth27","35.6933","139.7497","スラッシュメタルの巨頭MEGADETHが「最後のジャパン・ツアー」として2027年2月に来日。東京は日本武道館の1公演。VIPパッケージ(別販売)も用意される。","6歳未満入場不可。注釈付きS席は見えづらい席。VIPパッケージはウドーでは取り扱いなし","専用駐車場なし（近隣の北の丸公園第三駐車場を利用。通常時1時間600円・上限3,000円、イベント時一律3,000円）","九段下駅（2番出口より徒歩5分）","",""
"149","","PETER CAT RECORDING CO. 初来日公演","","PETER CAT RECORDING CO.","pop","oneman","東京都・渋谷区","WWW X","","tokyo","2027-02-22","2027-02-22","","","18:00","19:00","","","","","","","","","","","","","","スタンディング 9,500円(税込・整理番号付・ドリンク代別)","ウドー音楽事務所","https://www.udo.jp/shows/PCRC27","https://www.udo.jp/shows/PCRC27","35.6615","139.6987","インド発のコレクティヴPETER CAT RECORDING CO.の初来日公演。洗練されたポップ・センスのニュー・ヴィンテージ・サウンドが売り。渋谷WWW Xの1公演、先行はメンバーズ向け。","一般発売は2026-10-17 10:00。ウドー・メンバーズ先行は10/16 18:00まで","","","",""
"150","rodrigo-2027","RODRIGO Y GABRIELA JAPAN TOUR 東京公演","","RODRIGO Y GABRIELA","rock|jazz","oneman","東京都・江東区","Zepp DiverCity(TOKYO)","","tokyo","2027-01-25","2027-01-25","","","18:00","19:00","","","","","","","","","","","","","","指定席[1F前方・2F] 14,000円／スタンディング[1F後方] 13,000円(税込・整理番号付・ドリンク代別)","ウドー音楽事務所","https://www.udo.jp/shows/RodrigoyGabriela27","https://www.udo.jp/shows/RodrigoyGabriela27","35.6250","139.7756","超絶技巧のアコースティック・ギター・デュオRODRIGO Y GABRIELAの来日ツアー東京公演。名古屋・大阪公演を含む3都市で、東京はZepp DiverCityの指定席とスタンディング。","6歳未満入場不可","","","",""
"151","ttb-2026","TEDESCHI TRUCKS BAND 来日公演 東京","","TEDESCHI TRUCKS BAND","rock|jazz","oneman","東京都・江東区","SGCホール有明","","tokyo","2026-11-18","2026-11-19","","2026-11-18|2026-11-19","18:00","19:00","","","","","","2026-04-21","","","","","","","","S席 19,000円／A席 18,000円(税込)","ウドー音楽事務所","https://www.udo.jp/shows/TTB26","https://www.udo.jp/shows/TTB26","","","デレク・トラックスとスーザン・テデスキ率いるTEDESCHI TRUCKS BANDの来日ツアー。東京はSGCホール有明で11月18日と19日の2夜、一般発売中。","受付は各日19:00まで。6歳未満入場不可","","","",""
"152","ttb-2026","TEDESCHI TRUCKS BAND 追加公演 Peter Barakan’s LIVE MAGIC! Edition","","TEDESCHI TRUCKS BAND","rock|jazz","oneman","東京都・港区","EX THEATER ROPPONGI","","tokyo","2026-11-21","2026-11-21","","","17:00","18:00","","","","","","2026-09-13","1","","","","","","","指定席 21,000円／スタンディング 19,000円(税込・ドリンク代別・整理番号付)","ウドー音楽事務所","https://www.udo.jp/shows/TTB26","https://www.udo.jp/shows/TTB26","35.6612","139.7272","ピーター・バラカン「LIVE MAGIC!」のスペシャル・エディションとして決まったTEDESCHI TRUCKS BANDの追加公演。EX THEATER ROPPONGIで、開演前は屋上庭園でフードも楽しめる。","1Fロビー・2F屋上庭園は15:00開場。先行(メンバーズ)は終了、一般はぴあで10/14 18:00開始","","","",""
"153","annwilson-2026","ANN WILSON JAPAN TOUR 2026 東京公演","","ANN WILSON","rock","oneman","東京都・世田谷区","昭和女子大学 人見記念講堂","","tokyo","2026-11-17","2026-11-17","","","17:45","18:30","","","","","","","","","","","","","","S席 16,000円／A席 15,000円(税込)","ウドー音楽事務所","https://www.udo.jp/shows/AnnWilson26","https://www.udo.jp/shows/AnnWilson26","35.6367","139.6633","HEARTのヴォーカリストANN WILSONがソロ名義で来日するジャパンツアー。HEARTの来日から32年ぶりで、東京は人見記念講堂の1公演、大阪・横浜公演もある。","6歳未満入場不可","","","",""
"154","annwilson-2026","ANN WILSON JAPAN TOUR 2026 横浜公演","","ANN WILSON","rock","oneman","神奈川県・横浜市西区","KT Zepp Yokohama","","kanagawa","2026-11-20","2026-11-20","","","18:15","19:00","","","","","","","","一般発売","2026-08-08","10:00","2026-11-20","19:00","","指定席[1F・2F] 16,000円／SS指定席[2F最前2列] 17,000円(税込・ドリンク代別)","ウドー音楽事務所","https://www.udo.jp/shows/AnnWilson26","https://www.udo.jp/shows/AnnWilson26","35.4642","139.6300","HEARTのANN WILSONが32年ぶりにソロで来日するツアーの横浜公演。KT Zepp Yokohamaの全席指定で、2F最前2列のSS指定席が別券種として用意される。","6歳未満入場不可。一般販売はウドー・メンバーズ、チケットぴあ、イープラス、ローソンチケット等で受付中","","","",""
"155","krall-2026","DIANA KRALL 来日公演 東京","","DIANA KRALL","jazz","oneman","東京都・文京区","東京ドームシティホール","","tokyo","2026-12-07","2026-12-09","","2026-12-07|2026-12-09","18:00","19:00","","","","","","","","","","","","","","S席 21,000円／A席 20,000円(税込・ドリンク代別)","ウドー音楽事務所","https://www.udo.jp/shows/DianaKrall26","https://www.udo.jp/shows/DianaKrall26","35.7047","139.7528","ジャズ・ヴォーカル&ピアノの女王DIANA KRALLの来日ツアー東京公演。会場は東京ドームシティホール(公式表記Kanadevia Hall)で、12月7日と9日の2夜。","受付は各日19:00まで。6歳未満入場不可。会場表記は公式サイトでKanadevia Hall","","","",""
"156","erik-2026","ERIK GRÖNWALL JAPAN TOUR 東京公演","","ERIK GRÖNWALL","rock","oneman","東京都・渋谷区","恵比寿ザ・ガーデンホール","","tokyo","2026-11-04","2026-11-04","","","18:00","19:00","","","","","","","","","","","","","","スタンディング 9,500円(税込・整理番号付・ドリンク代別)","ウドー音楽事務所","https://www.udo.jp/shows/ErikGronwall26","https://www.udo.jp/shows/ErikGronwall26","35.6428","139.7133","ハードロック・ヴォーカリストERIK GRÖNWALLの初の単独ジャパン・ツアー。東京は恵比寿ザ・ガーデンホールのスタンディング公演で、翌日は大阪の梅田クラブクアトロ。","6歳未満入場不可","あり（恵比寿ガーデンプレイス内、30分400円、最大料金 昼間4,000円／夜間1,600円）","恵比寿駅東口（徒歩5分）／恵比寿駅1番出口（徒歩7分）","",""
"157","gilbert-2026","PAUL GILBERT JAPAN TOUR 東京公演","","PAUL GILBERT","rock","oneman","東京都・渋谷区","WWW X","","tokyo","2026-10-21","2026-10-22","","2026-10-21|2026-10-22","18:00","19:00","","","","","","","","","","","","","","スタンディング 12,000円(税込・整理番号付・ドリンク代別)","ウドー音楽事務所","https://www.udo.jp/shows/PaulGilbert26","https://www.udo.jp/shows/PaulGilbert26","35.6615","139.6987","MR.BIG終幕後初の単独ツアーとなるギタリストPAUL GILBERTの東京公演。渋谷WWW Xで2夜連続、テクニックとメロディの両面を聴かせるスタンディング形式。","受付は各日19:00まで。VIP Meet & Greet(50,000円)は外部取扱でウドーでは販売なし","","","",""
"158","kennyg-2026","KENNY G JAPAN TOUR 2026 東京公演","","KENNY G","jazz","oneman","東京都・世田谷区","昭和女子大学 人見記念講堂","","tokyo","2026-10-17","2026-10-17","","","17:15","18:00","","","","","","","","","","","","","","S席 17,000円＜1階・2階＞／A席 16,000円＜2階後方数列＞(税込)","ウドー音楽事務所","https://www.udo.jp/shows/KennyG26","https://www.udo.jp/shows/KennyG26","35.6367","139.6633","スムース・ジャズの貴公子KENNY Gが秋に来日。東京は昭和女子大学人見記念講堂の1公演で、大阪のNHK大阪ホール公演(10月15日)に続く日程。","6歳未満入場不可","","","",""
"159","hidespread-2026","hide with Spread Beaver Zepp Tour 2026 “REPSYCLE THE REPSYCLED” 東京","","hide with Spread Beaver","rock","oneman","東京都・大田区","Zepp Haneda(TOKYO)","","tokyo","2026-10-08","2026-10-09","","2026-10-08|2026-10-09","17:30","18:30","","","","","","","","","","","","","","1階スタンディング 12,000円／2階指定席 14,500円(税込・1ドリンク別)","クリエイティブマン","https://www.creativeman.co.jp/event/hide-with-spread-beaver26/","https://www.creativeman.co.jp/event/hide-with-spread-beaver26/","35.5497","139.7458","hide with Spread Beaverによる東京2夜公演。Special GuestにPATA(X JAPAN)と木村世治(ZEPPET STORE)が出演。会場はZepp Haneda、両日とも開場17:30・開演18:30。","公式ページ上で2階指定席がSOLD OUT表示。1階後方指定席の当日引換券あり。小学生以上有料","","","",""
"160","","THE SPELLBOUND×BOOM BOOM SATELLITES 川島道行 10周忌LIVE “FRONT CHAPTER” DECADE Tour2026 TOUR FINAL","","THE SPELLBOUND|BOOM BOOM SATELLITES","rock|dance","oneman","東京都・江東区","SGCホール有明","","tokyo","2026-10-09","2026-10-09","","","17:00","19:00","","","","","","","","","","","","","","アリーナスタンディング 10,000円／ヤング割(22歳まで) 5,000円／座席指定 11,000円(税込)","クリエイティブマン","https://www.creativeman.co.jp/event/the-spellbound-boom-boom-satellites/","https://www.creativeman.co.jp/event/the-spellbound-boom-boom-satellites/","","","川島道行の10周忌を掲げたTHE SPELLBOUND×BOOM BOOM SATELLITESのツアーファイナル。SGCホール有明の1公演で、全券種に来場者特典のメモリアルチケットが付く。","開演は18:00から19:00に変更(公式の変更告知)。中学生以下1名は保護者同伴で無料(一般チケット1枚につき)。3歳未満入場不可","","","",""
"161","zilqy-2026","Zilqy ツアー2026 柏","","Zilqy","rock","oneman","千葉県・柏市","柏PALOOZA","","chiba","2026-10-11","2026-10-11","","","17:00","18:00","","","","","","","","","","","","","","スタンディング 6,500円(税込・整理番号付・1ドリンク別)","クリエイティブマン","https://www.creativeman.co.jp/event/zilqy_tour2026/","https://www.creativeman.co.jp/event/zilqy_tour2026/","35.8596","139.9740","Zilqyのツアー2026の柏公演。会場は柏PALOOZAのスタンディングで、12月16日にはZepp Shinjukuでの東京公演も控える。","公式ページはクリエイティブマン","","","",""
"162","zilqy-2026","Zilqy ツアー2026 東京","","Zilqy","rock","oneman","東京都・新宿区","Zepp Shinjuku(TOKYO)","","tokyo","2026-12-16","2026-12-16","","","18:00","19:00","","","","","","","","","","","","","","スタンディング 6,500円(税込・整理番号付・1ドリンク別)","クリエイティブマン","https://www.creativeman.co.jp/event/zilqy_tour2026/","https://www.creativeman.co.jp/event/zilqy_tour2026/","35.6939","139.7036","Zilqyのツアー2026、東京はZepp Shinjukuの1公演。10月11日の柏PALOOZAに続く日程で、全編スタンディング、整理番号付き。","公式ページはクリエイティブマン","","","",""
"163","","すりぃ ワンマンツアー2026 東京","すりぃ","すりぃ","pop|anime","oneman","東京都・渋谷区","Shibuya LOVEZ","","tokyo","2026-10-12","2026-10-12","","","17:00","18:00","","","","","","","","","","","","","","1Fスタンディング 5,800円／2F・3F指定席 6,300円(税込・1ドリンク別)","クリエイティブマン","https://www.creativeman.co.jp/event/threee26/","https://www.creativeman.co.jp/event/threee26/","","","すりぃの東京公演。10月12日(祝)に渋谷のShibuya LOVEZで開催され、1階スタンディングと2・3階指定席の2券種で販売される。","プレイガイド: ローソンチケット/イープラス/チケットぴあ","","","",""
"164","","iri 横浜公演","","iri","pop|hiphop","oneman","神奈川県・横浜市西区","ぴあアリーナMM","","kanagawa","2026-10-22","2026-10-22","","","18:00","19:00","","","","","","","","一般発売","2026-09-12","10:00","","","","全席指定 9,300円(税込)","クリエイティブマン","https://www.creativeman.co.jp/event/iri-period/","https://www.creativeman.co.jp/event/iri-period/","35.4589","139.6339","シンガーソングライターiriが横浜のぴあアリーナMMで開く全席指定の公演。9月12日10時に一般発売が始まったばかりで、公式ページからイープラス等へ進める。","WEB販売のみ・電子チケットのみ・未就学児入場不可・チケット分配可能","","","",""
"165","","QWER ROCKATION 東京","","QWER","kpop|rock","oneman","東京都・渋谷区","Spotify O-EAST","","tokyo","2026-10-17","2026-10-17","","","17:00","18:00","","","","","","","","","","","","","","通常スタンディング 13,000円／2F着席指定席 15,000円／VIP(FC限定) 20,000円(税込・1ドリンク)","クリエイティブマン","https://www.creativeman.co.jp/event/qwer-rockation/","https://www.creativeman.co.jp/event/qwer-rockation/","35.6583","139.6969","韓国のガールズバンドQWERの日本ツアー東京公演。福岡・大阪に続く最終地で、Spotify O-EASTのスタンディングと2階着席指定、FC限定のVIP券がある。","VIPチケットはFC限定。福岡・大阪公演は対象外のため除外","","","",""
"166","","花冷え。 ツアー2026 東京","はなびえ","花冷え。","rock|idol","oneman","東京都・新宿区","Zepp Shinjuku(TOKYO)","","tokyo","2026-12-12","2026-12-12","","","17:00","18:00","","","","","","","","","","","","","","スタンディング 6,500円(税込・整理番号付・ドリンク別)","クリエイティブマン","https://www.creativeman.co.jp/event/hanabie26/","https://www.creativeman.co.jp/event/hanabie26/","35.6939","139.7036","花冷え。のツアー2026東京公演。会場はZepp Shinjukuで12月12日、公式ページでSOLD OUT表示。千葉LOOK・水戸LIGHT HOUSEの公演も同表示。","公式ページにSOLD OUT表示。3歳未満入場不可","","","",""
"167","","Freya Skye Stars Align Tour 初来日公演","","Freya Skye","pop","oneman","東京都・渋谷区","恵比寿ザ・ガーデンホール","","tokyo","2027-02-18","2027-02-18","","","18:00","19:00","","","","","","","","オフィシャル1次抽選先行","2026-10-05","12:00","2026-10-18","23:59","先行販売で規定枚数に達し次第受付終了、その場合一般発売なし","GOLDスタンディング 15,000円／スタンディング 10,000円(税込・整理番号付・ドリンク代別)","LIVE NATION H.I.P.","https://www.livenationhip.co.jp/all-events/freya-skye-tickets-ae1645713","https://www.livenationhip.co.jp/all-events/freya-skye-tickets-ae1645713","35.6428","139.7133","16歳のイングランド出身ポップ・スターFreya Skyeの初来日公演。ディズニー作品出演で注目を集め、デビューEP『stardust』が話題。恵比寿ザ・ガーデンホールで一夜限り。","VIPアップグレード(Celestial 30,700円／Shooting Star 17,800円)は入場券とは別。GOLDはクレジット決済のみ・4枚まで","あり（恵比寿ガーデンプレイス内、30分400円、最大料金 昼間4,000円／夜間1,600円）","恵比寿駅東口（徒歩5分）／恵比寿駅1番出口（徒歩7分）","",""
"168","","Malcolm Todd Do That Again Tour 初来日公演","","Malcolm Todd","pop|rock","oneman","神奈川県・横浜市西区","KT Zepp Yokohama","","kanagawa","2026-11-25","2026-11-25","","","18:00","19:00","","","","","","","","","","","","","","GOLDスタンディング 20,800円／スタンディング 9,800円／2F指定席 12,800円(税込・ドリンク代別)","LIVE NATION H.I.P.","https://www.livenationhip.co.jp/all-events/malcolm-todd-tickets-ae1610806","https://www.livenationhip.co.jp/all-events/malcolm-todd-tickets-ae1610806","35.4642","139.6300","「Earrings」が世界的バイラルヒットとなったMalcolm Toddの初来日公演。2ndアルバム『Do That Again』を携え、KT Zepp Yokohamaで一夜限りのステージを行う。","先行販売で規定枚数に達した場合は一般発売なし(公式記載)。VIPアップグレードは入場券とは別。GOLDはクレジット決済のみ","","","",""
"169","","Against The Current Till Death & Back Tour 東京公演","","Against The Current","rock|pop","oneman","東京都・渋谷区","Spotify O-EAST","","tokyo","2027-01-13","2027-01-13","","","18:00","19:00","","","","","","2026-09-01","","","","","","","","VIPスタンディング 28,800円／スタンディング 7,800円／2F指定席 10,800円(税込・ドリンク代別)","LIVE NATION H.I.P.","https://www.livenationhip.co.jp/all-events/against-the-current-tickets-ae671869","https://www.livenationhip.co.jp/all-events/against-the-current-tickets-ae671869","35.6583","139.6969","クリッシー・コスタンザ率いるポップ・ロックバンドAgainst The Currentの3年ぶりの単独来日。結成15周年のワールドツアーの一環で、Spotify O-EASTの1公演。","6歳未満入場不可。先行で規定枚数に達した場合は一般発売なし","","","",""
"170","","Fujii Kaze「Prema World Tour」東京ドーム公演","ふじいかぜ","藤井風","pop","oneman","東京都・文京区","東京ドーム","","tokyo","2026-12-19","2026-12-20","","","16:00","18:00","","","","","","","","","","","","","","要問合せ","東京ドーム公式サイト","https://www.tokyo-dome.co.jp/dome/event/","https://www.fujiikaze.com/","35.7056","139.7519","藤井風のワールドツアー「Prema World Tour」の東京ドーム2日間公演。公式サイトでオフィシャルグッズ事前販売が案内されており、ツアーの開催が進行している。日程と時刻は東京ドーム公式スケジュールで確認。","受付期間・料金は未確認。公式サイトで要確認","","","",""
"171","","Snow Man DOME TOUR 2026-2027 ALL SUITE 東京ドーム公演","すのーまん","Snow Man","pop|idol","oneman","東京都・文京区","東京ドーム","","tokyo","2026-12-23","2026-12-26","","2026-12-23|2026-12-24|2026-12-25|2026-12-26","","","","","","","","","","","","","","","","要問合せ","東京ドーム公式サイト","https://www.tokyo-dome.co.jp/dome/event/","","35.7056","139.7519","Snow Manのドームツアー「ALL SUITE」の東京ドーム4日間公演。東京ドーム公式スケジュールでは23日から25日が開演17:00、26日が開演16:00と掲載されている。全国5ドーム18公演のうち東京分。","開演時刻は公式スケジュール掲載(23-25日17:00、26日16:00)。受付・料金は未確認。ファンクラブ先行あり(会員向け)","","","",""
"172","","TOMORROW X TOGETHER WORLD TOUR <STEAL THE WIND> IN JAPAN 東京ドーム公演","","TOMORROW X TOGETHER","kpop","oneman","東京都・文京区","東京ドーム","","tokyo","2027-01-07","2027-01-08","","","16:00","18:00","","","","","","","","","","","","","","要問合せ","東京ドーム公式サイト","https://www.tokyo-dome.co.jp/dome/event/","","35.7056","139.7519","TOMORROW X TOGETHERのワールドツアー日本公演として東京ドームで2日間開催。問い合わせ先はキョードー東京と公式スケジュールに記載されている。受付状況は未確認のため公式で確認が必要。","受付期間・料金は未確認","","","",""
"173","","JUJU HALL TOUR 2026 純喫茶JUJU「時間旅行」","じゅじゅ","JUJU","pop","oneman","東京都・千代田区","東京国際フォーラム ホールA","","tokyo","2026-10-10","2026-10-11","","","17:00","18:00","","","","","","","","","","","","","","指定席 9,500円（全席指定・税込）","公式サイト","https://www.t-i-forum.co.jp/visitors/event/detail.html?id=20261010Fr-H202610010","","35.6764","139.7639","演出に松任谷正隆を迎えたJUJUのホールツアー東京公演。純喫茶をモチーフにした「時間旅行」のコンセプトで、東京国際フォーラム ホールAで2日間開催される。","未就学児入場不可（小学生以上チケット必要）。11日は開場15:00・開演16:00","","有楽町駅 徒歩1分／東京駅 徒歩5分","",""
"174","","Gero Live Tour 2026「ECHOES」","げろ","Gero","pop","oneman","東京都・千代田区","東京国際フォーラム ホールA","","tokyo","2026-10-12","2026-10-12","","","16:00","17:00","","","","","","","","","","","","","","全席指定 8,000円（ピクチャーチケット付き・税込）","公式サイト","https://www.t-i-forum.co.jp/visitors/event/detail.html?id=20261012_1002","https://gero-music.net/tour2026/","35.6764","139.7639","Geroのライブツアー「ECHOES」の東京公演で、会場は東京国際フォーラム ホールA。ピクチャーチケット付きで、2階席1列目は着席となる。","3歳以上有料、3歳未満入場不可。全席ジャンプ禁止","","有楽町駅 徒歩1分／東京駅 徒歩5分","",""
"175","","作曲家生活60周年 浜圭介リスペクトコンサート","はまけいすけ","浜圭介","pop","event","東京都・千代田区","東京国際フォーラム ホールA","","tokyo","2026-10-13","2026-10-13","","","14:00","15:00","","","","","","","","","","","","","","全席指定 11,000円（税込）","公式サイト","https://www.t-i-forum.co.jp/visitors/event/detail.html?id=2061013Fr-H202610078","","35.6764","139.7639","作曲家・浜圭介の作曲家生活60周年を記念したリスペクトコンサート。昼開演の1回公演で、東京国際フォーラム ホールAにて開催される。","","","有楽町駅 徒歩1分／東京駅 徒歩5分","",""
"176","","ジュディ・オング歌手生活60周年記念コンサート「Diva60 The legend of Judy Ongg」","じゅでぃおんぐ","ジュディ・オング","pop","oneman","東京都・千代田区","東京国際フォーラム ホールA","","tokyo","2026-10-15","2026-10-15","","","17:00","18:00","","","","","","","","","","","","","","SS席 18,000円（スペシャルグッズ付）／S席 12,000円／A席 10,000円（全席指定・税込）","公式サイト","https://www.t-i-forum.co.jp/visitors/event/detail.html?id=20261015_0413","https://judyongg.com","35.6764","139.7639","歌手生活60周年を記念するジュディ・オングのコンサート。SS席は入場時にスペシャルグッズが渡される特典付きで、ホールAでの1夜限りの公演。","未就学児入場不可","","有楽町駅 徒歩1分／東京駅 徒歩5分","",""
"177","","ディズニー・オン・クラシック～まほうの夜の音楽会2026","でぃずにーおんくらしっく","ディズニー・オン・クラシック","classical","classic","東京都・千代田区","東京国際フォーラム ホールA","","tokyo","2026-10-16","2026-10-18","","","17:30","18:30","","17日は13:00開場14:00開演と17:30開場18:30開演の2回。18日は13:00開場14:00開演","","","","","","","","","","","","SS席 13,500円／S席 9,800円／A席 8,500円／B席 7,500円／学生席 2,000円（全席指定・税込）","公式サイト","https://www.t-i-forum.co.jp/visitors/event/detail.html?id=20261016_1002","https://www.harmonyjapan.com/doc2026/","35.6764","139.7639","ディズニー音楽をオーケストラで楽しむ毎年恒例のコンサート。東京国際フォーラム ホールAで3日間・計5公演が開かれ、学生席2,000円も用意される。","未就学児入場不可","","有楽町駅 徒歩1分／東京駅 徒歩5分","",""
"178","","山内惠介 五大都市コンサート2026","やまうちけいすけ","山内惠介","pop","oneman","東京都・千代田区","東京国際フォーラム ホールA","","tokyo","2026-10-21","2026-10-21","","","14:00","15:00","","","","","","","","","","","","","","全席指定 8,800円（税込）","公式サイト","https://www.t-i-forum.co.jp/visitors/event/detail.html?id=20261021Fr-H202610084","","35.6764","139.7639","演歌・歌謡曲の山内惠介が全国5大都市を巡るコンサートの東京公演。東京国際フォーラム ホールAで昼開演の1回公演となる。","未就学児入場不可","","有楽町駅 徒歩1分／東京駅 徒歩5分","",""
"179","","山崎育三郎 LIVE TOUR 2026『19BOX 〜STARMAN〜』","やまざきいくさぶろう","山崎育三郎","pop","oneman","東京都・千代田区","東京国際フォーラム ホールA","","tokyo","2026-10-23","2026-10-23","","","17:30","18:30","","","","","","","","","","","","","","指定席 11,000円／STARMANシート（5列目以内確約・特典付き）15,000円（全席指定・税込）","公式サイト","https://www.t-i-forum.co.jp/visitors/event/detail.html?id=20261023_0318","","35.6764","139.7639","ミュージカル俳優としても活躍する山崎育三郎のライブツアー東京公演。5列目以内が確約される特典付きSTARMANシートが設定されている。","3歳以上チケット必要","","有楽町駅 徒歩1分／東京駅 徒歩5分","",""
"180","","THE ALFEE Autumn Celebration 2026 Moonlight Rhapsody II","ざあるふぃー","THE ALFEE","rock","oneman","東京都・千代田区","東京国際フォーラム ホールA","","tokyo","2026-10-24","2026-10-25","","","17:00","18:00","","","","","","","","","","","","","","指定席 9,900円／車椅子席 9,900円（メモリアルチケット付・全席指定・税込）","公式サイト","https://www.t-i-forum.co.jp/visitors/event/detail.html?id=20261024_0721","https://www.alfee.com","35.6764","139.7639","THE ALFEEの秋恒例のコンサート。東京国際フォーラム ホールAで2日間開催され、いずれの券種もメモリアルチケットが付く。","24日は17:00開場18:00開演、25日は16:00開場17:00開演","","有楽町駅 徒歩1分／東京駅 徒歩5分","",""
"181","","俺たちの旅スペシャルコンサート～まだまだ旅は終わらない～","おれたちのたびすぺしゃるこんさーと","俺たちの旅","pop","event","東京都・千代田区","東京国際フォーラム ホールA","","tokyo","2026-10-29","2026-10-29","","","16:00","17:00","","","","","","","","","","","","","","全席指定 11,500円（税込）","公式サイト","https://www.t-i-forum.co.jp/visitors/event/detail.html?id=20261029Fr-H202610121","","35.6764","139.7639","ドラマ『俺たちの旅』にちなんだスペシャルコンサート。東京国際フォーラム ホールAで夕方に開演する1回公演。","未就学児入場不可","","有楽町駅 徒歩1分／東京駅 徒歩5分","",""
"182","","ラ・ラ・ランド イン コンサート 2026","らららんどいんこんさーと","ラ・ラ・ランド","classical","classic","東京都・千代田区","東京国際フォーラム ホールA","","tokyo","2026-10-31","2026-11-01","","","11:00","12:00","","","","","","","","","","","","","","SS席 14,000円／S席 11,000円／A席 9,000円（全席指定・税込）","公式サイト","https://www.t-i-forum.co.jp/visitors/event/detail.html?id=20261031_0617","https://www.koacreative.co.jp/lalalandinconcert/","35.6764","139.7639","映画『ラ・ラ・ランド』を大スクリーンで上映しながらオーケストラが生演奏するシネマ・コンサート。ホールAで3公演、SS席はセンター前方ブロックでオリジナル特典付き。","3歳未満入場不可。31日は11:00開場12:00開演と16:00開場17:00開演、1日は11:00開場12:00開演","","有楽町駅 徒歩1分／東京駅 徒歩5分","",""
"183","","東京交響楽団 第13回八王子定期演奏会","とうきょうこうきょうがく","東京交響楽団","classical","classic","東京都・八王子市","J:COMホール八王子","","tokyo","2026-11-03","2026-11-03","","","13:15","14:00","","","","","","","","","","","","","","S席 6,300円／A席 5,300円／B席 4,300円／ユース券（25歳以下）1,000円","公式サイト","https://jcom.hall-info.jp/","https://jcom.hall-info.jp/","35.6547","139.3376","東京交響楽団が八王子で開く定期演奏会の第13回。文化の日の午後に開催され、25歳以下は1,000円のユース券で聴ける。問合せは八王子市学園都市文化ふれあい財団。","未就学児入場不可。問合せ 八王子市学園都市文化ふれあい財団 042-621-3005","","八王子駅","",""
"184","","街を嚥む、今宵の⽉ - HARVEST SPECIAL LIVE NIGHT WITH toe -","","toe","rock","oneman","東京都・大田区","Zepp Haneda(TOKYO)","","tokyo","2026-10-11","2026-10-11","","","17:00","18:00","","","","","","","","","","","","","","1Fスタンディング 7,700円／2F指定席 8,800円(ドリンク代別)","Zepp公式サイト","https://www.zepp.co.jp/hall/haneda/schedule/single/?rid=158297","","35.5497","139.7458","toeの「街を嚥む、今宵の⽉ - HARVEST SPECIAL LIVE NIGHT WITH toe -」東京公演。Zepp Haneda(TOKYO)にて10月11日、開場17:00・開演18:00。会場公式スケジュールの掲載内容に基づき、料金は1Fスタンディング 7,700円／2F指定席 8,800円。","","","","",""
"185","","UMIMOYASU 2026-2027 MOVE","","フレデリック GUEST：Coming Soon","rock","oneman","東京都・大田区","Zepp Haneda(TOKYO)","","tokyo","2026-10-12","2026-10-12","","","17:00","18:00","","","","","","","","","","","","","","1Fスタンディング 6,600円／2F指定 6,600円(ドリンク代別)","Zepp公式サイト","https://www.zepp.co.jp/hall/haneda/schedule/single/?rid=158124","","35.5497","139.7458","フレデリック GUEST：Coming Soonの「UMIMOYASU 2026-2027 MOVE」東京公演。Zepp Haneda(TOKYO)にて10月12日、開場17:00・開演18:00。会場公式スケジュールの掲載内容に基づき、料金は1Fスタンディング 6,600円／2F指定 6,600円。","","","","",""
"186","","2026 TEAM H RIGHT NOW - NEW EDITION","","TEAM H","kpop","oneman","東京都・大田区","Zepp Haneda(TOKYO)","","tokyo","2026-10-13","2026-10-13","","","18:00","19:00","","","","","","","","","","","","","","スタンディング 15,000円／指定席 15,000円／車椅子エリア 15,000円(ドリンク代別)","Zepp公式サイト","https://www.zepp.co.jp/hall/haneda/schedule/single/?rid=158877","","35.5497","139.7458","TEAM Hの「2026 TEAM H RIGHT NOW - NEW EDITION」東京公演。Zepp Haneda(TOKYO)にて10月13日、開場18:00・開演19:00。会場公式スケジュールの掲載内容に基づき、料金はスタンディング 15,000円／指定席 15,000円／車椅子エリア 15,000円。","","","","",""
"187","","2026 TEAM H RIGHT NOW - NEW EDITION","","TEAM H","kpop","oneman","東京都・大田区","Zepp Haneda(TOKYO)","","tokyo","2026-10-14","2026-10-14","","","16:00","17:00","","","","","","","","","","","","","","スタンディング 15,000円／指定席 15,000円／車椅子エリア 15,000円(ドリンク代別)","Zepp公式サイト","https://www.zepp.co.jp/hall/haneda/schedule/single/?rid=160148","","35.5497","139.7458","TEAM Hの「2026 TEAM H RIGHT NOW - NEW EDITION」東京公演。Zepp Haneda(TOKYO)にて10月14日、開場16:00・開演17:00。会場公式スケジュールの掲載内容に基づき、料金はスタンディング 15,000円／指定席 15,000円／車椅子エリア 15,000円。","","","","",""
"188","","ポルカドットスティングレイ ポルフェス122 #教祖爆誕 ワンマン","","ポルカドットスティングレイ","rock","oneman","東京都・大田区","Zepp Haneda(TOKYO)","","tokyo","2026-10-15","2026-10-15","","","18:00","19:00","","","","","","","","","","","","","","スタンディング 6,500円／2F指定席 7,000円(ドリンク代別)","Zepp公式サイト","https://www.zepp.co.jp/hall/haneda/schedule/single/?rid=157243","","35.5497","139.7458","ポルカドットスティングレイの「ポルカドットスティングレイ ポルフェス122 #教祖爆誕 ワンマン」東京公演。Zepp Haneda(TOKYO)にて10月15日、開場18:00・開演19:00。会場公式スケジュールの掲載内容に基づき、料金はスタンディング 6,500円／2F指定席 7,000円。","","","","",""
"189","","7ORDER THE LIVE 2026","","7ORDER","idol","oneman","東京都・大田区","Zepp Haneda(TOKYO)","","tokyo","2026-10-16","2026-10-16","","","18:00","19:00","","","","","","","","","","","","","","1階スタンディン 8,000円／2階指定席 9,000円(ドリンク代別)","Zepp公式サイト","https://www.zepp.co.jp/hall/haneda/schedule/single/?rid=159538","","35.5497","139.7458","7ORDERの「7ORDER THE LIVE 2026」東京公演。Zepp Haneda(TOKYO)にて10月16日、開場18:00・開演19:00。会場公式スケジュールの掲載内容に基づき、料金は1階スタンディン 8,000円／2階指定席 9,000円。","","","","",""
"190","","HAZIMAZA EXTRA SHOW","","HEY-SMITH|LESS THAN JAKE (US)|Voodoo Glow Skulls (US)","rock","event","東京都・大田区","Zepp Haneda(TOKYO)","","tokyo","2026-10-20","2026-10-20","","","17:30","18:30","","","","","","","","","","","","","","1Fスタンディング 5,000円／2F指定席 5,000円(ドリンク代別)","Zepp公式サイト","https://www.zepp.co.jp/hall/haneda/schedule/single/?rid=159540","","35.5497","139.7458","HEY-SMITHの「HAZIMAZA EXTRA SHOW」東京公演。Zepp Haneda(TOKYO)にて10月20日、開場17:30・開演18:30。会場公式スケジュールの掲載内容に基づき、料金は1Fスタンディング 5,000円／2F指定席 5,000円。","","","","",""
"191","","04 Limited Sazabys ONE MAN TOUR 2026","","04 Limited Sazabys","rock","oneman","東京都・大田区","Zepp Haneda(TOKYO)","","tokyo","2026-10-21","2026-10-22","","","18:00","19:00","","","","","","","","","","","","","","1Fスタンディング 6,600円／2F指定席 6,600円／2F後方立見 6,600円(ドリンク代別)","Zepp公式サイト","https://www.zepp.co.jp/hall/haneda/schedule/single/?rid=159541","","35.5497","139.7458","04 Limited Sazabysの「04 Limited Sazabys ONE MAN TOUR 2026」東京公演。Zepp Haneda(TOKYO)にて10月21日〜10月22日、開場18:00・開演19:00。会場公式スケジュールの掲載内容に基づき、料金は1Fスタンディング 6,600円／2F指定席 6,600円／2F後方立見 6,600円。","","","","",""
"192","","plenty re:birthツアー2026 ""いま終わりの先へ""","","plenty","rock","oneman","東京都・大田区","Zepp Haneda(TOKYO)","","tokyo","2026-10-24","2026-10-24","","","16:00","17:00","","","","","","","","","","","","","","スタンディング 6,900円／2階指定席 7,700円(ドリンク代別)","Zepp公式サイト","https://www.zepp.co.jp/hall/haneda/schedule/single/?rid=158625","","35.5497","139.7458","plentyの「plenty re:birthツアー2026 ""いま終わりの先へ""」東京公演。Zepp Haneda(TOKYO)にて10月24日、開場16:00・開演17:00。会場公式スケジュールの掲載内容に基づき、料金はスタンディング 6,900円／2階指定席 7,700円。","","","","",""
"193","","KiiiKiii FesTiiival JAPAN Edition","","KiiiKiii","kpop","oneman","東京都・大田区","Zepp Haneda(TOKYO)","","tokyo","2026-10-25","2026-10-25","","","17:00","18:00","","","","","","","","","","","","","","指定席 12,500円／VIP席 18,500円(ドリンク代別)","Zepp公式サイト","https://www.zepp.co.jp/hall/haneda/schedule/single/?rid=157348","","35.5497","139.7458","KiiiKiiiの「KiiiKiii FesTiiival JAPAN Edition」東京公演。Zepp Haneda(TOKYO)にて10月25日、開場17:00・開演18:00。会場公式スケジュールの掲載内容に基づき、料金は指定席 12,500円／VIP席 18,500円。","","","","",""
"194","","ヤバイTシャツ屋さん ""Magical Tank-top Parade"" ONE-MAN TOUR 2026","","ヤバイTシャツ屋さん","rock","oneman","東京都・大田区","Zepp Haneda(TOKYO)","","tokyo","2026-10-27","2026-10-28","","","18:00","19:00","","","","","","","","","","","","","","1F 自由 一般 6,050円／1F 自由 親子 6,050円／2F 指定 一般 6,050円／2F 指定 親子 6,050円(ドリンク代別)","Zepp公式サイト","https://www.zepp.co.jp/hall/haneda/schedule/single/?rid=158626","","35.5497","139.7458","ヤバイTシャツ屋さんの「ヤバイTシャツ屋さん ""Magical Tank-top Parade"" ONE-MAN TOUR 2026」東京公演。Zepp Haneda(TOKYO)にて10月27日〜10月28日、開場18:00・開演19:00。会場公式スケジュールの掲載内容に基づき、料金は1F 自由 一般 6,050円／1F 自由 親子 6,050円／2F 指定 一般 6,050円／2F 指定 親子 6,050円。","","","","",""
"195","","GANG PARADE「LAST SAY HELLO」","","GANG PARADE","idol","oneman","東京都・大田区","Zepp Haneda(TOKYO)","","tokyo","2026-10-29","2026-10-29","","","18:00","19:00","","","","","","","","","","","","","","1階スタンディング 7,000円／2階指定席 10,000円／2階立ち見 4,000円(ドリンク代別)","Zepp公式サイト","https://www.zepp.co.jp/hall/haneda/schedule/single/?rid=162628","","35.5497","139.7458","GANG PARADEの「GANG PARADE「LAST SAY HELLO」」東京公演。Zepp Haneda(TOKYO)にて10月29日、開場18:00・開演19:00。会場公式スケジュールの掲載内容に基づき、料金は1階スタンディング 7,000円／2階指定席 10,000円／2階立ち見 4,000円。","","","","",""
"196","","女王蜂 全国ツアー2026「星」","","女王蜂","rock","oneman","東京都・大田区","Zepp Haneda(TOKYO)","","tokyo","2026-10-30","2026-10-30","","","18:00","19:00","","","","","","","","","","","","","","1Fスタンディング 7,500円／2F指定席 7,500円(ドリンク代別)","Zepp公式サイト","https://www.zepp.co.jp/hall/haneda/schedule/single/?rid=159049","","35.5497","139.7458","女王蜂の「女王蜂 全国ツアー2026「星」」東京公演。Zepp Haneda(TOKYO)にて10月30日、開場18:00・開演19:00。会場公式スケジュールの掲載内容に基づき、料金は1Fスタンディング 7,500円／2F指定席 7,500円。","","","","",""
"197","","TOKYOMONSOON × SpringWave Taiwan 2026","","我是機車少女(I’m Difficult)|百合花(Lilium)","rock","event","東京都・大田区","Zepp Haneda(TOKYO)","","tokyo","2026-10-31","2026-10-31","","","17:00","18:00","","","","","","","","","","","","","","1F立見 9,800円／2階指定席 10,800円(ドリンク代別)","Zepp公式サイト","https://www.zepp.co.jp/hall/haneda/schedule/single/?rid=155888","","35.5497","139.7458","我是機車少女(I’m Difficult)の「TOKYOMONSOON × SpringWave Taiwan 2026」東京公演。Zepp Haneda(TOKYO)にて10月31日、開場17:00・開演18:00。会場公式スケジュールの掲載内容に基づき、料金は1F立見 9,800円／2階指定席 10,800円。","","","","",""
"198","","TOKYOMONSOON × SpringWave Taiwan 2026","","宇宙人(Cosmos People)|馬念先(Ma Nien-hsien)","rock","event","東京都・大田区","Zepp Haneda(TOKYO)","","tokyo","2026-11-01","2026-11-01","","","16:00","17:00","","","","","","","","","","","","","","1F立見 9,800円／2階指定席 10,800円(ドリンク代別)","Zepp公式サイト","https://www.zepp.co.jp/hall/haneda/schedule/single/?rid=155887","","35.5497","139.7458","宇宙人(Cosmos People)の「TOKYOMONSOON × SpringWave Taiwan 2026」東京公演。Zepp Haneda(TOKYO)にて11月1日、開場16:00・開演17:00。会場公式スケジュールの掲載内容に基づき、料金は1F立見 9,800円／2階指定席 10,800円。","","","","",""
"199","","ヤバイTシャツ屋さん ""Magical Tank-top Parade"" ONE-MAN TOUR 2026","","ヤバイTシャツ屋さん","rock","oneman","東京都・大田区","Zepp Haneda(TOKYO)","","tokyo","2026-11-04","2026-11-05","","","18:00","19:00","","","","","","","","","","","","","","1F 自由 一般 6,050円／1F 自由 親子 6,050円／2F 指定 一般 6,050円／2F 指定 親子 6,050円(ドリンク代別)","Zepp公式サイト","https://www.zepp.co.jp/hall/haneda/schedule/single/?rid=158389","","35.5497","139.7458","ヤバイTシャツ屋さんの「ヤバイTシャツ屋さん ""Magical Tank-top Parade"" ONE-MAN TOUR 2026」東京公演。Zepp Haneda(TOKYO)にて11月4日〜11月5日、開場18:00・開演19:00。会場公式スケジュールの掲載内容に基づき、料金は1F 自由 一般 6,050円／1F 自由 親子 6,050円／2F 指定 一般 6,050円／2F 指定 親子 6,050円。","","","","",""
"200","","ノーブルホームランツアー","","My Hair is Bad","rock","oneman","東京都・大田区","Zepp Haneda(TOKYO)","","tokyo","2026-11-06","2026-11-06","","","18:00","19:00","","","","","","","","","","","","","","前売り 6,000円(ドリンク代別)","Zepp公式サイト","https://www.zepp.co.jp/hall/haneda/schedule/single/?rid=157595","","35.5497","139.7458","My Hair is Badの「ノーブルホームランツアー」東京公演。Zepp Haneda(TOKYO)にて11月6日、開場18:00・開演19:00。会場公式スケジュールの掲載内容に基づき、料金は前売り 6,000円。","","","","",""
"201","","ノーブルホームランツアー","","My Hair is Bad","rock","oneman","東京都・大田区","Zepp Haneda(TOKYO)","","tokyo","2026-11-07","2026-11-07","","","17:00","18:00","","","","","","","","","","","","","","前売り 6,000円(ドリンク代別)","Zepp公式サイト","https://www.zepp.co.jp/hall/haneda/schedule/single/?rid=157596","","35.5497","139.7458","My Hair is Badの「ノーブルホームランツアー」東京公演。Zepp Haneda(TOKYO)にて11月7日、開場17:00・開演18:00。会場公式スケジュールの掲載内容に基づき、料金は前売り 6,000円。","","","","",""
"202","","甲斐よしひろ ホームカミングツアー2026","","甲斐よしひろ","rock","oneman","東京都・大田区","Zepp Haneda(TOKYO)","","tokyo","2026-11-08","2026-11-08","","","16:00","17:00","","","","","","","","","","","","","","VIP席 18,000円／指定席 11,000円(ドリンク代別)","Zepp公式サイト","https://www.zepp.co.jp/hall/haneda/schedule/single/?rid=157342","","35.5497","139.7458","甲斐よしひろの「甲斐よしひろ ホームカミングツアー2026」東京公演。Zepp Haneda(TOKYO)にて11月8日、開場16:00・開演17:00。会場公式スケジュールの掲載内容に基づき、料金はVIP席 18,000円／指定席 11,000円。","","","","",""
"203","","ヤバイTシャツ屋さん ""Magical Tank-top Parade"" ONE-MAN TOUR 2026","","ヤバイTシャツ屋さん","rock","oneman","東京都・大田区","Zepp Haneda(TOKYO)","","tokyo","2026-11-10","2026-11-11","","","18:00","19:00","","","","","","","","","","","","","","1F 自由 一般 6,050円／1F 自由 親子 6,050円／2F 指定 一般 6,050円／2F 指定 親子 6,050円(ドリンク代別)","Zepp公式サイト","https://www.zepp.co.jp/hall/haneda/schedule/single/?rid=159129","","35.5497","139.7458","ヤバイTシャツ屋さんの「ヤバイTシャツ屋さん ""Magical Tank-top Parade"" ONE-MAN TOUR 2026」東京公演。Zepp Haneda(TOKYO)にて11月10日〜11月11日、開場18:00・開演19:00。会場公式スケジュールの掲載内容に基づき、料金は1F 自由 一般 6,050円／1F 自由 親子 6,050円／2F 指定 一般 6,050円／2F 指定 親子 6,050円。","","","","",""
"204","","Galileo Galilei “Rise of The Man” Tour 2026","","Galileo Galilei","rock","oneman","東京都・大田区","Zepp Haneda(TOKYO)","","tokyo","2026-11-22","2026-11-22","","","17:00","18:00","","","","","","","","","","","","","","1Fスタンディング（整理番号付） 6,500円／2F指定席 7,000円(ドリンク代別)","Zepp公式サイト","https://www.zepp.co.jp/hall/haneda/schedule/single/?rid=159752","","35.5497","139.7458","Galileo Galileiの「Galileo Galilei “Rise of The Man” Tour 2026」東京公演。Zepp Haneda(TOKYO)にて11月22日、開場17:00・開演18:00。会場公式スケジュールの掲載内容に基づき、料金は1Fスタンディング（整理番号付） 6,500円／2F指定席 7,000円。","","","","",""
"205","","Hump Back pre. ""HELLO ANEW TOUR""2026-2027","","Hump Back","rock","oneman","東京都・大田区","Zepp Haneda(TOKYO)","","tokyo","2026-11-23","2026-11-23","","","16:00","17:00","","","","","","","","","","","","","","1Fスタンディング(FC) 5,500円／1Fスタンディング(一般） 6,000円／1Fスタンディング(U-22 FC) 4,000円／1Fスタンディング(U-22 一般) 4,500円／2F指定席(FC) 5,500円／2F指定席(一般) 6,000円／2F指定席(親子席 FC) 5,500円／2F指定席(親子席 一般) 6,000円(ドリンク代別)","Zepp公式サイト","https://www.zepp.co.jp/hall/haneda/schedule/single/?rid=159492","","35.5497","139.7458","Hump Backの「Hump Back pre. ""HELLO ANEW TOUR""2026-2027」東京公演。Zepp Haneda(TOKYO)にて11月23日、開場16:00・開演17:00。会場公式スケジュールの掲載内容に基づき、料金は1Fスタンディング(FC) 5,500円／1Fスタンディング(一般） 6,000円／1Fスタンディング(U-22 FC) 4,000円／1Fスタンディング(U-22 一般) 4,500円／2F指定席(FC) 5,500円／2F指定席(一般) 6,000円／2F指定席(親子席 FC) 5,500円／2F指定席(親子席 一般) 6,000円。","","","","",""
"206","","You’ll see Queens of the Stone Age World Tour","","QUEENS OF THE STONE AGE","rock","oneman","東京都・大田区","Zepp Haneda(TOKYO)","","tokyo","2026-11-25","2026-11-25","","","18:00","19:00","","","","","","","","","","","","","","1Fスタンディング 11,000円／2F指定席 13,000円(ドリンク代別)","Zepp公式サイト","https://www.zepp.co.jp/hall/haneda/schedule/single/?rid=166149","","35.5497","139.7458","QUEENS OF THE STONE AGEの「You’ll see Queens of the Stone Age World Tour」東京公演。Zepp Haneda(TOKYO)にて11月25日、開場18:00・開演19:00。会場公式スケジュールの掲載内容に基づき、料金は1Fスタンディング 11,000円／2F指定席 13,000円。","","","","",""
"207","","G-FREAK FACTORY Path to 30th TOUR ""TOMOSHIBI"" -燈-","","G-FREAK FACTORY","rock","oneman","東京都・江東区","Zepp DiverCity(TOKYO)","","tokyo","2026-10-10","2026-10-10","","","17:00","18:00","","","","","","","","","","","","","","スタンディング 4,800円／2F指定席 4,800円(ドリンク代別)","Zepp公式サイト","https://www.zepp.co.jp/hall/divercity/schedule/single/?rid=158267","","35.6250","139.7756","G-FREAK FACTORYの「G-FREAK FACTORY Path to 30th TOUR ""TOMOSHIBI"" -燈-」東京公演。Zepp DiverCity(TOKYO)にて10月10日、開場17:00・開演18:00。会場公式スケジュールの掲載内容に基づき、料金はスタンディング 4,800円／2F指定席 4,800円。","","","","",""
"208","","Takanori Nishikawa LIVE TOUR 2026 REWIND of VOYAGE trAnsIt","","西川貴教","pop","oneman","東京都・江東区","Zepp DiverCity(TOKYO)","","tokyo","2026-10-11","2026-10-11","","","16:00","17:00","","","","","","","","","","","","","","1階スタンディング 9,500円(ドリンク代別)","Zepp公式サイト","https://www.zepp.co.jp/hall/divercity/schedule/single/?rid=160995","","35.6250","139.7756","西川貴教の「Takanori Nishikawa LIVE TOUR 2026 REWIND of VOYAGE trAnsIt」東京公演。Zepp DiverCity(TOKYO)にて10月11日、開場16:00・開演17:00。会場公式スケジュールの掲載内容に基づき、料金は1階スタンディング 9,500円。","","","","",""
"209","","The Performance Zero","","ONE OR EIGHT|MYERA|TAGRIGHT|XngHan&Xoul|AEN","kpop","event","東京都・江東区","Zepp DiverCity(TOKYO)","","tokyo","2026-10-12","2026-10-12","","","16:00","17:00","","","","","","","","","","","","","","1F自由席 8,800円／2F指定席 8,800円(ドリンク代別)","Zepp公式サイト","https://www.zepp.co.jp/hall/divercity/schedule/single/?rid=159508","","35.6250","139.7756","ONE OR EIGHTの「The Performance Zero」東京公演。Zepp DiverCity(TOKYO)にて10月12日、開場16:00・開演17:00。会場公式スケジュールの掲載内容に基づき、料金は1F自由席 8,800円／2F指定席 8,800円。","","","","",""
"210","","iLiFE! 空詩かれん生誕祭2026『奏でるそなた's リサイタルReturns』","","iLiFE!","idol","oneman","東京都・江東区","Zepp DiverCity(TOKYO)","","tokyo","2026-10-13","2026-10-13","","","16:00","17:30","","","","","","","","","","","","","","S+チケット 35,000円／Sチケット 10,000円／一般チケット 4,000円(ドリンク代別)","Zepp公式サイト","https://www.zepp.co.jp/hall/divercity/schedule/single/?rid=164829","","35.6250","139.7756","iLiFE!の「iLiFE! 空詩かれん生誕祭2026『奏でるそなた's リサイタルReturns』」東京公演。Zepp DiverCity(TOKYO)にて10月13日、開場16:00・開演17:30。会場公式スケジュールの掲載内容に基づき、料金はS+チケット 35,000円／Sチケット 10,000円／一般チケット 4,000円。","","","","",""
"211","","筋肉少女帯ツアー2026｢奇談師｣ ｢キラキラと輝くもの｣制作30周年記念完全再現ライブ+Ω","","筋肉少女帯","rock","oneman","東京都・江東区","Zepp DiverCity(TOKYO)","","tokyo","2026-10-16","2026-10-16","","","18:00","19:00","","","","","","","","","","","","","","全席指定 8,800円(ドリンク代別)","Zepp公式サイト","https://www.zepp.co.jp/hall/divercity/schedule/single/?rid=159051","","35.6250","139.7756","筋肉少女帯の「筋肉少女帯ツアー2026｢奇談師｣ ｢キラキラと輝くもの｣制作30周年記念完全再現ライブ+Ω」東京公演。Zepp DiverCity(TOKYO)にて10月16日、開場18:00・開演19:00。会場公式スケジュールの掲載内容に基づき、料金は全席指定 8,800円。","","","","",""
"212","","kurayamisaka tte, doko? #8「Zepp DiverCity単独公演編」","","kurayamisaka","rock","oneman","東京都・江東区","Zepp DiverCity(TOKYO)","","tokyo","2026-10-17","2026-10-17","","","17:00","18:00","","","","","","","","SOLD OUT","","","","","","要問合せ","Zepp公式サイト","https://www.zepp.co.jp/hall/divercity/schedule/single/?rid=159485","","35.6250","139.7756","kurayamisakaの「kurayamisaka tte, doko? #8「Zepp DiverCity単独公演編」」東京公演。Zepp DiverCity(TOKYO)にて10月17日、開場17:00・開演18:00。会場公式スケジュールの掲載内容に基づき、料金は完売表示。","","","","",""
"213","","#Luvless 1st Anniversary Live – Villains for Love – @ Zepp DiverCity","","＃Luvless","idol","oneman","東京都・江東区","Zepp DiverCity(TOKYO)","","tokyo","2026-10-19","2026-10-19","","","15:00","16:00","","","","","","","","","","","","","","S先着チケット 12,000円／A先着チケット 6,000円(ドリンク代別)","Zepp公式サイト","https://www.zepp.co.jp/hall/divercity/schedule/single/?rid=162984","","35.6250","139.7756","＃Luvlessの「#Luvless 1st Anniversary Live – Villains for Love – @ Zepp DiverCity」東京公演。Zepp DiverCity(TOKYO)にて10月19日、開場15:00・開演16:00。会場公式スケジュールの掲載内容に基づき、料金はS先着チケット 12,000円／A先着チケット 6,000円。","","","","",""
"214","","杉山清貴 SOLO DEBUT 40TH ANNIVERSARY TOUR","","杉山清貴","pop","oneman","東京都・江東区","Zepp DiverCity(TOKYO)","","tokyo","2026-10-21","2026-10-22","","","18:00","18:30","","","","","","","","","","","","","","全席指定 10,000円(ドリンク代別)","Zepp公式サイト","https://www.zepp.co.jp/hall/divercity/schedule/single/?rid=156845","","35.6250","139.7756","杉山清貴の「杉山清貴 SOLO DEBUT 40TH ANNIVERSARY TOUR」東京公演。Zepp DiverCity(TOKYO)にて10月21日〜10月22日、開場18:00・開演18:30。会場公式スケジュールの掲載内容に基づき、料金は全席指定 10,000円。","","","","",""
"215","","ASIAN KUNG-FU GENERATION Tour 2026 ""Midage Fanclub""","","ASIAN KUNG-FU GENERATION","rock","oneman","東京都・江東区","Zepp DiverCity(TOKYO)","","tokyo","2026-10-23","2026-10-23","","","18:00","19:00","","","","","","","","","","","","","","要問合せ","Zepp公式サイト","https://www.zepp.co.jp/hall/divercity/schedule/single/?rid=157826","","35.6250","139.7756","ASIAN KUNG-FU GENERATIONの「ASIAN KUNG-FU GENERATION Tour 2026 ""Midage Fanclub""」東京公演。Zepp DiverCity(TOKYO)にて10月23日、開場18:00・開演19:00。会場公式スケジュールの掲載内容に基づき、料金は要問合せ。","","","","",""
"216","","ASIAN KUNG-FU GENERATION Tour 2026 ""Midage Fanclub""","","ASIAN KUNG-FU GENERATION","rock","oneman","東京都・江東区","Zepp DiverCity(TOKYO)","","tokyo","2026-10-24","2026-10-24","","","17:00","18:00","","","","","","","","","","","","","","要問合せ","Zepp公式サイト","https://www.zepp.co.jp/hall/divercity/schedule/single/?rid=157827","","35.6250","139.7756","ASIAN KUNG-FU GENERATIONの「ASIAN KUNG-FU GENERATION Tour 2026 ""Midage Fanclub""」東京公演。Zepp DiverCity(TOKYO)にて10月24日、開場17:00・開演18:00。会場公式スケジュールの掲載内容に基づき、料金は要問合せ。","","","","",""
"217","","WATWING Zepp Live Tour「love」","","WATWING","idol","oneman","東京都・江東区","Zepp DiverCity(TOKYO)","","tokyo","2026-10-25","2026-10-25","","","14:00","15:00","","1日2回公演","","","","","","","","","","","","1Fスタンディング 9,900円／2F指定席 9,900円(ドリンク代別)","Zepp公式サイト","https://www.zepp.co.jp/hall/divercity/schedule/single/?rid=156902","","35.6250","139.7756","WATWINGの「WATWING Zepp Live Tour「love」」東京公演。Zepp DiverCity(TOKYO)にて10月25日、開場14:00・開演15:00。会場公式スケジュールの掲載内容に基づき、料金は1Fスタンディング 9,900円／2F指定席 9,900円。","","","","",""
"218","","中⼭莉⼦ ⽣誕ソロライブ「中⼭莉⼦の⽣誕祭。」","","中⼭莉⼦","idol","oneman","東京都・江東区","Zepp DiverCity(TOKYO)","","tokyo","2026-10-26","2026-10-26","","","18:15","19:00","","","","","","","","","","","","","","指定席 6,900円(ドリンク代別)","Zepp公式サイト","https://www.zepp.co.jp/hall/divercity/schedule/single/?rid=162182","","35.6250","139.7756","中⼭莉⼦の「中⼭莉⼦ ⽣誕ソロライブ「中⼭莉⼦の⽣誕祭。」」東京公演。Zepp DiverCity(TOKYO)にて10月26日、開場18:15・開演19:00。会場公式スケジュールの掲載内容に基づき、料金は指定席 6,900円。","","","","",""
"219","","Takanori Nishikawa LIVE TOUR 2026 REWIND of VOYAGE trAnsIt","","西川貴教","pop","oneman","東京都・江東区","Zepp DiverCity(TOKYO)","","tokyo","2026-10-29","2026-10-29","","","18:00","19:00","","","","","","","","","","","","","","1階スタンディング 9,500円(ドリンク代別)","Zepp公式サイト","https://www.zepp.co.jp/hall/divercity/schedule/single/?rid=160721","","35.6250","139.7756","西川貴教の「Takanori Nishikawa LIVE TOUR 2026 REWIND of VOYAGE trAnsIt」東京公演。Zepp DiverCity(TOKYO)にて10月29日、開場18:00・開演19:00。会場公式スケジュールの掲載内容に基づき、料金は1階スタンディング 9,500円。","","","","",""
"220","","INORAN TOUR Determine 2026 GRAND FINAL ""Naked Again""","","INORAN","rock","oneman","東京都・江東区","Zepp DiverCity(TOKYO)","","tokyo","2026-10-30","2026-10-30","","","18:00","19:00","","","","","","","","","","","","","","通常チケット 8,800円(ドリンク代別)","Zepp公式サイト","https://www.zepp.co.jp/hall/divercity/schedule/single/?rid=161169","","35.6250","139.7756","INORANの「INORAN TOUR Determine 2026 GRAND FINAL ""Naked Again""」東京公演。Zepp DiverCity(TOKYO)にて10月30日、開場18:00・開演19:00。会場公式スケジュールの掲載内容に基づき、料金は通常チケット 8,800円。","","","","",""
"221","","SHELTER 35th Anniversary Finale "" ZeppがSHELTERになります "" DAY1","","結束バンド","anime","event","東京都・江東区","Zepp DiverCity(TOKYO)","","tokyo","2026-11-01","2026-11-01","","","16:30","17:30","","","","","","","","SOLD OUT","","","","","","要問合せ","Zepp公式サイト","https://www.zepp.co.jp/hall/divercity/schedule/single/?rid=156378","","35.6250","139.7756","結束バンドの「SHELTER 35th Anniversary Finale "" ZeppがSHELTERになります "" DAY1」東京公演。Zepp DiverCity(TOKYO)にて11月1日、開場16:30・開演17:30。会場公式スケジュールの掲載内容に基づき、料金は完売表示。","","","","",""
"222","","SHELTER 35th Anniversary Finale "" ZeppがSHELTERになります "" DAY2","","サバシスター|フラワーカンパニーズ","rock","event","東京都・江東区","Zepp DiverCity(TOKYO)","","tokyo","2026-11-02","2026-11-02","","","17:30","18:30","","","","","","","","","","","","","","オールスタンディング 3,935円／2F指定 3,935円(ドリンク代別)","Zepp公式サイト","https://www.zepp.co.jp/hall/divercity/schedule/single/?rid=156379","","35.6250","139.7756","サバシスターの「SHELTER 35th Anniversary Finale "" ZeppがSHELTERになります "" DAY2」東京公演。Zepp DiverCity(TOKYO)にて11月2日、開場17:30・開演18:30。会場公式スケジュールの掲載内容に基づき、料金はオールスタンディング 3,935円／2F指定 3,935円。","","","","",""
"223","","ヒルクライム ZEPP TOUR「2026」","","ヒルクライム","hiphop","oneman","東京都・江東区","Zepp DiverCity(TOKYO)","","tokyo","2026-11-03","2026-11-03","","","16:00","17:00","","","","","","","","","","","","","","VIP席 13,000円／指定席 9,000円／2F指定席 10,000円(ドリンク代別)","Zepp公式サイト","https://www.zepp.co.jp/hall/divercity/schedule/single/?rid=156995","","35.6250","139.7756","ヒルクライムの「ヒルクライム ZEPP TOUR「2026」」東京公演。Zepp DiverCity(TOKYO)にて11月3日、開場16:00・開演17:00。会場公式スケジュールの掲載内容に基づき、料金はVIP席 13,000円／指定席 9,000円／2F指定席 10,000円。","","","","",""
"224","","レキシ アコースティックツアー 2026 ～稲･遷都･ワールド～","","レキシ","pop","oneman","東京都・江東区","Zepp DiverCity(TOKYO)","","tokyo","2026-11-04","2026-11-04","","","17:30","18:30","","","","","","","","","","","","","","全席指定 8,800円／2階後方立見 7,700円(ドリンク代別)","Zepp公式サイト","https://www.zepp.co.jp/hall/divercity/schedule/single/?rid=160939","","35.6250","139.7756","レキシの「レキシ アコースティックツアー 2026 ～稲･遷都･ワールド～」東京公演。Zepp DiverCity(TOKYO)にて11月4日、開場17:30・開演18:30。会場公式スケジュールの掲載内容に基づき、料金は全席指定 8,800円／2階後方立見 7,700円。","","","","",""
"225","","きゅるにじすたんだーど","","きゅるりんってしてみて|虹のコンキスタドール|わーすた","idol","event","東京都・江東区","Zepp DiverCity(TOKYO)","","tokyo","2026-11-05","2026-11-05","","","18:00","19:00","","","","","","","","","","","","","","1Fスタンディング(整理番号付き) 8,800円／2F指定席(全席指定) 9,900円(ドリンク代別)","Zepp公式サイト","https://www.zepp.co.jp/hall/divercity/schedule/single/?rid=161889","","35.6250","139.7756","きゅるりんってしてみての「きゅるにじすたんだーど」東京公演。Zepp DiverCity(TOKYO)にて11月5日、開場18:00・開演19:00。会場公式スケジュールの掲載内容に基づき、料金は1Fスタンディング(整理番号付き) 8,800円／2F指定席(全席指定) 9,900円。","","","","",""
"226","","秋山黄色","","秋山黄色","rock","oneman","東京都・江東区","Zepp DiverCity(TOKYO)","","tokyo","2026-11-06","2026-11-06","","","18:00","19:00","","","","","","","","","","","","","","スタンディング 6,300円／2F指定席 6,800円(ドリンク代別)","Zepp公式サイト","https://www.zepp.co.jp/hall/divercity/schedule/single/?rid=161709","","35.6250","139.7756","秋山黄色の「秋山黄色」東京公演。Zepp DiverCity(TOKYO)にて11月6日、開場18:00・開演19:00。会場公式スケジュールの掲載内容に基づき、料金はスタンディング 6,300円／2F指定席 6,800円。","","","","",""
"227","","スーパー戦隊魂 XX 2026“東京DAY1”","","影山ヒロノブ|嶋大輔|鈴木けんじ|速水けんたろう|山形ユキオ|高取ヒデアキ|遠藤正明|岩崎貴文|Sister MAYO☆","anime","event","東京都・江東区","Zepp DiverCity(TOKYO)","","tokyo","2026-11-07","2026-11-07","","","16:30","17:30","","","","","","","","","","","","","","1階S指定席 12,000円／1階A指定席 11,000円／2階指定席 11,000円／後方スタンディング 9,500円(ドリンク代別)","Zepp公式サイト","https://www.zepp.co.jp/hall/divercity/schedule/single/?rid=157339","","35.6250","139.7756","影山ヒロノブの「スーパー戦隊魂 XX 2026“東京DAY1”」東京公演。Zepp DiverCity(TOKYO)にて11月7日、開場16:30・開演17:30。会場公式スケジュールの掲載内容に基づき、料金は1階S指定席 12,000円／1階A指定席 11,000円／2階指定席 11,000円／後方スタンディング 9,500円。","","","","",""
"228","","スーパー戦隊魂 XX 2026“東京DAY2”","","ささきいさお|堀江美都子|MoJo|串田アキラ|宮内タカユキ|NewJack拓郎|高山成孝|伊勢大貴","anime","event","東京都・江東区","Zepp DiverCity(TOKYO)","","tokyo","2026-11-08","2026-11-08","","","15:30","16:30","","","","","","","","","","","","","","1階S指定席 12,000円／1階A指定席 11,000円／2階指定席 11,000円／後方スタンディング 9,500円(ドリンク代別)","Zepp公式サイト","https://www.zepp.co.jp/hall/divercity/schedule/single/?rid=157340","","35.6250","139.7756","ささきいさおの「スーパー戦隊魂 XX 2026“東京DAY2”」東京公演。Zepp DiverCity(TOKYO)にて11月8日、開場15:30・開演16:30。会場公式スケジュールの掲載内容に基づき、料金は1階S指定席 12,000円／1階A指定席 11,000円／2階指定席 11,000円／後方スタンディング 9,500円。","","","","",""
"229","","「From AG! with Love 〜ライブハウスより愛を込めて〜」","","新しい学校のリーダーズ","pop","oneman","東京都・江東区","Zepp DiverCity(TOKYO)","","tokyo","2026-11-09","2026-11-09","","","18:00","19:00","","","","","","","","","","","","","","1階スタンディングチケット 8,500円／2階指定席 8,500円(ドリンク代別)","Zepp公式サイト","https://www.zepp.co.jp/hall/divercity/schedule/single/?rid=161764","","35.6250","139.7756","新しい学校のリーダーズの「「From AG! with Love 〜ライブハウスより愛を込めて〜」」東京公演。Zepp DiverCity(TOKYO)にて11月9日、開場18:00・開演19:00。会場公式スケジュールの掲載内容に基づき、料金は1階スタンディングチケット 8,500円／2階指定席 8,500円。","","","","",""
"230","","CHANYEOL JAPAN TOUR 2026","","CHANYEOL","kpop","oneman","東京都・江東区","Zepp DiverCity(TOKYO)","","tokyo","2026-11-11","2026-11-11","","","17:30","18:30","","","","","","","","","","","","","","1階スタンディング 14,800円／2階指定席 14,800円(ドリンク代別)","Zepp公式サイト","https://www.zepp.co.jp/hall/divercity/schedule/single/?rid=158333","","35.6250","139.7756","CHANYEOLの「CHANYEOL JAPAN TOUR 2026」東京公演。Zepp DiverCity(TOKYO)にて11月11日、開場17:30・開演18:30。会場公式スケジュールの掲載内容に基づき、料金は1階スタンディング 14,800円／2階指定席 14,800円。","","","","",""
"231","","日食なつこ 未発表曲ツアー「エリア未来2 “ブラックホール”」","","日食なつこ","pop","oneman","東京都・江東区","Zepp DiverCity(TOKYO)","","tokyo","2026-11-14","2026-11-14","","","16:45","17:30","","","","","","","","","","","","","","指定席 6,900円／2階立見 6,900円(ドリンク代別)","Zepp公式サイト","https://www.zepp.co.jp/hall/divercity/schedule/single/?rid=156000","","35.6250","139.7756","日食なつこの「日食なつこ 未発表曲ツアー「エリア未来2 “ブラックホール”」」東京公演。Zepp DiverCity(TOKYO)にて11月14日、開場16:45・開演17:30。会場公式スケジュールの掲載内容に基づき、料金は指定席 6,900円／2階立見 6,900円。","","","","",""
"232","","Nothing's Carved In Stone「Perfect Sounds ～Progressive Tracks～ ＋ Live on November 15th 2026」","","Nothing's Carved In Stone","rock","oneman","東京都・江東区","Zepp DiverCity(TOKYO)","","tokyo","2026-11-15","2026-11-15","","","17:00","18:00","","","","","","","","","","","","","","1Fスタンディング 5,800円／2F指定席 5,800円／1Fスタンディング(学割) 4,000円／2F指定席(学割) 4,000円(ドリンク代別)","Zepp公式サイト","https://www.zepp.co.jp/hall/divercity/schedule/single/?rid=159475","","35.6250","139.7756","Nothing's Carved In Stoneの「Nothing's Carved In Stone「Perfect Sounds ～Progressive Tracks～ ＋ Live on November 15th 2026」」東京公演。Zepp DiverCity(TOKYO)にて11月15日、開場17:00・開演18:00。会場公式スケジュールの掲載内容に基づき、料金は1Fスタンディング 5,800円／2F指定席 5,800円／1Fスタンディング(学割) 4,000円／2F指定席(学割) 4,000円。","","","","",""
"233","","BELLRING GIRLS HEART NOIR TOUR2026","","BELLRING少女ハート","idol","oneman","東京都・新宿区","Zepp Shinjuku(TOKYO)","","tokyo","2026-10-13","2026-10-13","","","18:00","19:00","","","","","","","","","","","","","","S-Ticket 10,000円／A-Ticket 2,900円／手売りTicket 1,500円(ドリンク代別)","Zepp公式サイト","https://www.zepp.co.jp/hall/shinjuku/schedule/single/?rid=161202","","35.6939","139.7036","BELLRING少女ハートの「BELLRING GIRLS HEART NOIR TOUR2026」東京公演。Zepp Shinjuku(TOKYO)にて10月13日、開場18:00・開演19:00。会場公式スケジュールの掲載内容に基づき、料金はS-Ticket 10,000円／A-Ticket 2,900円／手売りTicket 1,500円。","","","","",""
"234","","Wings of Artemis 6th Anniversary ONEMAN LIVE 〜 Rising Sun 〜","","アルテミスの翼","idol","oneman","東京都・新宿区","Zepp Shinjuku(TOKYO)","","tokyo","2026-10-14","2026-10-14","","","18:00","19:00","","","","","","","","","","","","","","要問合せ","Zepp公式サイト","https://www.zepp.co.jp/hall/shinjuku/schedule/single/?rid=161415","","35.6939","139.7036","アルテミスの翼の「Wings of Artemis 6th Anniversary ONEMAN LIVE 〜 Rising Sun 〜」東京公演。Zepp Shinjuku(TOKYO)にて10月14日、開場18:00・開演19:00。会場公式スケジュールの掲載内容に基づき、料金は要問合せ。","","","","",""
"235","","NOMELON NOLEMON 2man Live ""CANVS""","","NOMELON NOLEMON|なとり","pop","event","東京都・新宿区","Zepp Shinjuku(TOKYO)","","tokyo","2026-10-24","2026-10-24","","","17:00","18:00","","","","","","","","","","","","","","スタンディング 7,700円(ドリンク代別)","Zepp公式サイト","https://www.zepp.co.jp/hall/shinjuku/schedule/single/?rid=165489","","35.6939","139.7036","NOMELON NOLEMONの「NOMELON NOLEMON 2man Live ""CANVS""」東京公演。Zepp Shinjuku(TOKYO)にて10月24日、開場17:00・開演18:00。会場公式スケジュールの掲載内容に基づき、料金はスタンディング 7,700円。","","","","",""
"236","","吉澤嘉代子 “歌う星ツアー2026”","","吉澤嘉代子","pop","oneman","東京都・新宿区","Zepp Shinjuku(TOKYO)","","tokyo","2026-10-25","2026-10-25","","","17:00","18:00","","","","","","","","SOLD OUT","","","","","","要問合せ","Zepp公式サイト","https://www.zepp.co.jp/hall/shinjuku/schedule/single/?rid=158538","","35.6939","139.7036","吉澤嘉代子の「吉澤嘉代子 “歌う星ツアー2026”」東京公演。Zepp Shinjuku(TOKYO)にて10月25日、開場17:00・開演18:00。会場公式スケジュールの掲載内容に基づき、料金は完売表示。","","","","",""
"237","","PEAK SPOT JOIN vol.11","","fav me|Toi Toi Toi|log you","idol","event","東京都・新宿区","Zepp Shinjuku(TOKYO)","","tokyo","2026-10-31","2026-10-31","","","16:30","17:30","","","","","","","","","","","","","","前方（スタンディング） 9,000円／一般（スタンディング） 5,000円／カメラ（スタンディング） 10,000円／お試し（スタンディング、後方エリア） 2,000円(ドリンク代別)","Zepp公式サイト","https://www.zepp.co.jp/hall/shinjuku/schedule/single/?rid=157642","","35.6939","139.7036","fav meの「PEAK SPOT JOIN vol.11」東京公演。Zepp Shinjuku(TOKYO)にて10月31日、開場16:30・開演17:30。会場公式スケジュールの掲載内容に基づき、料金は前方（スタンディング） 9,000円／一般（スタンディング） 5,000円／カメラ（スタンディング） 10,000円／お試し（スタンディング、後方エリア） 2,000円。","","","","",""
"238","","のん自由 (10) ツアー 2026","","のん","pop","oneman","東京都・新宿区","Zepp Shinjuku(TOKYO)","","tokyo","2026-11-01","2026-11-01","","","16:00","17:00","","","","","","","","","","","","","","スタンディング 8,500円／U-25割：スタンディング＊公演当日25歳以下の方 (要身分証明証) 4,500円(ドリンク代別)","Zepp公式サイト","https://www.zepp.co.jp/hall/shinjuku/schedule/single/?rid=160152","","35.6939","139.7036","のんの「のん自由 (10) ツアー 2026」東京公演。Zepp Shinjuku(TOKYO)にて11月1日、開場16:00・開演17:00。会場公式スケジュールの掲載内容に基づき、料金はスタンディング 8,500円／U-25割：スタンディング＊公演当日25歳以下の方 (要身分証明証) 4,500円。","","","","",""
"239","","POP YOURS presents Golden Age Tour","","AOTO|HARKA|Jellyyabashi|Kianna|Siero|27AM(AtoZ)","hiphop","event","東京都・新宿区","Zepp Shinjuku(TOKYO)","","tokyo","2026-11-03","2026-11-03","","","16:00","17:00","","","","","","","","","","","","","","要問合せ","Zepp公式サイト","https://www.zepp.co.jp/hall/shinjuku/schedule/single/?rid=160153","","35.6939","139.7036","AOTOの「POP YOURS presents Golden Age Tour」東京公演。Zepp Shinjuku(TOKYO)にて11月3日、開場16:00・開演17:00。会場公式スケジュールの掲載内容に基づき、料金は要問合せ。","","","","",""
"240","","R指定 ONEMAN TOUR 2026 「-WAR-」","","R指定","rock","oneman","東京都・新宿区","Zepp Shinjuku(TOKYO)","","tokyo","2026-11-06","2026-11-06","","","17:30","18:30","","","","","","","","","","","","","","スタンディング 7,000円(ドリンク代別)","Zepp公式サイト","https://www.zepp.co.jp/hall/shinjuku/schedule/single/?rid=161033","","35.6939","139.7036","R指定の「R指定 ONEMAN TOUR 2026 「-WAR-」」東京公演。Zepp Shinjuku(TOKYO)にて11月6日、開場17:30・開演18:30。会場公式スケジュールの掲載内容に基づき、料金はスタンディング 7,000円。","","","","",""
"241","","初⼼者にも優しい⾃由に⾒ていいワンマン","","0.1gの誤算","rock","oneman","東京都・新宿区","Zepp Shinjuku(TOKYO)","","tokyo","2026-11-10","2026-11-10","","","17:30","18:30","","","","","","","","","","","","","","前⽅Aチケット(FC限定) 6,000円／初⼼者エリアBチケット 4,000円／2階最前Cチケット 15,000円／当日 6,500円(ドリンク代別)","Zepp公式サイト","https://www.zepp.co.jp/hall/shinjuku/schedule/single/?rid=161414","","35.6939","139.7036","0.1gの誤算の「初⼼者にも優しい⾃由に⾒ていいワンマン」東京公演。Zepp Shinjuku(TOKYO)にて11月10日、開場17:30・開演18:30。会場公式スケジュールの掲載内容に基づき、料金は前⽅Aチケット(FC限定) 6,000円／初⼼者エリアBチケット 4,000円／2階最前Cチケット 15,000円／当日 6,500円。","","","","",""
"242","","eill presents Therapy at the Floor supported by ライブナタリー","","eill|Furui Riho","pop","event","東京都・新宿区","Zepp Shinjuku(TOKYO)","","tokyo","2026-11-13","2026-11-13","","","17:30","18:30","","","","","","","","","","","","","","スタンディング 8,000円(ドリンク代別)","Zepp公式サイト","https://www.zepp.co.jp/hall/shinjuku/schedule/single/?rid=164980","","35.6939","139.7036","eillの「eill presents Therapy at the Floor supported by ライブナタリー」東京公演。Zepp Shinjuku(TOKYO)にて11月13日、開場17:30・開演18:30。会場公式スケジュールの掲載内容に基づき、料金はスタンディング 8,000円。","","","","",""
"243","","初Zeppワンマン『いままでのこと、これからのこと』","","セカンドバッカー","rock","oneman","東京都・新宿区","Zepp Shinjuku(TOKYO)","","tokyo","2026-11-14","2026-11-14","","","16:00","17:00","","","","","","","","SOLD OUT","","","","","","要問合せ","Zepp公式サイト","https://www.zepp.co.jp/hall/shinjuku/schedule/single/?rid=160859","","35.6939","139.7036","セカンドバッカーの「初Zeppワンマン『いままでのこと、これからのこと』」東京公演。Zepp Shinjuku(TOKYO)にて11月14日、開場16:00・開演17:00。会場公式スケジュールの掲載内容に基づき、料金は完売表示。","","","","",""
"244","","NICE TO MEET YOU tour 2026","","GLIM SPANKY|a子","rock","oneman","東京都・新宿区","Zepp Shinjuku(TOKYO)","","tokyo","2026-11-15","2026-11-15","","","17:00","18:00","","","","","","","","","","","","","","オールスタンディング 6,500円／学割 4,000円(ドリンク代別)","Zepp公式サイト","https://www.zepp.co.jp/hall/shinjuku/schedule/single/?rid=159918","","35.6939","139.7036","GLIM SPANKYの「NICE TO MEET YOU tour 2026」東京公演。Zepp Shinjuku(TOKYO)にて11月15日、開場17:00・開演18:00。会場公式スケジュールの掲載内容に基づき、料金はオールスタンディング 6,500円／学割 4,000円。","","","","",""
"245","","FINLANDS「娯楽'26」","","FINLANDS","rock","oneman","東京都・新宿区","Zepp Shinjuku(TOKYO)","","tokyo","2026-11-22","2026-11-22","","","17:00","18:00","","","","","","","","","","","","","","スタンディング 5,500円／スタンディング（学割チケット） 4,500円(ドリンク代別)","Zepp公式サイト","https://www.zepp.co.jp/hall/shinjuku/schedule/single/?rid=161689","","35.6939","139.7036","FINLANDSの「FINLANDS「娯楽'26」」東京公演。Zepp Shinjuku(TOKYO)にて11月22日、開場17:00・開演18:00。会場公式スケジュールの掲載内容に基づき、料金はスタンディング 5,500円／スタンディング（学割チケット） 4,500円。","","","","",""
"246","","【GETTiNG BETTER】-30th Anniversary Party-""Special""","","GRAPEVINE|ストレイテナー|a flood of circle","rock","event","東京都・新宿区","Zepp Shinjuku(TOKYO)","","tokyo","2026-11-23","2026-11-23","","","16:30","16:30","","","","","","","","","","","","","","オールスタンディング 8,888円(ドリンク代別)","Zepp公式サイト","https://www.zepp.co.jp/hall/shinjuku/schedule/single/?rid=159919","","35.6939","139.7036","GRAPEVINEの「【GETTiNG BETTER】-30th Anniversary Party-""Special""」東京公演。Zepp Shinjuku(TOKYO)にて11月23日、開場16:30・開演16:30。会場公式スケジュールの掲載内容に基づき、料金はオールスタンディング 8,888円。","","","","",""
"247","","TENDOUJI LIVEHOUSE TOUR 2026 EASY PUNK PARK FINAL ""THEDAY"" at ZEPP SHINJUKU","","TENDOUJI|Tempalay","rock","event","東京都・新宿区","Zepp Shinjuku(TOKYO)","","tokyo","2026-11-24","2026-11-24","","","18:00","19:00","","","","","","","","","","","","","","STANDING 一般 4,800円／STANDING 学割 3,500円(ドリンク代別)","Zepp公式サイト","https://www.zepp.co.jp/hall/shinjuku/schedule/single/?rid=163933","","35.6939","139.7036","TENDOUJIの「TENDOUJI LIVEHOUSE TOUR 2026 EASY PUNK PARK FINAL ""THEDAY"" at ZEPP SHINJUKU」東京公演。Zepp Shinjuku(TOKYO)にて11月24日、開場18:00・開演19:00。会場公式スケジュールの掲載内容に基づき、料金はSTANDING 一般 4,800円／STANDING 学割 3,500円。","","","","",""
"248","","RabbitBit 4th Anniversary One-Man Live『全⼒』","","ラビットビット","idol","oneman","東京都・新宿区","Zepp Shinjuku(TOKYO)","","tokyo","2026-11-25","2026-11-25","","","18:00","19:00","","","","","","","","","","","","","","SSチケット 50,000円／Sチケット 10,000円／一般チケット 2,000円(ドリンク代別)","Zepp公式サイト","https://www.zepp.co.jp/hall/shinjuku/schedule/single/?rid=162646","","35.6939","139.7036","ラビットビットの「RabbitBit 4th Anniversary One-Man Live『全⼒』」東京公演。Zepp Shinjuku(TOKYO)にて11月25日、開場18:00・開演19:00。会場公式スケジュールの掲載内容に基づき、料金はSSチケット 50,000円／Sチケット 10,000円／一般チケット 2,000円。","","","","",""
"249","","SUGIZO TOUR 2026「THE ASCENSION TO THE NEXT ERA」","","SUGIZO","rock","oneman","東京都・新宿区","Zepp Shinjuku(TOKYO)","","tokyo","2026-11-26","2026-11-26","","","17:30","18:30","","","","","","","","","","","","","","前方スタンディング 10,000円／一般指定席 11,000円(ドリンク代別)","Zepp公式サイト","https://www.zepp.co.jp/hall/shinjuku/schedule/single/?rid=161716","","35.6939","139.7036","SUGIZOの「SUGIZO TOUR 2026「THE ASCENSION TO THE NEXT ERA」」東京公演。Zepp Shinjuku(TOKYO)にて11月26日、開場17:30・開演18:30。会場公式スケジュールの掲載内容に基づき、料金は前方スタンディング 10,000円／一般指定席 11,000円。","","","","",""
"250","","STILL PINK TOUR 2026","","ポルカドットスティングレイ","rock","oneman","東京都・新宿区","Zepp Shinjuku(TOKYO)","","tokyo","2026-11-27","2026-11-27","","","17:30","18:30","","","","","","","","","","","","","","スタンディング 6,500円(ドリンク代別)","Zepp公式サイト","https://www.zepp.co.jp/hall/shinjuku/schedule/single/?rid=160438","","35.6939","139.7036","ポルカドットスティングレイの「STILL PINK TOUR 2026」東京公演。Zepp Shinjuku(TOKYO)にて11月27日、開場17:30・開演18:30。会場公式スケジュールの掲載内容に基づき、料金はスタンディング 6,500円。","","","","",""
"251","","kobore EMBERS TOUR 〜10th Anniversary〜","","kobore","rock","oneman","東京都・新宿区","Zepp Shinjuku(TOKYO)","","tokyo","2026-11-28","2026-11-28","","","17:00","18:00","","","","","","","","","","","","","","スタンディング 4,000円(ドリンク代別)","Zepp公式サイト","https://www.zepp.co.jp/hall/shinjuku/schedule/single/?rid=158973","","35.6939","139.7036","koboreの「kobore EMBERS TOUR 〜10th Anniversary〜」東京公演。Zepp Shinjuku(TOKYO)にて11月28日、開場17:00・開演18:00。会場公式スケジュールの掲載内容に基づき、料金はスタンディング 4,000円。","","","","",""
"252","","UNCHAIN presents 30th Anniv. ""Another departure from Zepp Shinjuku""","","UNCHAIN","pop","oneman","東京都・新宿区","Zepp Shinjuku(TOKYO)","","tokyo","2026-11-29","2026-11-29","","","16:00","17:00","","","","","","","","","","","","","","スタンディング 6,000円(ドリンク代別)","Zepp公式サイト","https://www.zepp.co.jp/hall/shinjuku/schedule/single/?rid=158974","","35.6939","139.7036","UNCHAINの「UNCHAIN presents 30th Anniv. ""Another departure from Zepp Shinjuku""」東京公演。Zepp Shinjuku(TOKYO)にて11月29日、開場16:00・開演17:00。会場公式スケジュールの掲載内容に基づき、料金はスタンディング 6,000円。","","","","",""
"253","","FANTASTIC◇CIRCUSLIVE Tour 2026【_ ADD ROCK FOR LIFE _】season2.FINAL","","FANTASTIC◇CIRCUS","rock","oneman","東京都・江東区","豊洲PIT","","tokyo","2026-10-12","2026-10-12","","","16:00","17:00","","","","","","","","","","","","","","全席指定 8,800円(税込・ドリンク代別)","豊洲PIT公式サイト","https://toyosu.pia-pit.jp/schedule/202610/8851.html","https://fantasticcircus.com/","35.6486","139.7986","FANTASTIC◇CIRCUSのライブツアーseason2のファイナル。豊洲PITで10月12日(月)、開場16:00・開演17:00。全席指定8,800円。販売はWEBのみ、1回の申込につき4枚まで。","3歳以上有料、2歳以下入場不可。公演の延期・中止以外の払い戻しは原則なし。","","新豊洲駅（徒歩3分）／豊洲駅（徒歩12分）","",""
"254","","The Rags To Riches Tour ⅥI","","Ken Yokoyama|KUZIRA","rock","oneman","東京都・江東区","豊洲PIT","","tokyo","2026-10-14","2026-10-14","","","18:00","19:00","","","","","","","","","","","","","","スタンディング 4,800円(前売・ドリンク代別)","豊洲PIT公式サイト","https://toyosu.pia-pit.jp/schedule/202610/8853.html","https://kenyokoyama.com/","35.6486","139.7986","Ken Yokoyamaの全国ツアー「The Rags To Riches Tour ⅥI」東京公演。ゲストにKUZIRAが出演。豊洲PITで10月14日(水)、開場18:00・開演19:00のスタンディング。","小学生以下は保護者1名につき1名まで入場可(チケット不要・指定スペースで観覧)","","新豊洲駅（徒歩3分）／豊洲駅（徒歩12分）","",""
"255","","うるトラすフェスタSP","","AsIs|かすみ草とステラ|カラフルスクリーム|Sweet Alley|Toi Toi Toi|ティラミス|テラテラ|虜なるプレリュード","idol","event","東京都・江東区","豊洲PIT","","tokyo","2026-10-16","2026-10-16","","","12:30","13:00","","","","","","","","","","","","","","前方 7,000円／一般 3,000円(ドリンク代別)","豊洲PIT公式サイト","https://toyosu.pia-pit.jp/schedule/202610/8871.html","https://x.com/ultras_festa/all","35.6486","139.7986","アイドル20組超が出演する対バンイベント「うるトラすフェスタSP」。AsIs、Toi Toi Toi、log youらが豊洲PITに集結。10月16日(金)、開場12:30・開演13:00。前方7,000円・一般3,000円。","再入場禁止。出演者変更の可能性あり。チケットはTicketDive","","新豊洲駅（徒歩3分）／豊洲駅（徒歩12分）","",""
"256","","Plastic Tree Phylogenetic Tree Tour Act.4 -a piece of “cell.”-","","Plastic Tree","rock","oneman","東京都・江東区","豊洲PIT","","tokyo","2026-10-17","2026-10-17","","","16:00","17:00","","","","","","","","","","","","","","全席指定 7,500円(税込・ドリンク代別)","豊洲PIT公式サイト","https://toyosu.pia-pit.jp/schedule/202610/8873.html","https://plastic-tree.com/plastictree/","35.6486","139.7986","Plastic Treeのツアー「Phylogenetic Tree Tour Act.4」の東京公演。豊洲PITで10月17日(土)、開場16:00・開演17:00。全席指定7,500円。ローソンチケット・イープラス・チケットぴあで販売。","3歳以上有料、3歳未満入場不可","","新豊洲駅（徒歩3分）／豊洲駅（徒歩12分）","",""
"257","","ウタヒメドリーム 3周年記念 5thライブ 秋のユニットまつり","","山﨑玲奈|鈴木杏奈|其原有沙|花耶|礒部花凜|鷲見友美ジェナ|倉知玲鳳|竹内夢","anime","event","東京都・江東区","豊洲PIT","","tokyo","2026-10-18","2026-10-18","","","13:45","14:30","","昼夜2回公演(夜は開場17:45・開演18:30)","","","","","","","","","","","","S席(特典付)22,000円ほか(税込)","豊洲PIT公式サイト","https://toyosu.pia-pit.jp/schedule/202610/8875.html","https://event.utadori.com/5th/","35.6486","139.7986","ウタヒメドリーム3周年を記念する5thライブ。声優陣が出演する「秋のユニットまつり」を豊洲PITで10月18日(日)に昼夜2回開催。昼は開場13:45・開演14:30。S席は特典付22,000円。","S席は前方エリア。詳細な券種・料金は豊洲PITの公演ページ参照","","新豊洲駅（徒歩3分）／豊洲駅（徒歩12分）","",""
"258","","iLIVE! HALLOWEEN","","iLiFE!|iON!|iMiN!|Appare!|ウメコマチ|STAiNY|高嶺のなでしこ|chuLa","idol","event","東京都・江東区","豊洲PIT","","tokyo","2026-10-21","2026-10-21","","","11:00","11:30","","","","","","","","","","","","","","Sチケット(前方) 10,000円／一般 4,000円／女性 3,500円(入場時別途ドリンク代)","豊洲PIT公式サイト","https://toyosu.pia-pit.jp/schedule/202610/8887.html","https://x.com/info_iLiVE","35.6486","139.7986","iLiFE!、iON!、iMiN!、Appare!ら20組超のアイドルが集まるハロウィンの対バンイベント。豊洲PITで10月21日(水)、開場11:00・開演11:30。Sチケット10,000円・一般4,000円。","4歳以上チケット必要。チケットはTicketDive","","新豊洲駅（徒歩3分）／豊洲駅（徒歩12分）","",""
"259","","キャロフェス","","AVAM|きゅるりんってしてみて|NANIMONO|わーすた","idol","event","東京都・江東区","豊洲PIT","","tokyo","2026-10-24","2026-10-24","","","16:30","17:30","","","","","","","","","","","","","","一般(スタンディング) 7,700円(税込・ドリンク代別)","豊洲PIT公式サイト","https://toyosu.pia-pit.jp/schedule/202610/8893.html","https://diskgarage.com/ticket/detail/102781","35.6486","139.7986","AVAM、きゅるりんってしてみて、NANIMONO、わーすたが出演する対バンイベント「キャロフェス」。豊洲PITで10月24日(土)、開場16:30・開演17:30。スタンディング7,700円。","未就学児入場不可。チケットの転売・譲渡禁止、本人確認あり","","新豊洲駅（徒歩3分）／豊洲駅（徒歩12分）","",""
"260","","SILENT SIREN LIVE TOUR 2026 “TRIANGLE”","","SILENT SIREN","rock","oneman","東京都・江東区","豊洲PIT","","tokyo","2026-10-25","2026-10-25","","","16:00","17:00","","","","","","","","","","","","","","スタンディング 6,600円(整理番号付)／指定席 6,600円(税込・ドリンク代別)","豊洲PIT公式サイト","https://toyosu.pia-pit.jp/schedule/202610/8889.html","https://silent-siren.com/triangle/","35.6486","139.7986","SILENT SIRENの全国ツアー「TRIANGLE」東京公演。豊洲PITで10月25日(日)、開場16:00・開演17:00。スタンディングと指定席はともに6,600円で、指定席はローソンチケットのみの取扱い。","指定席はローソンチケット限定の取扱い","","新豊洲駅（徒歩3分）／豊洲駅（徒歩12分）","",""
"261","","「ハロウィンやで☆しらんけど」","","モナキ","idol","oneman","東京都・江東区","豊洲PIT","","tokyo","2026-10-27","2026-10-27","","","18:00","19:00","","","","","","","","","","","","","","要問合せ","豊洲PIT公式サイト","https://toyosu.pia-pit.jp/schedule/202610/8891.html","https://monaki.jp/","35.6486","139.7986","モナキによるハロウィン企画ワンマン「ハロウィンやで☆しらんけど」。豊洲PITで10月27日(火)、開場18:00・開演19:00。スタンディング(整理番号付)で、チケットぴあで販売。","未就学児入場不可。転売チケットは入場不可。ドリンク代別途","","新豊洲駅（徒歩3分）／豊洲駅（徒歩12分）","",""
"262","","ONE AND ONLY Vol.46 SP","","AsIs|最終未来少女|SEKAIE☆|高嶺のなでしこ|ドラマチックレコード|NEVER END ROLL|フルコース|Peel the Apple","idol","event","東京都・江東区","豊洲PIT","","tokyo","2026-10-29","2026-10-29","","","14:00","14:30","","","","","","","","","","","","","","前方優先エリア 11,000円／一般 6,000円／女性・学生 3,000円(税込・ドリンク代別)","豊洲PIT公式サイト","https://toyosu.pia-pit.jp/schedule/202610/8895.html","https://diskgarage.com/ticket/detail/102963","35.6486","139.7986","アイドル15組が出演する対バン企画「ONE AND ONLY Vol.46 SP」。AsIs、最終未来少女、SEKAIE☆ら。豊洲PITで10月29日(木)、開場14:00・開演14:30。一般6,000円。","未就学児は保護者同伴に限り入場無料。出演者変更時の払い戻しなし","","新豊洲駅（徒歩3分）／豊洲駅（徒歩12分）","",""
"263","","2026 N.Flying LIVE ‘&CON5 : into REM IN JAPAN","","N.Flying","kpop","oneman","東京都・江東区","豊洲PIT","","tokyo","2026-10-31","2026-10-31","","","16:00","17:00","","","","","","","","","","","","","","一般スタンディング 18,500円(ドリンク代別)","豊洲PIT公式サイト","https://toyosu.pia-pit.jp/schedule/202610/8885.html","https://nflying-official.jp/","35.6486","139.7986","韓国バンドN.Flyingの日本公演「&CON5 : into REM」。豊洲PITで10月31日(土)、開場16:00・開演17:00のスタンディング。一般18,500円。DISK GARAGEが問い合わせ先。","未就学児入場不可","","新豊洲駅（徒歩3分）／豊洲駅（徒歩12分）","",""
"264","","IDOL BATTLE ALIVE 2026","","SKE48|NMB48|美味しい曖昧|Pixel Ribbon|まねきケチャ|#Mooove!|RE-GE|Ringwanderung|ロージークロニクル|OCHA NORMA","idol","event","東京都・江東区","豊洲PIT","","tokyo","2026-11-02","2026-11-02","","","17:00","17:45","","","","","","","","","","","","","","前方優先エリア 10,000円／通常エリア 6,000円","豊洲PIT公式サイト","https://toyosu.pia-pit.jp/schedule/202608/8779.html","https://lemino.docomo.ne.jp/ft/0000126/","35.6486","139.7986","SKE48・NMB48のメンバーと各地のアイドルが競うバトル形式イベント。前回王者OCHA NORMAも出演。豊洲PITで11月2日(月)、開場17:00・開演17:45。前方優先10,000円・通常6,000円。","出演者変更の可能性あり、変更に伴う払戻なし","","新豊洲駅（徒歩3分）／豊洲駅（徒歩12分）","",""
"265","","2026 IS:SUE 2ND TOUR - THE EDITION","","IS:SUE","kpop","oneman","東京都・江東区","豊洲PIT","","tokyo","2026-11-04","2026-11-04","","","17:30","18:30","","","","","","","","","","","","","","スタンディング 11,000円(税込・ドリンク代別)","豊洲PIT公式サイト","https://toyosu.pia-pit.jp/schedule/202610/8880.html","https://is-sue.jp/","35.6486","139.7986","IS:SUEの2ndツアー「THE EDITION」の東京公演。豊洲PITで11月4日(水)、開場17:30・開演18:30のスタンディング。11,000円(税込)で、ドリンク代は別途必要。問い合わせはDISK GARAGE。","","","新豊洲駅（徒歩3分）／豊洲駅（徒歩12分）","",""
"266","","I Built You A Tower Tour","","DEATH CAB FOR CUTIE","rock","oneman","東京都・江東区","豊洲PIT","","tokyo","2026-11-09","2026-11-09","","","18:00","19:00","","","","","","","","一般発売","2026-05-23","","","","","オールスタンディング 11,000円(税込・別途1ドリンク)","クリエイティブマン","https://toyosu.pia-pit.jp/schedule/202604/8518.html","https://www.creativeman.co.jp/event/death-cab-for-cutie_2026/","35.6486","139.7986","米国のインディーロックバンドDEATH CAB FOR CUTIEの来日公演。ツアー「I Built You A Tower Tour」で豊洲PITに登場。11月9日(月)、開場18:00・開演19:00。オールスタンディング11,000円。","未就学児入場不可","","新豊洲駅（徒歩3分）／豊洲駅（徒歩12分）","",""
"267","","Crystal Lake presents TRUE NORTH FESTIVAL 2026","","Crystal Lake|coldrain|マキシマム ザ ホルモン|花冷え。|山嵐|Prompts|SHADOWS|NOISEMAKER","rock","fes","東京都・江東区","豊洲PIT","","tokyo","2026-11-22","2026-11-22","","","12:00","13:00","","","","","","","","","","","","","","スタンディング 8,800円(税込・整理番号付・入場時別途ドリンク代)","豊洲PIT公式サイト","https://toyosu.pia-pit.jp/schedule/202610/8882.html","https://www.livenationhip.co.jp/en/all-events/crystal-lake-tickets-ae1186013","35.6486","139.7986","Crystal Lake主宰のヘヴィ系ロックフェス。coldrain、マキシマム ザ ホルモン、花冷え。、山嵐、After the Burialなどが出演。豊洲PITで11月22日(日)、開場12:00・開演13:00。8,800円。","3歳以上有料。出演者の変更・キャンセルに伴う払い戻しなし","","新豊洲駅（徒歩3分）／豊洲駅（徒歩12分）","",""
"268","","I can't play the guitar 2026","","僕はギターが弾けない","rock","oneman","東京都・江東区","豊洲PIT","","tokyo","2026-12-03","2026-12-03","","","18:00","19:00","","","","","","","","","","","","","","一般(座席指定) 8,800円(ドリンク代600円別)","豊洲PIT公式サイト","https://toyosu.pia-pit.jp/schedule/202610/8838.html","https://www.instagram.com/bokuguitar/","35.6486","139.7986","「僕はギターが弾けない」の2026年公演。豊洲PITで12月3日(木)、開場18:00・開演19:00。一般(座席指定)8,800円で、別途ドリンク代600円が必要。問い合わせはADDICT。","小学生以上チケット必要・未就学児入場不可。再入場不可","","新豊洲駅（徒歩3分）／豊洲駅（徒歩12分）","",""
"269","","TOUR 2026「おかしなダンス」 追加公演","","ゲスの極み乙女","rock","oneman","東京都・江東区","豊洲PIT","","tokyo","2026-12-16","2026-12-16","","","18:00","19:00","","","","","","","1","","","","","","","スタンディング 7,000円(ドリンク代別)","豊洲PIT公式サイト","https://toyosu.pia-pit.jp/schedule/202608/8788.html","https://gesuotome.com/","35.6486","139.7986","ゲスの極み乙女のツアー「おかしなダンス」の追加公演。豊洲PITで12月16日(水)、開場18:00・開演19:00のスタンディング。7,000円で、ドリンク代は別途必要。問い合わせはDISK GARAGE。","小学生以上チケット必要、未就学児は保護者同伴で入場無料","","新豊洲駅（徒歩3分）／豊洲駅（徒歩12分）","",""
"270","","LINDBERG LIVE TOUR 2026 「POP STEP JUMP」","","LINDBERG","pop","oneman","東京都・江東区","豊洲PIT","","tokyo","2026-12-18","2026-12-18","","","18:00","19:00","","","","","","","","一般発売","2026-08-08","12:00","","","","全席指定 7,700円(ドリンク代別)","豊洲PIT公式サイト","https://toyosu.pia-pit.jp/schedule/202604/8516.html","https://flight-lindberg.com/","35.6486","139.7986","LINDBERGのライブツアー「POP STEP JUMP」東京公演。豊洲PITで12月18日(金)、開場18:00・開演19:00の全席指定で7,700円。チケットぴあ・ローソンチケット・イープラスで販売。","未就学児入場不可","","新豊洲駅（徒歩3分）／豊洲駅（徒歩12分）","",""
"271","","髙木凜々子が奏でる モーツァルト ヴァイオリン協奏曲全集 vol.1","","髙木凜々子","classical","classic","東京都・渋谷区","Hakuju Hall","","tokyo","2026-11-25","2026-11-25","","","18:30","19:00","","","","","","","","","","","","","","全席指定 5,500円(税込)","Hakuju Hall公式サイト","https://hakujuhall.jp/concerts/detail/4599","","35.6674","139.6902","ヴァイオリニスト髙木凜々子による新シリーズ「モーツァルト ヴァイオリン協奏曲全集」の第1回。Hakuju Hallで11月25日(水)、開場18:30・開演19:00。全席指定5,500円(税込)。","","","","",""
"272","","弦楽七重奏による「メタモルフォーゼン」 浪漫派の変容～ブラームスからリヒャルト・シュトラウスへ","","白井圭|岡本誠司|山崎伸子","classical","classic","東京都・渋谷区","Hakuju Hall","","tokyo","2026-12-01","2026-12-01","","","18:30","19:00","","","","","","","","","","","","","","全席指定 5,500円(税込)","Hakuju Hall公式サイト","https://hakujuhall.jp/concerts/detail/4600","","35.6674","139.6902","白井圭、岡本誠司、山崎伸子らによる弦楽七重奏「メタモルフォーゼン」。ブラームスからリヒャルト・シュトラウスへの浪漫派の変容を辿る。Hakuju Hallで12月1日(火)、開場18:30・開演19:00。5,500円。","","","","",""
"273","","第191回 リクライニング・コンサート 鈴木舞＆杉田恵理＆伊東裕","","鈴木舞|杉田恵理|伊東裕","classical","classic","東京都・渋谷区","Hakuju Hall","","tokyo","2026-12-10","2026-12-10","","","14:30","15:00","","昼夜2回公演(夜は開場19:00・開演19:30)・約1時間・休憩なし","","","","","","","","","","","","各回全席指定リクライニング席 2,750円(税込)","Hakuju Hall公式サイト","https://hakujuhall.jp/concerts/detail/4601","","35.6674","139.6902","鈴木舞(ヴァイオリン)、杉田恵理(ヴィオラ)、伊東裕(チェロ)による第191回リクライニング・コンサート。Hakuju Hallで12月10日(木)15:00と19:30の2回、各回約1時間。2,750円。","","","","",""
"274","","Chamber Music Kaleidos ～ピアノ五重奏～ 名曲ドヴォルザークと神童コルンゴルトの難曲に挑む！","","郷古廉|小川響子|中恵菜|水野優也|水谷友彦","classical","classic","東京都・渋谷区","Hakuju Hall","","tokyo","2026-12-15","2026-12-15","","","18:30","19:00","","","","","","","","発売中","","","","","","全席指定 5,500円(税込)","Hakuju Hall公式サイト","https://hakujuhall.jp/concerts/detail/4602","","35.6674","139.6902","郷古廉、小川響子、中恵菜、水野優也、水谷友彦による室内楽「Chamber Music Kaleidos」のピアノ五重奏。ドヴォルザークとコルンゴルトに挑む。Hakuju Hallで12月15日(火)、開場18:30・開演19:00。","","","","",""
"275","","黒木渚 TOUR 2026「神様イン・ザ・トートバッグ」東京公演","","","","","","恵比寿ザ・ガーデンホール","","tokyo","2026-10-25","2026-10-25","","","16:00","17:00","","","","","","","","一般発売","2026-08-15","10:00","","","","全席指定 7,500円／親子席 7,500円(税込・ドリンク代別)","恵比寿ガーデンプレイス公式","https://gardenplace.jp/event/detail/983","https://gardenplace.jp/event/detail/983","35.6428","139.7133","","小学生以上はチケット必要、イヤーマフを必ず持参。未就学児は保護者1名につき1名まで入場無料。プレイガイドはイープラス","あり（恵比寿ガーデンプレイス内、30分400円、最大料金 昼間4,000円／夜間1,600円）","恵比寿駅東口（徒歩5分）／恵比寿駅1番出口（徒歩7分）","",""
"276","","『JUNE ROCK FESTIVAL 2026』","","Wienners|キュウソネコカミ|ネクライトーキー|バックドロップシンデレラ|THEラブ人間|四星球|ビレッジマンズストア|夜の本気ダンス|忘れらんねえよ|眉村ちあき","rock","fes","神奈川県・川崎市川崎区","川崎CLUB CITTA'","","kanagawa","2026-10-10","2026-10-10","","","13:00","14:00","","第一部13:00開場/14:00開演、第二部21:45開場/22:15開演(オールナイト的二部制)","","","","","","一般発売","2026-09-05","10:00","","","","スタンディング 第一部 7,800円(18歳以下5,800円)／第二部 6,800円／通し券 12,800円(税込・ドリンク代600円別)","CLUB CITTA'","https://clubcitta.co.jp/schedule/1671","https://junerockfes.com/","35.5306","139.7000","一部「夢の競演」と二部「悪夢の狂宴」に分かれる、川崎CLUB CITTA'恒例のロックフェス。CHAOSステージを併設し、ライブ好きのバンドが昼から深夜まで連続で出演する二部制イベント。","第二部・通し券は18歳未満購入不可。第一部終了後は一度全員退場","","JR川崎駅（徒歩約5分）／京急川崎駅（徒歩約7分）","",""
"277","","XANVALA PRESENTS “VASALA FEST. 2026”","","XANVALA|摩天楼オペラ|BugLug|CODOMO DRAGON|アルルカン|JILUKA|RAZOR|NICOLAS","rock","fes","神奈川県・川崎市川崎区","川崎CLUB CITTA'","","kanagawa","2026-11-02","2026-11-02","","","14:45","15:30","","","","","","","","一般発売","2026-09-05","10:00","","","","スタンディング 前売 6,500円／当日券 7,500円(税込・ドリンク代600円別)","CLUB CITTA'","https://clubcitta.co.jp/schedule/1747","https://xanvala.com/","35.5306","139.7000","ヴィジュアル系バンドXANVALAが主催する対バン形式のフェス。摩天楼オペラ、BugLug、アルルカンなど同シーンの8組が川崎CLUB CITTA'に集結する一日。","公演中止・延期以外の払い戻しなし。プレイガイド先行は終了","","JR川崎駅（徒歩約5分）／京急川崎駅（徒歩約7分）","",""
"278","","渋谷レゲエ祭2026","","","other","fes","神奈川県・川崎市川崎区","川崎CLUB CITTA'","","kanagawa","2026-11-04","2026-11-04","","","14:30","15:30","","","","","","","","一般発売","2026-08-30","19:00","","","限定Tシャツ付きVIP席(30,000円)はSOLD OUT","1Fスタンディング 8,888円／限定Tシャツ付き1Fスタンディング(数量限定) 12,000円(税込・ドリンク代600円別)。限定Tシャツ付きVIP席 30,000円はSOLD OUT","CLUB CITTA'","https://clubcitta.co.jp/schedule/1639","https://shibuyareggaesai.com/2026/","35.5306","139.7000","SPICY CHOCOLATEをホストサウンドに、レゲエ・ダンスホールのアーティストが集うイベント。11月4日の川崎CLUB CITTA'開催で、VIP席は完売済み。","","","JR川崎駅（徒歩約5分）／京急川崎駅（徒歩約7分）","",""
"279","","Halloween DECA DANCE","","","dance","event","神奈川県・川崎市川崎区","川崎CLUB CITTA'","","kanagawa","2026-10-31","2026-10-31","","","24:00","24:15","","オールナイト(深夜開場)","","","","","","一般発売","2026-09-21","19:00","","","","前売 5,000円／当日券 5,500円(税込・ドリンク代600円別)","LivePocket","https://livepocket.jp/e/20261031_hdd","","35.5306","139.7000","ハロウィンの夜に開かれる川崎CLUB CITTA'の深夜ダンスイベント。24時開場の一夜で、ダンスチームやDJが入れ替わりで登場するお祭り形式。","公的身分証の提示が必要。整理番号なし(並び順に入場)","","JR川崎駅（徒歩約5分）／京急川崎駅（徒歩約7分）","",""
"280","","Gekojam 2026","","HIGE|koooya+KooDa|Lui|YU-KI|Daiki|キムラモトコ|Mori Minami|おそら","other","event","神奈川県・川崎市川崎区","川崎CLUB CITTA'","","kanagawa","2026-10-23","2026-10-23","","","17:00","17:30","","","","","","","","一般発売","2026-09-11","12:00","","","","優先入場 5,500円／一般 4,500円／2階指定席 6,500円(税込・ドリンク代600円別)","ローソンチケット","https://clubcitta.co.jp/schedule/1802","https://gkkj.tokyo/","35.5306","139.7000","HIGEらシンガーやパフォーマーが集う川崎CLUB CITTA'のGekojam。10月22日と23日の2日間開催で、こちらは2日目。ドリンク代別、優先入場や2階指定席もある。","","","JR川崎駅（徒歩約5分）／京急川崎駅（徒歩約7分）","",""
"281","","松山あおい生誕単独公演「未来旅行」","","松山あおい","idol","oneman","神奈川県・川崎市川崎区","川崎CLUB CITTA'","","kanagawa","2026-10-26","2026-10-26","","","17:00","18:30","","","","","","","","一般発売","2026-08-18","15:00","","","","玄人(最前指定席) 10,000円／限界(前方指定席) 5,000円／達人(指定席) 3,000円／初心者(後方自由席・立見) 2,000円(税込・ドリンク代600円別)","CLUB CITTA'","https://clubcitta.co.jp/schedule/1770","","35.5306","139.7000","松山あおいの生誕を祝う川崎CLUB CITTA'での単独公演。バンド編成(Key・Gu・Ba・Dr)にVJとダンサーが加わり、最前から後方立見まで4つの券種で観られる。","","","JR川崎駅（徒歩約5分）／京急川崎駅（徒歩約7分）","",""
"282","","日食なつこ 未発表曲ツアー「エリア未来2 “ブラックホール”」","にっしょくなつこ","日食なつこ","pop","oneman","神奈川県・横浜市西区","KT Zepp Yokohama","","kanagawa","2026-10-09","2026-10-09","","","18:15","19:00","","","","","","","","","","","","","","指定席 6,900円","Zepp Yokohama","https://www.zepp.co.jp/hall/yokohama/schedule/","","35.4642","139.6300","ピアノ弾き語りで知られる日食なつこが、未発表曲だけで構成するツアーの横浜公演。KT Zepp Yokohamaの指定席で、既発表曲に頼らない新曲披露の場となる。","","","","",""
"283","","BONBON. 1st Live tour 「あなたになりたいだけじゃなく。」","","BONBON.","pop","oneman","神奈川県・横浜市西区","KT Zepp Yokohama","","kanagawa","2026-10-10","2026-10-10","","","16:00","17:00","","","","","","","","","","","","","","前方エリア優先チケット 13,800円／一般 8,800円","Zepp Yokohama","https://www.zepp.co.jp/hall/yokohama/schedule/","","35.4642","139.6300","BONBON.の初のライブツアー『あなたになりたいだけじゃなく。』のKT Zepp Yokohama公演。前方エリア優先チケットが別枠で用意されている。","","","","",""
"284","","レトロリロン Zepp Tour 2026「アブノーマルライフハック」","","レトロリロン","rock","oneman","神奈川県・横浜市西区","KT Zepp Yokohama","","kanagawa","2026-10-15","2026-10-15","","","18:00","19:00","","","","","","","","","","","","","","1Fスタンディング 5,800円／2F指定席 5,800円","Zepp Yokohama","https://www.zepp.co.jp/hall/yokohama/schedule/","","35.4642","139.6300","レトロリロンが初めてZeppを回るツアー『アブノーマルライフハック』の横浜公演。1Fはスタンディング、2Fは指定席で、同額で選べる。","","","","",""
"285","","ねぐせ。ワンマンツアー2026 「君を強く抱きしめたいんだ！」","","ねぐせ。","rock","oneman","神奈川県・横浜市西区","KT Zepp Yokohama","","kanagawa","2026-10-18","2026-10-18","","","17:00","18:00","","","","","","","","","","","","","","1Fスタンディング 6,000円／2F指定席 6,500円","Zepp Yokohama","https://www.zepp.co.jp/hall/yokohama/schedule/","","35.4642","139.6300","ねぐせ。のワンマンツアー『君を強く抱きしめたいんだ！』の横浜公演。KT Zepp Yokohamaの日曜夜、1Fスタンディングと2F指定席から選べる。","","","","",""
"286","","ralph ONE MAN LIVE 2026 ""Coast 2 Coast"" at ZEPP横浜","","ralph","pop","oneman","神奈川県・横浜市西区","KT Zepp Yokohama","","kanagawa","2026-10-20","2026-10-20","","","18:30","19:30","","","","","","","","","","","","","","スタンディング(一般) 7,800円／スタンディング(横浜市民割) 4,500円／2F指定席 7,800円","Zepp Yokohama","https://www.zepp.co.jp/hall/yokohama/schedule/","","35.4642","139.6300","ralphのワンマンライブ『Coast 2 Coast』。横浜市民割のスタンディング券(4,500円)が用意され、地元の人は一般より3,300円安く入れる。","","","","",""
"287","","go!go!vanillas presents「ぼくらのタイマン上等ツアー」","","go!go!vanillas","rock","event","神奈川県・横浜市西区","KT Zepp Yokohama","","kanagawa","2026-10-21","2026-10-21","","","18:00","19:00","","","","","","","","","","","","","","1Fスタンディング 6,900円／2F指定 6,900円","Zepp Yokohama","https://www.zepp.co.jp/hall/yokohama/schedule/","","35.4642","139.6300","go!go!vanillasが主催する対バンツアー『ぼくらのタイマン上等ツアー』の横浜1日目。翌22日にはMONO NO AWAREを迎える公演が続く。","","","","",""
"288","","go!go!vanillas presents「ぼくらのタイマン上等ツアー」 w/MONO NO AWARE","","go!go!vanillas|MONO NO AWARE","rock","event","神奈川県・横浜市西区","KT Zepp Yokohama","","kanagawa","2026-10-22","2026-10-22","","","18:00","19:00","","","","","","","","","","","","","","1Fスタンディング 6,900円／2F指定 6,900円","Zepp Yokohama","https://www.zepp.co.jp/hall/yokohama/schedule/","","35.4642","139.6300","go!go!vanillas主催の対バンツアー『ぼくらのタイマン上等ツアー』の横浜2日目。MONO NO AWAREとの2マンで、KT Zepp Yokohamaに2連続で登場する。","","","","",""
"289","","LINDBERG LIVE TOUR 2026 「Zepp STEP JUMP」","りんどばーぐ","LINDBERG","rock","oneman","神奈川県・横浜市西区","KT Zepp Yokohama","","kanagawa","2026-10-23","2026-10-23","","","18:00","19:00","","","","","","","","","","","","","","全席指定 7,700円","Zepp Yokohama","https://www.zepp.co.jp/hall/yokohama/schedule/","","35.4642","139.6300","LINDBERGのライブツアー『Zepp STEP JUMP』の横浜公演。Zeppを回るツアーで、KT Zepp Yokohamaは全席指定の着席スタイルで開かれる。","","","","",""
"290","","MECHATU-A 1st LIVE “Over Drive!”","","佐伯イッテツ|赤城ウェン|宇佐美リト|緋八マナ|星導ショウ|叢雲カゲツ|小柳ロウ|伊波ライ","other","event","神奈川県・横浜市西区","Kアリーナ横浜","","kanagawa","2026-10-10","2026-10-10","","","16:30","18:00","","","","","","","","","","","","","","S席(アリーナ席・特典付き) 14,500円／A席 11,000円(税込)","Kアリーナ横浜","https://k-arena.com/schedule/20261010-1/","","35.4644","139.6285","にじさんじの人気ユニットMECHATU-Aが初めて開く単独ライブ。8人のメンバーがKアリーナ横浜に揃い、S席にはアリーナ席と特典が付く。","","","","",""
"291","","剣持刀也リアルソロライブ【虚空狂宴】","","剣持刀也","other","oneman","神奈川県・横浜市西区","Kアリーナ横浜","","kanagawa","2026-10-11","2026-10-11","","","16:30","18:00","","","","","","","","","","","","","","要問合せ","Kアリーナ横浜","https://k-arena.com/schedule/20261011-1/","","35.4644","139.6285","にじさんじの剣持刀也が、Kアリーナ横浜で初めて開く実演のソロライブ『虚空狂宴』。10月は同会場で連日にじさんじ所属者の公演が続く週末。","","","","",""
"292","","Kuzuha One-Man Live “Bloody Alexandrite”","","葛葉|剣持刀也|不破湊|イブラヒム|ローレン・イロアス","other","oneman","神奈川県・横浜市西区","Kアリーナ横浜","","kanagawa","2026-10-12","2026-10-12","","","16:30","18:00","","","","","","","","","","","","","","S席(アリーナ席・S席特典・入場特典付き) 15,500円／A席(入場特典付き) 12,000円(税込)","Kアリーナ横浜","https://k-arena.com/schedule/20261012-1/","","35.4644","139.6285","にじさんじの葛葉が単独で開くワンマンライブ『Bloody Alexandrite』。剣持刀也ら4名の共演者を迎え、Kアリーナ横浜の祝日夜に開催される。","","","","",""
"293","","ゆず30周年開幕記念ライブ 心をとめないで","ゆず","ゆず","pop","oneman","神奈川県・横浜市西区","Kアリーナ横浜","","kanagawa","2026-10-23","2026-10-25","","2026-10-23|2026-10-24|2026-10-25","16:30","18:00","","10/24・10/25は開場15:00/開演16:30","","","","","","","","","","","","YZ席 21,800円／着席指定席 15,800円／指定席 12,800円／車椅子席 12,800円／親子席 9,900円／U-18席 7,700円(税込)","Kアリーナ横浜","https://k-arena.com/schedule/20261023-1/","","35.4644","139.6285","横浜出身のデュオ・ゆずが結成30周年の幕開けに、Kアリーナ横浜で3日間連続開催する記念ライブ。U-18席や親子席など家族で行ける券種がある。","","","","",""
"294","","Sakura Miko 2nd Live “Blooming Parade!!”","さくらみこ","さくらみこ","other","oneman","神奈川県・横浜市西区","Kアリーナ横浜","","kanagawa","2026-10-29","2026-10-29","","","17:00","18:30","","","","","","","","","","","","","","SS席 15,200円／バルコニー席 14,200円／S席 13,200円／A席 10,000円／B席 8,500円(税込)","Kアリーナ横浜","https://k-arena.com/schedule/20261029-1/","","35.4644","139.6285","ホロライブのさくらみこが、Kアリーナ横浜で開く2回目の単独ライブ『Blooming Parade!!』。SS席からB席まで5つの券種が用意されている。","","","","",""
"295","","STARフェス","","＝LOVE|NCT DREAM|NCT JNJM|ふぉ〜ゆ〜|ME:I|INI|aoen|CUTIE STREET|THE RAMPAGE|礼賛","idol|kpop","fes","神奈川県・横浜市西区","ぴあアリーナMM","","kanagawa","2026-10-10","2026-10-11","","2026-10-10|2026-10-11","16:00","17:00","","","","","","","","","","","","","","全席指定 12,800円／注釈付き指定席 12,800円(10/10のみ)／立見席 12,800円(10/10のみ)／配信 4,500円(税込)","チケットぴあ","https://w.pia.jp/t/starfes2026/","https://www.starfes.jp/","35.4589","139.6339","フジテレビの音楽番組『STAR』から生まれた初の大型ライブイベント。＝LOVE、NCT DREAM、INI、THE RAMPAGEら番組出演者が2日間集う。配信でも観られる。","未就学児入場不可。出演者変更による払戻不可。配信チケットあり(FOD・PIA LIVE STREAM)","なし（駐車場・駐輪場の用意なし。公共交通機関を利用）","みなとみらい駅（徒歩7分）／新高島駅（徒歩8分）／桜木町駅（徒歩8分）","",""
"296","","BKW!! Premium Party 〜Think Out Loud〜","","THE ORAL CIGARETTES","rock","oneman","神奈川県・横浜市西区","ぴあアリーナMM","","kanagawa","2026-10-12","2026-10-12","","","15:30","17:00","","","","","","","","","","","","","","アリーナ前方ブロック(スタンディング)・アリーナ後方ブロック(スタンディング)・スタンドS(指定席) 各8,500円(税込)。ほかの券種は公式で確認","ぴあアリーナMM","https://pia-arena-mm.jp/event/6550.html","","35.4589","139.6339","THE ORAL CIGARETTESのファンクラブ『BKW!!』向けのプレミアムパーティ。ぴあアリーナMMのアリーナはスタンディング、スタンドは指定席で観られる。","","なし（駐車場・駐輪場の用意なし。公共交通機関を利用）","みなとみらい駅（徒歩7分）／新高島駅（徒歩8分）／桜木町駅（徒歩8分）","",""
"297","","SIXFONIA One Man Live【Six-tuation】vol.Ⅲ -POISON-","","SIXFONIA","other","oneman","神奈川県・横浜市西区","ぴあアリーナMM","","kanagawa","2026-10-17","2026-10-18","","2026-10-17|2026-10-18","17:00","18:00","","","","","","","","","","","","","","全席指定 9,500円／アップグレード(追加料金) 10,000円(税込)","ぴあアリーナMM","https://pia-arena-mm.jp/event/7219.html","","35.4589","139.6339","SIXFONIAのワンマンライブ『Six-tuation』vol.Ⅲ『POISON』。ぴあアリーナMMで2日間開催され、全席指定にアップグレード券が追加で用意される。","","なし（駐車場・駐輪場の用意なし。公共交通機関を利用）","みなとみらい駅（徒歩7分）／新高島駅（徒歩8分）／桜木町駅（徒歩8分）","",""
"298","","FULL METAL JAPAN 2026 ～Powered by WACKEN～","","","rock","fes","神奈川県・横浜市西区","ぴあアリーナMM","","kanagawa","2026-10-24","2026-10-25","","2026-10-24|2026-10-25","12:00","13:00","","","","","","","","","","","","","","SS席 28,000円／S席 23,000円／A席 20,000円(税込)ほか。券種は公式で確認","ぴあアリーナMM","https://pia-arena-mm.jp/event/6743.html","","35.4589","139.6339","世界最大級のメタルフェス『WACKEN』を冠した、国内メタルバンドの祭典。ぴあアリーナMMで10月24日・25日の2日間、昼から開かれる。","","なし（駐車場・駐輪場の用意なし。公共交通機関を利用）","みなとみらい駅（徒歩7分）／新高島駅（徒歩8分）／桜木町駅（徒歩8分）","",""
"299","","KOBUKURO LIVE TOUR 2026 霞日和","こぶくろ","コブクロ","pop","oneman","神奈川県・横浜市西区","ぴあアリーナMM","","kanagawa","2026-10-31","2026-10-31","","","16:30","17:30","","","","","","","","","","","","","","指定席 9,600円(税込)","ぴあアリーナMM","https://pia-arena-mm.jp/event/6680.html","https://kobukuro.com/feature/kobukuro_tour2026","35.4589","139.6339","コブクロの全国ツアー『霞日和』の横浜公演。ぴあアリーナMMで開く10月31日の一夜で、指定席のみ。公式サイトにツアー特設ページがある。","","なし（駐車場・駐輪場の用意なし。公共交通機関を利用）","みなとみらい駅（徒歩7分）／新高島駅（徒歩8分）／桜木町駅（徒歩8分）","",""
"300","","1st SINGLE RELEASE ONE MAN TOUR 「湖に沈んだ街」","","MAMA.","rock","oneman","神奈川県・川崎市川崎区","川崎Serbian Night","","kanagawa","2026-10-16","2026-10-16","","","17:30","18:00","","","","","","","","先着一般発売","2026-09-07","10:00","2026-10-15","18:00","","前売 5,000円(+1D)／当日 5,500円(+1D)","イープラス","https://eplus.jp/sf/detail/4586550001-P0030001P021001?P1=1221","https://mama.fanpla.jp/","35.5280","139.6999","MAMA.の1stシングルリリースを記念したワンマンツアー「湖に沈んだ街」の関東公演。川崎セルビアンナイトで17時半開場、18時開演。イープラスの先着一般発売は前日の10月15日18時まで。スマチケ対応で手数料0円。","ドリンク代600円別(特記なき場合)。18歳未満は22時以降入場不可。スマチケ受取可","","川崎駅","",""
"301","","Human is Dead act.32","","おしゃぶり。|蜈蚣|マキナ|毒針|最愛の屑","other","event","神奈川県・川崎市川崎区","川崎Serbian Night","","kanagawa","2026-10-27","2026-10-27","","","16:30","17:00","","","","","","","","先着販売","2026-09-12","22:00","2026-10-26","23:59","","前売 4,000円(+1D)／当日 4,500円(+1D)","LivePocket","https://livepocket.jp/e/huis1027","","35.5280","139.6999","くらげ。レコーズ主催の対バン企画「Human is Dead」の第32回。おしゃぶり。、蜈蚣、マキナ、毒針、最愛の屑の5組が川崎セルビアンナイトに出演。16時半開場、17時開演。LivePocketで前日23時59分まで販売。","ドリンク代別。18歳未満は22時以降入場不可。コンビニ決済は販売終了の2日前まで","","川崎駅","",""
"303","","かける聖誕祭2026","","かける(ナナクロニクル)","other","oneman","神奈川県・川崎市川崎区","川崎Serbian Night","","kanagawa","2026-10-17","2026-10-17","","","16:30","17:00","","","","","","","","","","","","","","FC先行 4,000円(+1D)／一般 4,500円(+1D)","公式サイト","https://www.serbian-night.tv/ticket.html","https://www.serbian-night.tv/pickup/2026/202610.html","35.5280","139.6999","ナナクロニクルのかけるの生誕を祝う聖誕祭。川崎セルビアンナイトで16時半開場、17時開演。FC先行4,000円、一般販売4,500円(いずれもドリンク代別)。詳細はメンバーのブログで案内されている。","ドリンク代600円別(特記なき場合)。詳細は公式ブログ(ameblo.jp/nanachronicle/entry-12976475394.html)","","川崎駅","",""
"304","","おと聖誕祭2026","","おと(ナナクロニクル)","other","oneman","神奈川県・川崎市川崎区","川崎Serbian Night","","kanagawa","2026-10-18","2026-10-18","","","16:30","17:00","","","","","","","","","","","","","","FC先行 4,000円(+1D)／一般 4,500円(+1D)","公式サイト","https://www.serbian-night.tv/ticket.html","https://www.serbian-night.tv/pickup/2026/202610.html","35.5280","139.6999","ナナクロニクルのおとの生誕を祝う聖誕祭。前日のかける聖誕祭に続き、川崎セルビアンナイトで16時半開場、17時開演。FC先行4,000円、一般販売4,500円(いずれもドリンク代別)。","ドリンク代600円別(特記なき場合)。詳細は公式ブログ(ameblo.jp/nanachronicle/entry-12976505667.html)","","川崎駅","",""
"305","","PRE-CHARGE ONEMAN TOUR","","DIV","other","oneman","神奈川県・川崎市川崎区","川崎Serbian Night","","kanagawa","2026-11-02","2026-11-02","","","18:00","18:30","","","","","","","","","","","","","","前売 6,000円(+1D)／当日 要問合せ","公式サイト","https://www.serbian-night.tv/ticket.html","https://www.serbian-night.tv/pickup/2026/202611.html","35.5280","139.6999","DIVのワンマンツアー「PRE-CHARGE」の川崎公演。11月2日、川崎セルビアンナイトで18時開場、18時半開演。前売6,000円(ドリンク代別)、当日券の料金は未定。","ドリンク代600円別(特記なき場合)","","川崎駅","",""
"306","","THE MADNA 5TH GIG TOUR マッドギャラクシーベィビィーズ","","THE MADNA","other","oneman","神奈川県・川崎市川崎区","川崎Serbian Night","","kanagawa","2026-11-03","2026-11-03","","","16:00","16:30","","","","","","","","","","","","","","前売 5,000円(+1D)／当日 6,000円(+1D)","公式サイト","https://www.serbian-night.tv/ticket.html","https://www.serbian-night.tv/pickup/2026/202611.html","35.5280","139.6999","THE MADNAの5th GIGツアー「マッドギャラクシーベィビィーズ」の川崎公演。11月3日、川崎セルビアンナイトで16時開場、16時半開演。前売5,000円、当日6,000円(ドリンク代別)。","ドリンク代600円別(特記なき場合)","","川崎駅","",""
"307","","THE MICRO HEAD 4N'S presents MONTHLY 2MAN「B-EAST」","","THE MICRO HEAD 4N'S|アルルカン","other","event","神奈川県・川崎市川崎区","川崎Serbian Night","","kanagawa","2026-11-07","2026-11-07","","","17:00","17:30","","","","","","","","","","","","","","前売 6,600円(+1D)／当日 要問合せ","公式サイト","https://www.serbian-night.tv/ticket.html","https://www.serbian-night.tv/pickup/2026/202611.html","35.5280","139.6999","THE MICRO HEAD 4N'Sの毎月2マン企画「B-EAST」の11月回で、アルルカンと共演する。川崎セルビアンナイトで17時開場、17時半開演。前売6,600円(ドリンク代別)。","ドリンク代600円別(特記なき場合)。問い合わせはDISK GARAGE","","川崎駅","",""
"308","","RAZOR 10th ANNIVERSARY ONEMAN TOUR X - tenth -","","RAZOR","other","oneman","神奈川県・川崎市川崎区","川崎Serbian Night","","kanagawa","2026-11-11","2026-11-12","","","18:00","18:30","","11/12は開場17:00・開演17:30","","","","","","","","","","","","前売 6,600円(+1D)／当日 7,700円(+1D)","公式サイト","https://www.serbian-night.tv/ticket.html","https://www.serbian-night.tv/pickup/2026/202611.html","35.5280","139.6999","RAZORの結成10周年ワンマンツアー「X - tenth -」の川崎2デイズ。川崎セルビアンナイトで11月11日(開場18時・開演18時半)と12日(開場17時・開演17時半)の連日開催。前売6,600円、当日7,700円。","ドリンク代600円別(特記なき場合)。問い合わせはDISK GARAGE","","川崎駅","",""
"309","","鶴 5周目の47都道府県ツアー「鶴フェスへの道」 神奈川公演","","鶴|ASH","rock","oneman","神奈川県・横浜市中区","横浜BAYSIS","","kanagawa","2026-10-11","2026-10-11","","","15:30","16:00","","","","","","","","一般発売","2026-07-04","10:00","2026-10-09","18:00","","前売 4,800円","イープラス","https://eplus.jp/sf/detail/4552220001-P0030001","","35.4463","139.6366","鶴の5周目47都道府県ツアー「鶴フェスへの道」の神奈川公演で、ASHが共演する。横浜BAYSISで15時半開場、16時開演。イープラスの受付は10月9日18時まで。","ドリンク代別","","関内駅","",""
"310","","ラックライフ TOUR 2026 「はなしのつづき」","","ラックライフ","rock","oneman","神奈川県・横浜市中区","横浜BAYSIS","","kanagawa","2026-10-10","2026-10-10","","","16:30","17:00","","","","","","","","","","","","","","前売 4,800円","横浜BAYSIS","http://www.yokohamabaysis.com/schedule.php","","35.4463","139.6366","ラックライフのツアー「はなしのつづき」の横浜公演。横浜BAYSISで16時半開場、17時開演、前売4,800円。問い合わせはDISK GARAGE。4歳以上はチケットが必要。","4歳以上要チケット。問い合わせ: DISK GARAGE","","関内駅","",""
"311","","ウラニーノ結成25周年ツアー2026 横浜編","","ウラニーノ|夜ハ短シ|Stephan Songs|無限放送","other","event","神奈川県・横浜市中区","横浜BAYSIS","","kanagawa","2026-10-17","2026-10-17","","","18:00","18:30","","","","","","","","TIGET予約","2026-07-25","20:00","","","配信チケットはツイキャスプレミアで2026-10-07 20:00から発売","前売 3,000円／当日 3,500円／配信 2,500円","TIGET","https://tiget.net/events/508488","","35.4463","139.6366","ウラニーノの結成25周年ツアー横浜編。夜ハ短シ、Stephan Songs、無限放送(井垣宏章・本田太郎)が共演する。横浜BAYSISで18時開場、18時半開演。会場予約はTIGET、配信はツイキャスプレミア。","規定数に達した時点で予約受付終了","","関内駅","",""
"312","","もののけ奇譚 外伝 奏の章 〜語り手が集う音楽会〜","","スキップカウズ|ピストルモンキーズ|ダイナマイト☆ナオキ|MEGANEKO TRIBE","other","event","神奈川県・横浜市中区","横浜BAYSIS","","kanagawa","2026-10-18","2026-10-18","","","18:00","18:30","","","","","","","","TIGET予約","2026-07-28","20:00","","","","前売 3,500円／当日 4,000円／配信 3,000円","TIGET","https://tiget.net/events/506397","","35.4463","139.6366","語り手が集う音楽会「もののけ奇譚 外伝 奏の章」。スキップカウズ、ピストルモンキーズ、ダイナマイト☆ナオキ、MEGANEKO TRIBEの4組が出演。横浜BAYSISで18時開場、18時半開演。","規定数に達した時点で予約受付終了。配信あり(ツイキャスプレミア)","","関内駅","",""
"313","","BAYSIS presents KANNAI STORM 2026","","青栁智義|ウラニーノ|Elizabeth.eight|Emptea|Canaria|ガムシロップ|スキップカウズ|ピストルモンキーズ","other","fes","神奈川県・横浜市中区","横浜BAYSIS","","kanagawa","2026-11-08","2026-11-08","","","","","","","","","","","","一般発売","2026-08-16","10:00","","","","前売 4,500円(リストバンド交換時ドリンク代600円別)","イープラス","https://eplus.jp/sf/detail/4581980001-P0030001","http://www.yokohamabaysis.com/kannaistorm/2026/","35.4463","139.6366","横浜関内のライブハウスを回遊するサーキットイベント。BAYSIS主催で今年も開催。青栁智義、ウラニーノ、ガムシロップら多数が出演。当日はBAYSISでリストバンドを交換して各会場へ入場する。","小学生以下は保護者同伴で入場無料。10:30からリストバンド交換開始","","関内駅","",""
"314","","LOCALGREEN FESTIVAL'26","","LUCKY TAPES|YONA YONA WEEKENDERS|NakamuraEmi|TENDRE|Hana Hope|Mariana Matsui|Ryu Matsuyama|Grace Aimi","pop","free","神奈川県・横浜市中区","横浜赤レンガ倉庫","","kanagawa","2026-11-07","2026-11-08","","","","","","","","","","2026-09-18","","入場無料","","","","","","入場無料","公式サイト","https://localgreen.jp/","https://localgreen.jp/","35.4531","139.6444","横浜赤レンガ倉庫のイベント広場で開く音楽とグリーンカルチャーのフェス。2026年から入場無料のフリーフェスに生まれ変わった。7日はTENDREやGrace Aimi、8日はLUCKY TAPESやYONA YONA WEEKENDERSらが出演(第2弾発表)。","出演は9月18日の第2弾発表時点で and more あり。日割りは公式サイトで確認","","馬車道駅","",""
"315","","挾間美帆 デンマークラジオ・ビッグバンド","はざまみほ","挾間美帆|デンマークラジオ・ビッグバンド","jazz","classic","埼玉県・所沢市","所沢市民文化センター ミューズ","","saitama","2026-11-23","2026-11-23","","","15:15","16:00","","","","","","2026-10-02","","一般発売","2026-05-26","","","","","全席指定 6,300円(メンバーズ倶楽部会員 5,300円)","所沢ミューズ","https://www.muse-tokorozawa.or.jp/event/detail/20261123/","https://www.muse-tokorozawa.or.jp/event/detail/20261123/","35.8002","139.4737","グラミー賞ノミネートの挾間美帆が首席指揮者を務めるデンマークラジオ・ビッグバンドの日本ツアー最終公演。アークホールにミューズ初登場し、最新アルバム『Frames』の楽曲などを披露する。","未就学児の入場不可。託児サービスあり(有料・要予約)。会場はアークホール","","","",""
"316","","川口リリア リオープン記念公演 ニューイヤーコンサート2027 名曲で綴る新春の贈り物","","松井慶太|佐藤晴真|周防亮介|務川慧悟|東京交響楽団","classical","classic","埼玉県・川口市","川口総合文化センター リリア","","saitama","2027-01-17","2027-01-17","","","14:15","15:00","","","","","","2026-10-08","","リリアメンバーズ先行受付","2026-10-10","10:00","","","B席(見切れ席 3,000円)はリリア・チケットセンターのみで取り扱い。一般前売は2026.10.11(日)10:00より","全席指定 S席 6,000円／A席 5,000円／B席(見切れ席) 3,000円(リリアメンバーズ S席 5,400円)(税込)","川口リリア","https://www.lilia.or.jp/event/3730","https://www.lilia.or.jp/event/3730","35.8010","139.7165","2年の休館を経て川口リリアに戻るニューイヤーコンサート。松井慶太指揮・東京交響楽団と、佐藤晴真(チェロ)、周防亮介(ヴァイオリン)、務川慧悟(ピアノ)が協奏曲3曲を競演する。","未就学児入場不可。会場はフカガワみらいホール(メインホール)。車椅子席・B席はリリア・チケットセンターのみ。出演者・曲目は変更の場合あり","","","",""
"317","","アニメ「暗殺教室」スペシャルイベント”同窓会の時間”","","","anime","event","埼玉県・越谷市","越谷サンシティホール","","saitama","2026-10-17","2026-10-17","","","","","","昼夜2回公演(昼の部 14:00開場/15:00開演、夜の部 17:30開場/18:30開演)","","","","","","","","","","","","全席指定 9,980円","越谷サンシティホール","https://suncityhall.jp/event-list1","","35.8736","139.7903","アニメ『暗殺教室』のスペシャルイベント『同窓会の時間』を越谷サンシティホール大ホールで開催。昼の部と夜の部の2回公演で、全席指定9,980円。出演者は会場ページでは確認できず。","","","","",""
"318","","東京シティ・フィルPresents すぎやまこういち／交響組曲「ドラゴンクエストⅢ」そして伝説へ･･･","","渡邊一正|東京シティ・フィルハーモニック管弦楽団","anime","classic","埼玉県・越谷市","越谷サンシティホール","","saitama","2026-11-15","2026-11-15","","","13:00","14:00","","","","","","","","","","","","","","全席指定 S席 6,000円／A席 5,000円(中学生以下半額)","越谷サンシティホール","https://suncityhall.jp/event-list1","","35.8736","139.7903","東京シティ・フィルが渡邊一正の指揮で、すぎやまこういち作曲の交響組曲『ドラゴンクエストIII』を演奏。越谷サンシティホール大ホールの日曜昼公演。","未就学児入場不可","","","",""
"319","","風輪コンサート2026～はじまりの風～","","風輪","pop","oneman","埼玉県・越谷市","越谷サンシティホール","","saitama","2026-10-30","2026-10-30","","","","","","2回公演(第1部 13:30開場/14:00開演、第2部 16:30開場/17:00開演)","","","","","","","","","","","","全席指定 S席 5,500円","越谷サンシティホール","https://suncityhall.jp/event-list1","","35.8736","139.7903","拓也・翔司による風輪のコンサート。越谷サンシティホール小ホールで昼夜2回開かれる。","未就学児入場不可","","","",""
"320","","沖仁 フラメンコギターコンサート with U-zhaan&石塚隆充","おきじん","沖仁|U-zhaan|石塚隆充","other","oneman","埼玉県・さいたま市大宮区","大宮ソニックシティ 小ホール","","saitama","2026-10-12","2026-10-12","","","","15:30","","","","","","","","","","","","","","全席指定 6,000円(ホールメンバーズ 5,800円)(税込)","ソニックシティ","https://www.sonic-city.or.jp/media/a2112","","","","フラメンコギタリスト沖仁が、タブラ奏者のU-zhaanとパーカッションの石塚隆充を迎えるコンサート。大宮ソニックシティ小ホールで開く祝日の午後公演。","主催は東京労音。問い合わせはRo-Onチケット","","","",""
"321","","葉加瀬太郎 コンサートツアー 2026 〜30th Anniversary〜 THIS IS THIRTY","はかせたろう","葉加瀬太郎","pop","oneman","埼玉県・さいたま市大宮区","大宮ソニックシティ 大ホール","","saitama","2026-10-31","2026-10-31","","","","16:30","","","","","","","","","","","","","","全席指定 11,000円(ホールメンバーズ 10,000円)(税込)","ソニックシティ","https://www.sonic-city.or.jp/media/a2105","","35.9061","139.6206","デビュー30周年を記念した葉加瀬太郎の全国ツアー埼玉公演。大宮ソニックシティ大ホールの土曜夕方公演で、東海東京フィナンシャル・グループ提供。","主催はBS朝日／FM NACK5。問い合わせはHOT STUFF PROMOTION","","","",""
"322","","ANRI LIVE 2026 Heaven Beach","あんり","ANRI","pop","oneman","埼玉県・さいたま市大宮区","大宮ソニックシティ 大ホール","","saitama","2026-11-01","2026-11-01","","","","16:45","","","","","","","","","","","","","","全席指定 11,000円(ホールメンバーズ 10,500円)(税込)","ソニックシティ","https://www.sonic-city.or.jp/media/a2106","","35.9061","139.6206","ANRIのライブツアー『Heaven Beach』の埼玉公演。大宮ソニックシティ大ホールで日曜の夕方に開催される。","主催は東京労音","","","",""
"323","","日本フィルハーモニー交響楽団 第158回さいたま定期演奏会","","広上淳一|宮田大|日本フィルハーモニー交響楽団","classical","classic","埼玉県・さいたま市大宮区","大宮ソニックシティ 大ホール","","saitama","2026-11-07","2026-11-07","","","13:00","14:00","","","","","","","","","","","","","","S席 6,000円／A席 4,500円／B席 3,500円／Ys席 2,000円(会員 S席 5,100円／A席 3,830円／B席 2,980円／Ys席 2,000円)(税込)","ソニックシティ","https://www.sonic-city.or.jp/media/2026158","","35.9061","139.6206","広上淳一指揮、宮田大のチェロでドヴォルジャークのチェロ協奏曲とチャイコフスキーの交響曲第5番を演奏する日本フィルのさいたま定期。土曜昼公演。","託児サービスあり(要予約・公演3日前まで)","","","",""
"324","","三山ひろしコンサート2026 〜スーパービタミンボイス〜","みやまひろし","三山ひろし","pop","oneman","埼玉県・さいたま市大宮区","大宮ソニックシティ 大ホール","","saitama","2026-12-08","2026-12-08","","","","13:30","","","","","","","","","","","","","","S席 7,500円(税込)","ソニックシティ","https://www.sonic-city.or.jp/media/a2163","","35.9061","139.6206","演歌歌手・三山ひろしの全国コンサート埼玉公演。大宮ソニックシティ大ホールの平日午後公演で、会員先行は9/8に始まっている。","主催はエール・プロモーション","","","",""
"325","","加藤登紀子 ほろ酔いコンサート2026","かとうときこ","加藤登紀子","pop","oneman","埼玉県・さいたま市大宮区","大宮ソニックシティ 大ホール","","saitama","2026-12-17","2026-12-17","","","","15:30","","","","","","","","","","","","","","全席指定 8,500円(ホールメンバーズ 8,000円)(税込)","ソニックシティ","https://www.sonic-city.or.jp/media/a2217","","35.9061","139.6206","加藤登紀子が歌と語りで贈る恒例のほろ酔いコンサート。大宮ソニックシティ大ホールの木曜午後公演。","主催はトキコ・プランニング/サンライズプロモーション","","","",""
"326","","日本フィル・ソニックシティ「第九」演奏会2026","","阪哲朗|隠岐彩夏|藤木大地|小堀勇介|池内響|埼玉第九合唱団|日本フィルハーモニー交響楽団","classical","classic","埼玉県・さいたま市大宮区","大宮ソニックシティ 大ホール","","saitama","2026-12-18","2026-12-18","","","18:00","19:00","","","","","","","","","","","","","","S席 7,000円(会員 5,950円)ほか(他券種は公式で確認)(税込)","ソニックシティ","https://www.sonic-city.or.jp/media/d92026","","35.9061","139.6206","阪哲朗指揮、日本フィルと埼玉第九合唱団によるベートーヴェン『第九』。開演前に阪哲朗と音楽評論家・小宮正安のトークがある。","託児サービスあり(要予約・公演3日前まで)","","","",""
"327","","ディズニー・オン・クラシック ～まほうの夜の音楽会 2026","","","classical","classic","埼玉県・さいたま市大宮区","大宮ソニックシティ 大ホール","","saitama","2026-12-26","2026-12-26","","","","17:30","","","","","","","","","","","","","","SS席 13,000円／S席 9,300円／A席 8,500円／学生席 2,000円(税込)","ソニックシティ","https://www.sonic-city.or.jp/media/a2141","","35.9061","139.6206","ディズニー音楽をオーケストラ演奏で楽しむ恒例の音楽会。大宮ソニックシティ大ホールの土曜夕方公演で、学生席の設定がある。","未就学児(小学生未満)入場不可。主催はZen-A","","","",""
"328","","仮面ライダースーパーライブ2027","","","anime","event","埼玉県・さいたま市大宮区","大宮ソニックシティ 大ホール","","saitama","2027-01-16","2027-01-16","","","","","","昼夜2回公演(①10:30開演／②14:30開演)","","","","","","ホールメンバーズ会員先行","2026-10-14","09:00","","","","全席指定 4,000円(当日券は500円増)(税込)","ソニックシティ","https://www.sonic-city.or.jp/media/a2249","","35.9061","139.6206","仮面ライダーシリーズの音楽ステージ『スーパーライブ』の埼玉公演。大宮ソニックシティ大ホールで1日2回開催。会員先行は2026/10/14 9:00から。","3歳未満は膝上無料(座席が必要な場合は有料)。主催はZen-A","","","",""
"329","","プラネタリウムコンサート Vol.52 林 愛実・長井進之介「星々を巡る音の旅路」","","林 愛実|長井進之介","classical","classic","埼玉県・久喜市","久喜総合文化会館","","saitama","2026-10-12","2026-10-12","","","15:00","15:30","","","","","","","","一般発売","2026-08-14","09:00","","","","全席指定 一般 1,800円／フレンズ会員 1,500円(税込)","久喜総合文化会館","https://www.kuki-bunka.jp/event/27702/","https://www.kuki-bunka.jp/event/27702/","36.0606","139.6679","フルートの林愛実とピアノの長井進之介が、銀河鉄道999、星に願いを、ホルスト《惑星》より木星などを演奏するプラネタリウム内のコンサート。","未就学児入場不可。会場はプラネタリウム。電話受付は8/17 9:00から","","","",""
"330","","ロビーコンサート＆マジックバルーンアート Vol.34 金風への誘い","","Esprit Libre|坂野慎哉|乗松寿音|三原奈那","classical","free","埼玉県・久喜市","久喜総合文化会館","","saitama","2026-10-16","2026-10-16","","","11:45","12:15","12:45","","","","","","","入場無料","","","","","","入場無料","久喜総合文化会館","https://www.kuki-bunka.jp/event/27755/","https://www.kuki-bunka.jp/event/27755/","36.0606","139.6679","マンドリン、ヴァイオリン、ピアノのトリオ Esprit Libre が、クラシックや映画音楽、オリジナル曲を演奏する無料のロビーコンサート。","当日10時よりエントランスロビーで整理券を配布(1人1枚)。立ち見の場合あり","","","",""
"331","","音楽の街・久喜！久喜ウインターコンサート2026","","","classical","classic","埼玉県・久喜市","久喜総合文化会館","","saitama","2026-12-06","2026-12-06","","","14:00","14:30","","","","","","","","一般発売","2026-08-21","09:00","","","","全席指定 一般 S席 2,500円／A席 2,000円／B席 1,000円／高校生以下 1,000円(S・A席)／フレンズ会員 S席 2,000円／A席 1,500円／B席 900円(税込)","久喜総合文化会館","https://www.kuki-bunka.jp/event/27437/","https://www.kuki-bunka.jp/event/27437/","36.0606","139.6679","久喜総合文化会館の冬の風物詩となっている市民参加の音楽コンサート。大ホールで開かれ、合唱参加者を募集している。","未就学児入場不可。高校生以下の券は窓口のみ。合唱参加者募集中。電話予約は8/24 9:00から","","","",""
"332","","埼玉会館ランチタイム・コンサート第71回 佐藤友紀(トランペット)","","佐藤友紀|大野真由子","classical","classic","埼玉県・さいたま市浦和区","埼玉会館","","saitama","2026-12-04","2026-12-04","","","","12:10","13:00","","","","","","","一般発売","2026-08-30","10:00","","","","全席指定 1,200円(税込)","埼玉会館","https://www.saf.or.jp/saitama/stages/detail/108419/","https://www.saf.or.jp/saitama/stages/detail/108419/","35.8572","139.6523","トランペットの佐藤友紀とピアノの大野真由子による、平日昼の埼玉会館ランチタイム・コンサート第71回。約50分で1,200円。","未就学児入場不可。託児サービスあり(要予約)","","","",""
"333","","ロイヤル・コンセルトヘボウ管弦楽団 ブラス・クインテット","ろいやるこんせるとへぼうかんげんがくだん","オマール・トマソニ|ミロ・ペトコフ|ケイティ・ウーリー|ヨルゲン・ファン・ライエン|ペリー・ホーヘンダイク","classical","classic","埼玉県・さいたま市浦和区","埼玉会館","","saitama","2027-02-27","2027-02-27","","","","15:00","","","","","","","","メンバーズ発売","2026-10-17","10:00","","","一般発売は2026.10.24(土)10:00。小学生〜18歳以下無料・同伴保護者半額席あり(詳細は後日公式で案内)","全席指定 一般 S席 5,000円／A席 3,500円／U-25 S席 3,000円／A席 2,500円／メンバーズ S席 4,500円／A席 3,200円(税込)","埼玉会館","https://www.saf.or.jp/saitama/stages/detail/108432","https://www.saf.or.jp/saitama/stages/detail/108432","35.8572","139.6523","コンセルトヘボウ管の金管奏者5人による来日公演。バッハ、バーバー、キャッツやウエスト・サイド・ストーリーのセレクションなどを埼玉会館大ホールで演奏する。","メンバーズ先行は10/17 10:00、一般は10/24 10:00","","","",""
"334","zelda40-2027","ゼルダの伝説40周年コンサート","","竹本泰蔵|ハイラル交響楽団|VocesTokyo|茨木智博|山宮るり子|田ノ岡三郎","anime|classical","classic","東京都・江東区","東京ガーデンシアター","","tokyo","2027-01-23","2027-01-23","","","12:00","13:00","","","","","","","","オフィシャル最速先行(抽選)","2026-09-25","10:00","2026-10-12","23:59","","マスターシート 16,500円(限定カードホルダー付・ローソンチケットのみ)／S席 14,300円／A席 11,000円(全席指定・税込)","公式サイト","https://www.promax.co.jp/zelda40thconcert","https://www.promax.co.jp/zelda40thconcert","35.6378","139.7921","ゼルダの伝説シリーズ誕生40周年を祝う、2018年以来9年ぶりの有観客オーケストラコンサート。竹本泰蔵の指揮でゲーム映像とともに歴代の名曲をフルオーケストラで演奏する。東京公演は1日のみで、一般発売は11月18日10時から。","未就学児入場不可。一般発売は2026-11-18 10:00","","","",""
"335","zelda40-2027","ゼルダの伝説40周年コンサート","","竹本泰蔵|ハイラル交響楽団|VocesTokyo|茨木智博|山宮るり子|田ノ岡三郎","anime|classical","classic","神奈川県・横浜市西区","Kアリーナ横浜","","kanagawa","2027-04-27","2027-04-27","","","17:00","18:30","","","","","","","","オフィシャル最速先行(抽選)","2026-09-25","10:00","2026-10-12","23:59","","マスターシート 16,500円(限定カードホルダー付・ローソンチケットのみ)／S席 14,300円／A席 11,000円(全席指定・税込)","公式サイト","https://www.promax.co.jp/zelda40thconcert","https://www.promax.co.jp/zelda40thconcert","35.4644","139.6285","ゼルダの伝説シリーズ誕生40周年を祝う、9年ぶりの有観客オーケストラコンサートの神奈川公演。竹本泰蔵の指揮、ハイラル交響楽団の演奏でゲーム映像とともに名曲を届ける。関東では東京ガーデンシアターに続く2会場目。","未就学児入場不可。一般発売は2026-11-18 10:00","","","",""
"336","","ブギ連 ブギる心〜外伝【追加公演】","","ブギ連|甲本ヒロト|内田勘太郎","rock|jazz","oneman","東京都・港区","ビルボードライブ東京","","tokyo","2026-12-02","2026-12-02","","","16:30","17:30","","1st/2nd の2ステージ制(2nd は開場19:30・開演20:30)","","","","2026-10-08","1","Club BBL会員・法人会員先行","2026-10-15","12:00","","","一般発売を2026-10-22(木)12:00より開始","DXシート DUO 26,400円(2名)／DUOシート 25,300円(2名)／DXシート カウンター 13,200円／S指定席 12,100円／R指定席 11,000円／カジュアル 10,500円(Music Charge)","ビルボードライブ","https://www.billboard-live.com/tokyo/show?event_id=ev-21738&date=2026-12-02","https://www.billboard-live.com/tokyo/show?event_id=ev-21738&date=2026-12-02","35.6667","139.7306","ザ・クロマニヨンズの甲本ヒロトと憂歌団の内田勘太郎によるブルース・ユニット、ブギ連。11月の初ビルボードライブ・ツアーが完売したことを受けて決まった東京の追加公演で、1日2ステージ。","一般発売は2026-10-22 12:00。全席着席のライブレストラン","","","",""
"337","","beabadoobee The Powerlines Tour","","beabadoobee","rock|pop","oneman","東京都・江東区","豊洲PIT","","tokyo","2027-04-09","2027-04-09","","","18:00","19:00","","","","","","2026-10-07","","Mastercard限定チケット先行(先着)","2026-10-09","12:00","2026-10-10","11:59","","GOLDスタンディング 28,800円／スタンディング 11,800円(税込・整理番号付・別途ドリンク代)","LIVE NATION H.I.P.","https://www.livenationhip.co.jp/all-events/beabadoobee-tickets-ae1285263","https://www.livenationhip.co.jp/all-events/beabadoobee-tickets-ae1285263","35.6486","139.7986","全英1位の最新アルバム『Pylon』を携えた、ビーバドゥービー待望の初単独来日公演。豊洲PITでのスタンディング1公演のみで、オフィシャル1次抽選先行は10月14日から。","6歳未満入場不可。先行で規定枚数に達した場合は一般発売なし。オフィシャル1次抽選先行は2026-10-14 12:00〜10-25 23:59。VIPアップグレード券あり","","新豊洲駅（徒歩3分）／豊洲駅（徒歩12分）","",""
"338","","yung kai stay with the ocean, i'll find you: asia tour 2026","","yung kai","pop","oneman","東京都・渋谷区","恵比寿ザ・ガーデンホール","","tokyo","2026-11-19","2026-11-19","","","18:00","19:00","","","","","","","","一般発売","2026-10-10","10:00","","","","GOLDスタンディング 19,800円／スタンディング 10,800円(税込)","LIVE NATION H.I.P.","https://www.livenationhip.co.jp/all-events/yung-kai-tickets-ae1583661","https://www.livenationhip.co.jp/all-events/yung-kai-tickets-ae1583661","35.6428","139.7133","「blue」のバイラルヒットで知られるカナダ出身のシンガーソングライター、yung kaiの初来日公演。恵比寿ザ・ガーデンホールでのスタンディング1公演で、一般発売は10月10日10時。","VIP MEET & GREET(14,500円)あり。プレイガイドはチケットぴあ・ローソンチケット・イープラス","あり（恵比寿ガーデンプレイス内、30分400円、最大料金 昼間4,000円／夜間1,600円）","恵比寿駅東口（徒歩5分）／恵比寿駅1番出口（徒歩7分）","",""
"339","","Khalid It's Always Summer Somewhere Tour","","Khalid","hiphop","oneman","東京都・江東区","東京ガーデンシアター","","tokyo","2026-12-03","2026-12-03","","","18:00","19:00","","","","","","","","","","","","","","GOLD席 42,800円／SS席 18,800円／S席 12,800円／A席 9,800円(税込)","LIVE NATION H.I.P.","https://www.livenationhip.co.jp/all-events/khalid-tickets-ae928417","https://www.livenationhip.co.jp/all-events/khalid-tickets-ae928417","35.6378","139.7921","「Location」などで知られるR&Bシンガー、カリードの8年ぶりとなる来日公演。最新アルバム『after sun goes down』を携えたワールドツアーの一夜限りの東京公演。","A席は完売表示。ミート&グリート等のVIPアップグレードあり","","","",""
"340","","wave to earth the pieces tour","","wave to earth","rock|pop","oneman","東京都・江東区","Zepp DiverCity(TOKYO)","","tokyo","2026-11-27","2026-11-27","","","18:00","19:00","","","","","","","","","","","","","","スタンディング 10,300円／2F指定席 12,800円(税込)","LIVE NATION H.I.P.","https://www.livenationhip.co.jp/all-events/wave-to-earth-tickets-ae1466845","https://www.livenationhip.co.jp/all-events/wave-to-earth-tickets-ae1466845","35.6250","139.7756","「seasons」で世界的に知られる韓国発の3人組バンド、wave to earthの来日公演。大阪BIGCAT(11/26)に続く東京公演で、会場はZepp DiverCity。","ページ上ではスタンディング・2F指定席とも完売表示(公演別の内訳は公式で確認を)。VIP M&Gパッケージあり","","","",""
"341","","TMG LIVE 2026 ""SAYONARA""","","TMG","rock","oneman","東京都・江東区","東京ガーデンシアター","","tokyo","2026-10-23","2026-10-23","","","17:00","18:00","","","","","","","","","","","","","","SS席 25,000円(B'z PARTY限定)／S席 20,000円／A席 16,000円(5F後方)／Tシャツ付きSS席 29,000円・S席 24,000円(B'z TICKET一次受付のみ)","LIVE NATION H.I.P.","https://www.livenationhip.co.jp/all-events/tmg-tickets-ae1674566","https://bz-vermillion.com/tmg/2026/","35.6378","139.7921","TMGのライブ「SAYONARA」の国内唯一の公演。東京ガーデンシアター1夜のみで、会場限定Tシャツ付きの席種が用意される。","本人名義申込。転売防止のため公式特設ページの案内を要確認","","","",""
"342","dan-silhouette","D.A.N. Tour ""(SILHOUETTE)"" 東京公演","","D.A.N.","rock","oneman","東京都・千代田区","東京国際フォーラム ホールC","","tokyo","2027-02-20","2027-02-20","","","17:00","18:00","","","","","","2026-10-08","","OFFICIAL先行(抽選)","2026-10-08","19:00","2026-10-19","23:59","","要問合せ","イープラス","https://eplus.jp/d-a-n/","","","","5年ぶりのアルバム『(SILHOUETTE)』を携えた全国10都市リリースツアーのファイナル。バンドにとって初のホールでのワンマンとなる東京国際フォーラム ホールC公演で、イープラスでOFFICIAL先行を受付中。","スマチケ対応","","","",""
"343","","TBSラジオ75周年 大感謝祭 ザ・ファイナル！ ～打ち上げ会場はこちらです～ produced by アフター6ジャンクション2","","RHYMESTER|西寺郷太(NONA REEVES)|澤部渡(スカート)|紫芍薬歌劇団|宇多丸|向井慧(パンサー)|ジェーン・スー|玉袋筋太郎","hiphop|pop","event","東京都・千代田区","東京国際フォーラム ホールA","","tokyo","2027-02-11","2027-02-11","","","15:00","16:00","20:00","","","","","2026-10-08","","1次先行予約","2026-10-13","19:00","","","","要問合せ","公式サイト","https://www.tbsradio.jp/75th/event_75thfinal_a6j2/","https://www.tbsradio.jp/75th/event_75thfinal_a6j2/","35.6764","139.7639","TBSラジオ開局75周年の締めくくりとして「アフター6ジャンクション2」が全面プロデュースする約4時間のイベント。前半はトーク、後半はRHYMESTERの生バンドTHE BOOM BAPSをバックにしたライブパート。","チケットぴあ・イープラスで1次先行予約。出演者は第1弾発表","","有楽町駅 徒歩1分／東京駅 徒歩5分","",""
"344","","SHINJUKU LOFT 50th ANNIVERSARY 竹原ピストル 百年力-ひゃくねんりき-","","竹原ピストル","pop|rock","oneman","東京都・新宿区","新宿LOFT","","tokyo","2026-12-14","2026-12-14","","","18:30","19:00","","","","","","2026-10-07","","抽選プレオーダー","2026-10-07","18:00","2026-10-14","23:59","先着一般発売を2026-10-25(日)12:00より開始","要問合せ","イープラス","https://eplus.jp/sf/detail/4605970001-P0030001","https://www.loft-prj.co.jp/schedule/loft/50th","35.6947","139.7017","新宿LOFT開業50周年記念の冠を付けた、竹原ピストルの新宿LOFTでのワンマンライブ「百年力-ひゃくねんりき-」。イープラスで抽選プレオーダーを受付中。","先着一般発売は2026-10-25 12:00〜12-13 18:00(手数料0円)","","","",""
"345","","CLUB CITTA' Presents ""いいこと"" さらさ × chilldspot × シャッポ","","さらさ(Band Set)|chilldspot|シャッポ","pop|rock","event","神奈川県・川崎市川崎区","川崎CLUB CITTA'","","kanagawa","2026-12-16","2026-12-16","","","18:00","19:00","","","","","","2026-10-06","","イープラス受付","2026-10-06","20:00","2026-10-18","23:59","一般発売を2026-10-31(土)12:00より開始","オールスタンディング 前売 5,200円／U-20 3,800円(税込・別途ドリンク代600円)","イープラス","https://eplus.jp/iikoto1216/","https://clubcitta.co.jp/schedule/1771","35.5306","139.7000","クラブチッタ主催の企画ライブ「いいこと」の11回目。さらさ、chilldspot、シャッポの3組が競演し、全員がクラブチッタ初出演となる。20歳以下限定のU-20チケットも用意。","U-20は当日年齢確認あり(確認できない場合は差額支払い)。当日券は6,000円。一般発売は2026-10-31 12:00","","JR川崎駅（徒歩約5分）／京急川崎駅（徒歩約7分）","",""
"346","aki-1219-1220","AKi × DEZERT「NO BORDER. 2026」","","AKi|DEZERT","rock","event","東京都・渋谷区","渋谷ストリームホール","","tokyo","2026-12-19","2026-12-19","","","17:00","18:00","","","","","","2026-10-06","","AKiオンラインサロン「Resonants」最速受付","2026-10-03","21:00","2026-10-13","23:00","","スタンディング 8,000円(税込・ドリンク代別)","公式サイト","https://www.dangercrue.com/AKi/live.php","https://www.dangercrue.com/AKi/live.php","","","シドの明希によるソロプロジェクトAKiが、DEZERTをゲストに迎える2024年の「BORDERLINE」以来約2年ぶりの対バン。会場は渋谷ストリームホールで、スタンディング形式。","4歳以上有料(4歳未満入場不可)。問い合わせはキョードー東京","","","",""
"347","","ROLL & BOUNCE FES","","SIRUP|Crystal Kay|JAY'ED|向井太一|VivaOla|ISSUGI|MURO|Skaai","hiphop|pop","free","東京都・渋谷区","東急プラザ原宿「ハラカド」・東急プラザ表参道「オモカド」ほか","","tokyo","2026-11-03","2026-11-03","","","12:00","","21:00","ライブ・DJ・トーク・ワークショップの複合イベント","","","","","","入場無料","","","","","","入場無料(一部ステージは当日抽選)","公式サイト","https://rollandbounce.com/","https://rollandbounce.com/","","","SIRUPがキュレーターを務める原宿・表参道エリアの入場無料カルチャーフェス。ライブ、DJ、トーク、ワークショップを展開し、10月8日の発表で会場にECO FARM CAFE 632が加わり最終出演者が出そろった。","終了時刻は予定。ハラカド6階屋外ステージは当日抽選","","","",""
"348","","BENSON BOONE WANTED MAN TOUR 2026","","Benson Boone|HOLLY HUMBERSTONE|DAMIANO DAVID|JVKE","pop","oneman","東京都・江東区","TOYOTA ARENA TOKYO","","tokyo","2026-10-29","2026-10-29","","","18:00","19:00","","","","","","","","一般発売","2026-08-08","10:00","","","","SS指定席 22,000円／S指定席 18,000円／A指定席 12,000円(税込)","CREATIVEMAN PRODUCTIONS","https://www.creativeman.co.jp/event/benson-boone_2026/","https://www.creativeman.co.jp/event/benson-boone_2026/","","","「Beautiful Things」で知られるベンソン・ブーンの来日公演。TOYOTA ARENA TOKYOでの1夜限りで、HOLLY HUMBERSTONE、DAMIANO DAVID、JVKEが出演者に名を連ねる。","出演者は招聘元ページの記載に基づく","","","",""
"349","mazzel-fm2","MAZZEL 2nd Fan Meeting ""PLAY AT THE MUZEUM Vol.2""","","MAZZEL","idol|dance","event","東京都・渋谷区","LINE CUBE SHIBUYA","","tokyo","2026-10-22","2026-10-22","","","18:00","19:00","","","","","","","","","","","","","","SS指定席(アップグレード) 17,500円／一般指定席 12,500円(税込・会場規定により一部着席指定席)","CREATIVEMAN PRODUCTIONS","https://www.creativeman.co.jp/event/mazzel-2nd-fan-meeting/","https://www.creativeman.co.jp/event/mazzel-2nd-fan-meeting/","35.6647","139.6975","MAZZELのファンミーティング第2弾「PLAY AT THE MUZEUM Vol.2」のLINE CUBE SHIBUYA公演。招聘元CREATIVEMANのページに掲載され、全国ツアー形式で関東の複数県を回る。","受付の先行情報は公式サイトで確認","","","",""
"350","mazzel-fm2","MAZZEL 2nd Fan Meeting ""PLAY AT THE MUZEUM Vol.2""","","MAZZEL","idol|dance","event","神奈川県・横浜市西区","パシフィコ横浜 国立大ホール","","kanagawa","2026-11-10","2026-11-10","","","15:00","16:00","","","","","","","","","","","","","","SS指定席(アップグレード) 17,500円／一般指定席 12,500円(税込・会場規定により一部着席指定席)","CREATIVEMAN PRODUCTIONS","https://www.creativeman.co.jp/event/mazzel-2nd-fan-meeting/","https://www.creativeman.co.jp/event/mazzel-2nd-fan-meeting/","35.4600","139.6367","MAZZELのファンミーティング第2弾「PLAY AT THE MUZEUM Vol.2」のパシフィコ横浜 国立大ホール公演。招聘元CREATIVEMANのページに掲載され、全国ツアー形式で関東の複数県を回る。","受付の先行情報は公式サイトで確認","","","",""
"351","mazzel-fm2","MAZZEL 2nd Fan Meeting ""PLAY AT THE MUZEUM Vol.2""","","MAZZEL","idol|dance","event","埼玉県・さいたま市大宮区","大宮ソニックシティ 大ホール","","saitama","2026-12-01","2026-12-01","","","17:00","18:00","","","","","","","","","","","","","","SS指定席(アップグレード) 17,500円／一般指定席 12,500円(税込・会場規定により一部着席指定席)","CREATIVEMAN PRODUCTIONS","https://www.creativeman.co.jp/event/mazzel-2nd-fan-meeting/","https://www.creativeman.co.jp/event/mazzel-2nd-fan-meeting/","35.9061","139.6206","MAZZELのファンミーティング第2弾「PLAY AT THE MUZEUM Vol.2」の大宮ソニックシティ 大ホール公演。招聘元CREATIVEMANのページに掲載され、全国ツアー形式で関東の複数県を回る。","受付の先行情報は公式サイトで確認","","","",""
"352","mazzel-fm2","MAZZEL 2nd Fan Meeting ""PLAY AT THE MUZEUM Vol.2""","","MAZZEL","idol|dance","event","群馬県・前橋市","Gメッセ群馬 展示ホールA・B","","gunma","2026-12-03","2026-12-03","","","17:00","18:00","","","","","","","","","","","","","","SS指定席(アップグレード) 17,500円／一般指定席 12,500円(税込・会場規定により一部着席指定席)","CREATIVEMAN PRODUCTIONS","https://www.creativeman.co.jp/event/mazzel-2nd-fan-meeting/","https://www.creativeman.co.jp/event/mazzel-2nd-fan-meeting/","","","MAZZELのファンミーティング第2弾「PLAY AT THE MUZEUM Vol.2」のGメッセ群馬 展示ホールA・B公演。招聘元CREATIVEMANのページに掲載され、全国ツアー形式で関東の複数県を回る。","受付の先行情報は公式サイトで確認。12/3の群馬公演は会場が高崎芸術劇場からGメッセ群馬に変更","","","",""
"353","mazzel-fm2","MAZZEL 2nd Fan Meeting ""PLAY AT THE MUZEUM Vol.2""","","MAZZEL","idol|dance","event","栃木県・宇都宮市","宇都宮市文化会館 大ホール","","tochigi","2026-12-04","2026-12-04","","","17:00","18:00","","","","","","","","","","","","","","SS指定席(アップグレード) 17,500円／一般指定席 12,500円(税込・会場規定により一部着席指定席)","CREATIVEMAN PRODUCTIONS","https://www.creativeman.co.jp/event/mazzel-2nd-fan-meeting/","https://www.creativeman.co.jp/event/mazzel-2nd-fan-meeting/","","","MAZZELのファンミーティング第2弾「PLAY AT THE MUZEUM Vol.2」の宇都宮市文化会館 大ホール公演。招聘元CREATIVEMANのページに掲載され、全国ツアー形式で関東の複数県を回る。","受付の先行情報は公式サイトで確認","","","",""
"354","","KOIAI LIVE TOUR 2026『Starting Over』 in TOKYO Release Event -Talk & Live-","","KOIAI","pop","oneman","神奈川県・横浜市","横浜Bay Hall","","kanagawa","2026-10-25","2026-10-25","","","14:00","15:00","","","","","","","","","","","","","","5,000円(税込・オールスタンディング・1ドリンク別)","CREATIVEMAN PRODUCTIONS","https://www.creativeman.co.jp/event/koiai-starting-over/","https://www.creativeman.co.jp/event/koiai-starting-over/","","","KOIAIのツアー「Starting Over」に関連して横浜Bay Hallで行われる、トークとライブの二部構成のリリースイベント。オールスタンディング。","","","","",""
"355","","MAYSON's PARTY Seventh Heaven Tour Extra journey","","MAYSON's PARTY","rock","oneman","神奈川県・横浜市","F.A.D YOKOHAMA","","kanagawa","2026-10-29","2026-10-29","","","18:30","19:00","","","","","","","","一般発売","2026-09-05","10:00","","","","4,300円(税込・オールスタンディング・1ドリンク別)","CREATIVEMAN PRODUCTIONS","https://www.creativeman.co.jp/event/maysons-party-seventh-heaven-tour/","https://www.creativeman.co.jp/event/maysons-party-seventh-heaven-tour/","35.4415","139.6450","MAYSON's PARTYのツアー「Seventh Heaven Tour」の追加企画「Extra journey」にあたる横浜公演。F.A.D YOKOHAMAでのオールスタンディング。","","","","",""
"356","","KAORI PARADISE 2026 -10回目のひとり旅","","岸谷香","rock","oneman","埼玉県・幸手市","アスカル幸手","","saitama","2026-12-12","2026-12-12","","","15:30","16:00","","","","","","","","窓口販売中","","","","","","全席指定 6,500円(2歳以下膝上1名まで無料)","アスカル幸手","https://www.nem-shiteikanri.jp/shisetsu/athcul/cgi-bin/event_wn/list.cgi","","36.0674","139.7365","岸谷香がアスカル幸手さくらホールで開くソロツアー「10回目のひとり旅」の埼玉公演。会館窓口でチケットを販売中で、全席指定。幸手市の市民文化体育館で聴く弾き語りの一夜。","車椅子席希望の場合は購入前に主催(イズム)へ問合せ。転売目的の購入禁止","","","",""
"357","","国際ハープフェスティバル2026－草加市 メインコンサート","","","classical","classic","埼玉県・草加市","草加市文化会館","","saitama","2026-11-15","2026-11-15","","","13:00","13:30","","","","","","","","発売中","2026-08-22","10:00","","","","全席指定 一般2,000円／学生500円","草加市文化会館","https://soka-bunka.jp/pages/42/","https://soka-bunka.jp/harpfestival/","35.8446","139.8050","1989年から続く草加市の国際ハープフェスティバルの第38回メインコンサート。国内外のトップハーピストの演奏やアンサンブル共演が聴ける。学生500円と手頃な価格。","未就学児入場不可。1回の申込につき6枚まで。当日券は要問合せ","","","",""
"358","","昭和歌謡コンサート in 坂戸 ～青春のメロディ クリスマス・スペシャル～","","THEカルテット|江上兄弟|THEソナーレ","pop","event","埼玉県・坂戸市","坂戸市文化会館","","saitama","2026-12-13","2026-12-13","","","13:30","14:00","","上演時間約2時間30分(休憩あり)","","","","","","一般発売","2026-10-08","09:00","","","","全席指定 一般3,500円／ハンディキャップ3,000円(窓口のみ)","チケットぴあ","https://t.pia.jp/pia/search_all.do?kw=338-504","https://www.sakado-bunka.jp/event/39077/","35.9659","139.3976","オルモの人気企画「昭和歌謡コンサート」を文化会館ホールで開くクリスマス特別版。THEカルテット、江上兄弟、THEソナーレが昭和の名曲を届ける約2時間半の公演。","窓口9:00・電話13:00・会館オンライン9:00・ぴあ10:00から(10/8)。未就学児は膝上のみ無料","","","",""
"359","","クニ三上JAZZピアノトリオ 0才からのジャズコンサート","","クニ三上JAZZピアノトリオ","jazz","event","埼玉県・坂戸市","坂戸市文化施設オルモ","","saitama","2026-11-14","2026-11-14","","","10:00","10:30","11:30","午前の部10:00開場/10:30開演、午後の部13:30開場/14:00開演(15:00終演)の2回公演","","","","","","発売中","","","","","","全席自由 前売おとな(中学生以上)1,700円／こども(0才~小学生)300円(当日各500円増)","坂戸市文化施設オルモ","https://www.sakado-bunka.jp/event/37565/","https://www.sakado-bunka.jp/event/37565/","","","ニューヨークで活躍するピアニスト、クニ三上のジャズピアノトリオによる0才から入場できるコンサート。ジャンボリミッキーや花のワルツも演奏する午前・午後の2回公演。","0才からチケットが必要。車椅子は購入前に問合せ","","","",""
"360","","宇都宮直高＆池松日佳瑠 ファミリーコンサート","","宇都宮直高|池松日佳瑠","other","event","埼玉県・坂戸市","坂戸市文化施設オルモ","","saitama","2026-12-06","2026-12-06","","","10:30","11:00","","午前の部11:00開演、午後の部13:30開場/14:00開演の2回公演(各約60分)","","","","","","一般発売","2026-10-11","09:00","","","","全席指定 前売おとな(中学生以上)2,500円／こども(0才~小学生)500円(当日各500円増)","坂戸市文化施設オルモ","https://www.sakado-bunka.jp/event/37970/","https://www.sakado-bunka.jp/event/37970/","","","元劇団四季『ライオンキング』主役の宇都宮直高と池松日佳瑠による、子どもから大人まで楽しめるミュージカルファミリーコンサート。美女と野獣やクリスマスメドレーを披露。","10/11窓口9:00・電話13:00発売。0才から入場可(チケット要)","","","",""
"361","","KOTORI pre. “12” Tour","","KOTORI","rock","oneman","埼玉県・越谷市","越谷EASYGOINGS","","saitama","2026-10-21","2026-10-21","","","18:30","19:00","","","","","","","","SOLD OUT","","","","","","前売・当日 4,500円(ドリンク代別600円)","越谷EASYGOINGS","https://www.easygoings.net/","","35.8871","139.7873","KOTORIが越谷EASYGOINGSで行う“12” Tourの埼玉公演。会場の公式スケジュール上でSOLD OUTと表示されており、問い合わせ先はスマッシュ。小規模ライブハウスで観られるツアー。","会場ではチケット取り扱いなし。入場時にドリンクチャージ600円","","","",""
"362","","音楽とイム","","イムラユウキ|太田哲宇(MOQJI)|篠山浩生(THURSDAY’S YOUTH)","rock","event","埼玉県・越谷市","越谷EASYGOINGS","","saitama","2026-11-09","2026-11-09","","","19:00","19:30","","","","","","","","予約受付中","","","","","","前売 1,600円(+ドリンク代600円)","越谷EASYGOINGS","https://www.easygoings.net/","","35.8871","139.7873","イムラユウキが主宰する弾き語り系イベント。MOQJIの太田哲宇、THURSDAY’S YOUTHの篠山浩生がゲストで出演し、越谷EASYGOINGSで開催される平日夜の一夜。","会場予約は氏名・アドレス・枚数・電話番号の記載が必要","","","",""
"363","","MOSH PIT LOCAL FEAST Vol.10","","MUJINA|OLEDICKFOGGY|RAISE A FLAG|THE RAPTOLS","rock","event","埼玉県・越谷市","越谷EASYGOINGS","","saitama","2026-11-14","2026-11-14","","","16:30","17:00","","","","","","","","チケット発売中","","","","","","前売 4,000円／当日 4,500円(ドリンク代600円別)","イープラス","https://eplus.jp/sf/detail/4589090001-P0030001","https://www.easygoings.net/","35.8871","139.7873","YAGI x ONEDROP ROXX x 川昌 pre.のローカルイベント第10回。バンド4組にライブペイントとライブタトゥーが加わり、ゲストDJも出る越谷の一日。","再入場可。会場内は電子タバコのみ喫煙可。入場順は追って案内","","","",""
"364","","KOSHIGAYA METAL BASH Vol.2～extreme dimension～","","DOOM|SxOxB|HELLCHILD|KRISHNV","rock","event","埼玉県・越谷市","越谷EASYGOINGS","","saitama","2026-11-22","2026-11-22","","","17:00","17:30","","","","","","","","チケット発売中","","","","","","前売 4,500円／当日 5,000円(ドリンク代別)","イープラス","https://eplus.jp/sf/detail/4606980001-P0030001","https://www.easygoings.net/","35.8871","139.7873","DOOMやSxOxBなど国内エクストリームメタルの4組が集う越谷のメタルイベント第2弾。イープラスのほか店頭でもチケットを販売している。","店頭チケット販売中。電話・メール予約は受け付けていない","","","",""
"365","","ペルシカリア 5th EP「人には言えない恋ばかり」リリースツアー ”あなたを忘れず歌ばかりツアー2026”","","ペルシカリア","pop","oneman","埼玉県・越谷市","越谷EASYGOINGS","","saitama","2026-11-28","2026-11-28","","","17:00","17:30","","","","","","","","チケット発売中","","","","","","前売 3,500円／当日 4,000円(ドリンク代別)","イープラス","http://eplus.jp/persicaria/","","35.8871","139.7873","ペルシカリアの5th EPリリースを記念したツアーの越谷公演。会場は越谷EASYGOINGS。企画・制作はUKPM。小規模な箱で聴けるリリースツアー。","小学生以下入場不可、中学生以上チケット必要。会場では予約・取り扱いなし","","","",""
"366","","SHANK ""THE TOUR 2026""","","SHANK|Dizzy Sunfist","rock","event","茨城県・水戸市","水戸LIGHT HOUSE","","ibaraki","2026-10-13","2026-10-13","","","18:30","19:00","","","","","","","","","","","","","","前売4,800円（ドリンク代別途500円）","水戸LIGHT HOUSE","http://mitolighthouse.com/sche26oct.html","","36.3667","140.4700","SHANKのツアーで水戸LIGHT HOUSEに立ち寄る対バン公演。ゲストにDizzy Sunfistを迎える。前売4,800円。","ドリンク代別途500円","","","",""
"367","","Baby smoker""VOLTEX"" Release Tour 2026","","Baby smoker|Boobie Trap|FOUR GET ME A NOTS|ONE BUCK TUNER|Stain hung over","rock","event","茨城県・水戸市","水戸LIGHT HOUSE","","ibaraki","2026-10-18","2026-10-18","","","17:00","17:30","","","","","","","","","","","","","","前売3,000円（ドリンク代別途500円）","水戸LIGHT HOUSE","http://mitolighthouse.com/sche26oct.html","","36.3667","140.4700","Baby smokerのリリースツアー水戸公演。Boobie Trapなど計5組が出演するパンク系の対バン。","ドリンク代別途500円","","","",""
"368","","ザ50回転ズ ワンマンツアー2026“ROCK&ROLL JUNGLE! Tour”","","ザ50回転ズ","rock","oneman","茨城県・水戸市","水戸LIGHT HOUSE","","ibaraki","2026-10-24","2026-10-24","","","15:15","16:00","","","","","","","","","","","","","","前売5,500円（ドリンク代別途500円）","水戸LIGHT HOUSE","http://mitolighthouse.com/sche26oct.html","","36.3667","140.4700","ザ50回転ズのワンマンツアー水戸公演。15時台開場の昼公演で、ガレージロックの熱量を小箱で体感できる。","ドリンク代別途500円","","","",""
"369","","PEDRO TOUR 2026-2027「This is PEDRO TOUR」","","PEDRO","rock","oneman","茨城県・水戸市","水戸LIGHT HOUSE","","ibaraki","2026-10-28","2026-10-28","","","18:30","19:00","","","","","","","","","","","","","","前売6,500円（ドリンク代別途500円）","水戸LIGHT HOUSE","http://mitolighthouse.com/sche26oct.html","","36.3667","140.4700","PEDROのツアー2026-2027の水戸公演。ライブハウスの近さでバンドサウンドを聴ける平日夜のワンマン。","ドリンク代別途500円","","","",""
"370","","aoen LIVE TOUR 2026 ～青のはじまり 47+1～","","aoen","pop","oneman","茨城県・水戸市","水戸LIGHT HOUSE","","ibaraki","2026-10-30","2026-10-30","","","18:00","18:30","","","","","","","","","","","","","","前売7,700円（ドリンク代別途500円）","水戸LIGHT HOUSE","http://mitolighthouse.com/sche26oct.html","","36.3667","140.4700","aoenの全国ツアー「47+1」の水戸公演。県内ライブハウスでのワンマンで、前売7,700円。","ドリンク代別途500円","","","",""
"371","","AK-69 / LIVE TOUR 2026 -Road to TOYOTA ARENA TOKYO-","","AK-69","hiphop","oneman","茨城県・水戸市","水戸LIGHT HOUSE","","ibaraki","2026-11-01","2026-11-01","","","17:00","17:30","","","","","","","","","","","","","","前売7,690円（ドリンク代別途500円）","水戸LIGHT HOUSE","http://mitolighthouse.com/sche26nor.html","","36.3667","140.4700","AK-69がTOYOTA ARENA TOKYOを見据えて回るライブハウスツアーの水戸公演。前売7,690円。","ドリンク代別途500円","","","",""
"372","","SPECIAL OTHERS デビュー20周年！20箇所記念ツアー！！全員集合☆彡","","SPECIAL OTHERS","jazz","oneman","茨城県・水戸市","水戸LIGHT HOUSE","","ibaraki","2026-11-08","2026-11-08","","","15:30","16:00","","","","","","","","","","","","","","前売6,000円（ドリンク代別途500円）","水戸LIGHT HOUSE","http://mitolighthouse.com/sche26nor.html","","36.3667","140.4700","SPECIAL OTHERSのデビュー20周年記念20箇所ツアーの水戸公演。日曜午後のインストバンドのワンマン。","ドリンク代別途500円","","","",""
"373","","THE ORAL CIGARETTES presents ""WANDER ABOUT 放浪 TOUR 2026 関東 編""","","THE ORAL CIGARETTES|AFTERVOID","rock","event","茨城県・水戸市","水戸LIGHT HOUSE","","ibaraki","2026-11-09","2026-11-09","","","18:30","19:00","","","","","","","","","","","","","","前売5,500円（ドリンク代別途500円）","水戸LIGHT HOUSE","http://mitolighthouse.com/sche26nor.html","","36.3667","140.4700","THE ORAL CIGARETTES主催の関東編ツアー水戸公演。ゲストはAFTERVOID。前売5,500円。","ドリンク代別途500円","","","",""
"374","","還暦RIOT “MORE FUTURE TOUR”","","怒髪天","rock","oneman","茨城県・水戸市","水戸LIGHT HOUSE","","ibaraki","2026-11-14","2026-11-14","","","17:00","17:30","","","","","","","","","","","","","","前売6,200円（ドリンク代別途500円）","水戸LIGHT HOUSE","http://mitolighthouse.com/sche26nor.html","","36.3667","140.4700","怒髪天の還暦RIOTツアー水戸公演。イープラス・ローソン・ぴあで販売中と会場サイトに記載。","ドリンク代別途500円","","","",""
"375","","MUCC Club tour 2026「Beginning to Lotus」","","MUCC","rock","oneman","茨城県・水戸市","水戸LIGHT HOUSE","","ibaraki","2026-11-16","2026-11-17","","2026-11-16|2026-11-17","18:00","18:30","","","","","","","","","","","","","","前売8,500円（ドリンク代別途500円）","水戸LIGHT HOUSE","http://mitolighthouse.com/sche26nor.html","","36.3667","140.4700","MUCCのクラブツアー水戸公演。11/16と11/17の2日連続で開催される。","ドリンク代別途500円","","","",""
"376","","SIX LOUNGE ""逆夢"" TOUR","","SIX LOUNGE|ハルカミライ","rock","event","茨城県・水戸市","水戸LIGHT HOUSE","","ibaraki","2026-11-18","2026-11-18","","","18:00","18:30","","","","","","","","","","","","","","前売4,800円（ドリンク代別途500円）","水戸LIGHT HOUSE","http://mitolighthouse.com/sche26nor.html","","36.3667","140.4700","SIX LOUNGEのツアー水戸公演。ゲストにハルカミライを迎える対バン。","ドリンク代別途500円","","","",""
"377","","UNiTE. 2026 AUTUMN ONEMAN LIVE TOUR「SPIRITUAL CRYSTAL」","","ユナイト","rock","oneman","茨城県・水戸市","水戸LIGHT HOUSE","","ibaraki","2026-11-29","2026-11-29","","","16:30","17:00","","","","","","","","","","","","","","前売5,000円（ドリンク代別途500円）","水戸LIGHT HOUSE","http://mitolighthouse.com/sche26nor.html","","36.3667","140.4700","ユナイトの秋のワンマンツアー水戸公演。日曜夕方の開催で前売5,000円。","ドリンク代別途500円","","","",""
"378","","My Hair is Bad presents ノーブルホームランツアー","","My Hair is Bad|Ivy to Fraudulent Game","rock","event","茨城県・水戸市","水戸LIGHT HOUSE","","ibaraki","2026-12-07","2026-12-07","","","17:45","18:30","","","","","","","","","","","","","","前売6,000円（ドリンク代別途500円）","水戸LIGHT HOUSE","http://mitolighthouse.com/sche26dec.html","","36.3667","140.4700","My Hair is Badが主催するツアーの水戸公演。ゲストはIvy to Fraudulent Game。","ドリンク代別途500円","","","",""
"379","","安達勇人全国ライブツアー2026~超全国茨城化計画~","","安達勇人","pop","oneman","茨城県・水戸市","水戸LIGHT HOUSE","","ibaraki","2026-12-13","2026-12-13","","","16:30","17:00","","","","","","","","","","","","","","前売5,800円（ドリンク代別途500円）","水戸LIGHT HOUSE","http://mitolighthouse.com/sche26dec.html","","36.3667","140.4700","安達勇人の全国ツアー水戸公演。前日12/12には男性限定ライブも同会場で行われる。","ドリンク代別途500円","","","",""
"380","","NOISEMANIA 2026〜THE THROWBACK TOUR〜","","NOISEMAKER","rock","oneman","茨城県・水戸市","水戸LIGHT HOUSE","","ibaraki","2026-12-17","2026-12-17","","","18:30","19:00","","","","","","","","","","","","","","前売5,000円（ドリンク代別途500円）","水戸LIGHT HOUSE","http://mitolighthouse.com/sche26dec.html","","36.3667","140.4700","NOISEMAKERのツアー水戸公演。平日夜のワンマンで前売5,000円。","ドリンク代別途500円","","","",""
"381","","全国ツアー2026 ""FIRST CRY!!"" バンド編＆弾き語り編","","竹原ピストル","pop","oneman","栃木県・宇都宮市","宇都宮HEAVEN'S ROCK VJ-2","","tochigi","2026-10-28","2026-10-28","","","18:30","19:00","","","","","","","","SOLD OUT","","","","","","全自由席 5,500円（ドリンク代別600円）","公式サイト","https://www.heavensrock.com/utsunomiya/schedule/2026-10-28/","","36.5586","139.8869","竹原ピストルの全国ツアー、宇都宮は弾き語り編。公式ページでSOLD OUTと表示されている。","弾き語り編。小学生以上チケット必要","","","",""
"382","","New Digital Single ""Like a charm"" Release Tour","","BACK LIFT|urei|NOCOGIRI","rock","event","栃木県・宇都宮市","宇都宮HEAVEN'S ROCK VJ-2","","tochigi","2026-10-30","2026-10-30","","","18:30","19:00","","","","","","","","一般発売","2026-09-07","","","","","一般3,500円／学割2,500円（ドリンク代別600円）","TIGET","https://tiget.net/events/520923","","36.5586","139.8869","BACK LIFTのデジタルシングル「Like a charm」のリリースツアー宇都宮公演。urei、NOCOGIRIが共演。","学割は当日学生証提示。小学生以上有料","","","",""
"383","","lilyray pre 2nd mini album【PLANETES】release tour final","","lilyray|TRUE FIGHT|POWERBOY|LASTEND|DaDa|サテライト","rock","event","栃木県・宇都宮市","宇都宮HEAVEN'S ROCK VJ-2","","tochigi","2026-10-31","2026-10-31","","","16:30","17:00","","","","","","","","","","","","","","3,400円（ドリンク代別600円）","公式サイト","https://www.heavensrock.com/utsunomiya/schedule/2026-10-31/","","36.5586","139.8869","lilyrayの2ndミニアルバム「PLANETES」リリースツアーのファイナル。全国から5バンドが集まる。","高校生は学生証提示でドリンク代600円のみ","","","",""
"384","","小曽根真トリオ ""TRiNFiNiTY""","","小曽根真","jazz","oneman","群馬県・高崎市","高崎芸術劇場","","gunma","2027-02-13","2027-02-13","","","15:30","16:00","","","","","","","","発売前","2026-10-23","10:00","","","","全席指定 7,000円（U-25 2,500円）","高崎芸術劇場","https://www.takasaki-foundation.or.jp/theatre/concert_detail.php?key=2429","","36.3222","139.0117","ジャズピアニスト小曽根真のトリオ公演。高崎芸術劇場スタジオシアターで開催。2026年10月23日10時にメンバーズ先行とぴあで発売開始。","電話発売10/27 10:00、窓口10/28 10:00。電話で完売した場合は窓口販売なし","","","",""
"385","","なにわ男子 LIVE TOUR 2026「ND⁵」","","なにわ男子","idol","oneman","千葉県・船橋市","LaLa arena TOKYO-BAY","","chiba","2026-10-24","2026-10-28","","","","","","5日間・日により昼夜2回公演（開場時刻は未定）","","","","","","","","","","","","要問合せ","LaLa arena TOKYO-BAY","https://lalaarenatokyo-bay.com/event/2642/","https://starto.jp/s/p/live/10489","35.6838","139.9897","なにわ男子の全国ツアー「ND⁵」LaLa arena TOKYO-BAY公演。10/24から28日までの5日間連続開催で、日によって昼夜2回公演。チケット概要は公式サイト参照。","チケット概要は公式サイト参照（会場サイトに記載なし）","","","",""
"386","","TAKUYA KIMURA Live Tour 2026 Checkpoint","","木村拓哉","pop","oneman","千葉県・船橋市","LaLa arena TOKYO-BAY","","chiba","2026-11-21","2026-11-23","","","","","","3日間連続（開場時刻は未定）","","","","","","","","","","","","要問合せ","LaLa arena TOKYO-BAY","https://lalaarenatokyo-bay.com/event/2777/","https://starto.jp/s/p/live/10520","35.6838","139.9897","木村拓哉のライブツアー2026「Checkpoint」LaLa arena TOKYO-BAY公演。11/21から23日までの3日間連続で、開演は18:00・17:00・17:00。チケット概要は公式サイト参照。","チケット概要は公式サイト参照（会場サイトに記載なし）","","","",""
