"id","title","kana","genre","screening_type","area","theater","theater_url","pref","release_date","end_date","date","dates","open_time","start_time","end_time","date_note","backup_date","status","rank","series_id","announced_date","is_additional","onsale_label","onsale_start","onsale_start_time","onsale_end","onsale_end_time","limited_sale","price","price_official","price_best","discount_pct","best_source","coupon_note","price_checked","price_condition","source","url","official_url","lat","lng","desc","note"
"1","ディスクロージャー・デイ","","foreign","new","東京都・港区","TOHOシネマズ|イオンシネマ|109シネマズ|MOVIX|ユナイテッド・シネマ|T・ジョイ|USシネマ","https://www.tohotheater.jp/theater/010/","tokyo","2026-10-01","","","","","","","","","","","","","","販売終了","","","","","","要問合せ","","","","","","","","公式サイト","https://disclosureday.jp/","https://disclosureday.jp/","35.6603","139.7296","スティーヴン・スピルバーグ監督最新作。79年間隠された政府機密文書を巡るSFサスペンス。エミリー・ブラント、ジョシュ・オコナー主演、音楽はジョン・ウィリアムズ。","ムビチケ前売カード券は販売終了、オンライン鑑賞券は販売中（10/8時点）"
"2","ママがもうこの世界にいなくても 私の命の日記","","jp-live","new","東京都・練馬区","TOHOシネマズ|イオンシネマ|109シネマズ|MOVIX|ユナイテッド・シネマ|T・ジョイ|USシネマ","https://www.tohotheater.jp/theater/010/","tokyo","2026-10-02","","","","","","","","","","","","","","","","","","","","ムビチケ前売1,600円（公開日前日までの購入）。当日料金は劇場により異なる","","","","","","2026-10-08","","映画.com","https://eiga.com/movie/106044/","https://www.mamaseka-movie.com/","35.7563","139.5990","21歳でステージ4大腸がんを宣告された実在の女性・遠藤和さんの手記を映画化。川口春奈×高杉真宙主演、監督は山戸結希。配給は東映。",""
"3","愛し合ってるかい？ 忌野清志郎が教えてくれた","","doc|music","new","東京都・新宿区","T・ジョイ","https://tjoy.jp/shinjuku_wald9/","tokyo","2026-10-02","","","","","","","","","","","","","","","","","","","","ムビチケ前売2,000円（公開日前日までの購入）。当日料金は劇場により異なる","","","","","","2026-10-08","","映画.com","https://www.toei-video.co.jp/kiyoshiro-movie/","https://www.toei-video.co.jp/kiyoshiro-movie/","35.6913","139.7040","忌野清志郎デビュー55周年記念ドキュメンタリー。日本武道館でのライブ映像を含む記録と、三浦友和・泉谷しげる・竹中直人らへのインタビューで表現の軌跡をたどる。",""
"4","マッチング TRUE LOVE","","jp-live","new","神奈川県・横浜市西区","TOHOシネマズ|109シネマズ|イオンシネマ|ユナイテッド・シネマ|MOVIX|T・ジョイ|USシネマ","https://www.unitedcinemas.jp/urawa/","kanagawa","2026-09-25","","","","","","","","","","","","","","","","","","","","一般2,200円/大学生1,500円/高校生以下1,000円(目安、劇場により異なる)","","","","","","2026-10-08","","公式サイト","https://movies.kadokawa.co.jp/matching/","https://movies.kadokawa.co.jp/matching/","35.4657","139.6220","土屋太鳳×佐久間大介×内田英治監督が再集結する完全新章。南の島のマッチングツアーを舞台にしたラブサバイバル・スリラー。横浜ブルク13で10/8も上映中。",""
"5","キリコのタクト～YELL～","","jp-live|music","new","神奈川県・海老名市","TOHOシネマズ|イオンシネマ|109シネマズ|MOVIX|ユナイテッド・シネマ|T・ジョイ|USシネマ","https://www.tohotheater.jp/theater/010/","kanagawa","2026-10-02","","","","","","","","","","","","","","","","","","","","ムビチケ前売1,600円（公開日前日までの購入）。当日料金は劇場により異なる","","","","","","2026-10-01","","映画.com","https://eiga.com/movie/104436/","https://surf-entertainment.com/kiriko.html","35.4497","139.3897","いきものがかり「YELL」に着想を得た音楽ドラマ。鈴木京香が伝説の音楽教師役。神奈川県厚木市市制70周年記念事業としてオールロケ撮影された。",""
"6","藁にもすがる獣たち（2026）","","jp-live","new","茨城県・つくば市","TOHOシネマズ|109シネマズ|イオンシネマ|ユナイテッド・シネマ|MOVIX|T・ジョイ|USシネマ","https://www.unitedcinemas.jp/urawa/","ibaraki","2026-09-25","","","","","","","","","","","","","","","","","","","","一般2,200円/大学生1,500円/高校生以下1,000円(目安、劇場により異なる)","2200","1600","27","ムビチケ前売券","","2026-09-24","公開日前日までの購入","映画.com","https://www.toei.co.jp/entertainment/movie/productionlist/detail/1248408_3641.html","https://warakemo-movie.com/","36.0850","140.0850","曽根圭介のミステリー小説を原作にしたサスペンス。城定秀夫監督、小林靖子共同脚本。鈴鹿央士主演、成宮寛貴・森七菜共演。配給は東映。",""
"7","ファーストボイス ー私たちの逆転裁判ー","","jp-live","new","茨城県・つくば市","USシネマ|TOHOシネマズ|イオンシネマ|109シネマズ|MOVIX|ユナイテッド・シネマ|T・ジョイ","","ibaraki","2026-10-02","","","","","","","","","","","","","","","","","","","","要問合せ","","","","","","","","映画.com","https://movies.shochiku.co.jp/firstvoicemovie/","https://movies.shochiku.co.jp/firstvoicemovie/","36.0349","140.1330","日本初の「ハラスメント裁判」に挑んだ弁護士たちの実話に着想。1989年バブル期を舞台に綾瀬はるかが型破りな弁護士を演じる法廷劇。配給は松竹・ワーナー ブラザース映画。",""
"8","バッド・ルーテナント：トウキョウ","","jp-live","new","東京都・千代田区","TOHOシネマズ|109シネマズ|イオンシネマ|ユナイテッド・シネマ|MOVIX|T・ジョイ|USシネマ","https://www.unitedcinemas.jp/urawa/","tokyo","2026-10-23","","","","","","","","","","","","","","ムビチケ前売券（オンライン）","","","2026-10-22","23:59","","ムビチケ前売1,700円（公開日前日までの購入）。当日料金は劇場により異なる","","","","","","2026-10-08","","映画.com","https://blt-movie.jp/","https://blt-movie.jp/","35.8462","139.5460","三池崇史監督が小栗旬とリリー・ジェームズを起用し、新宿歌舞伎町を舞台に悪徳刑事とFBI捜査官の因縁を描くサスペンスアクション。米NEONが企画段階から北米配給を決めた異例の日米合作で、主題歌はAdo。",""
"9","ストリートファイター／ザ・ムービー","","foreign","new","東京都・葛飾区","TOHOシネマズ|イオンシネマ|109シネマズ|MOVIX|ユナイテッド・シネマ|T・ジョイ|USシネマ","https://www.tohotheater.jp/theater/010/","tokyo","2026-10-16","","","","","","","","","","","","","","ムビチケ前売券（オンライン）","2026-07-31","","2026-10-15","23:59","","ムビチケ前売1,500円（公開日前日までの購入）。当日料金は劇場により異なる","","","","","","2026-10-08","","映画.com","https://eiga.com/movie/105732/","https://streetfighter-the-movie.jp/","35.7653","139.8524","カプコン格闘ゲーム原作の実写映画、全世界同時公開。1993年を舞台にリュウとケンが世界格闘王決定戦に挑む。ノア・センティネオ、アンドリュー・小路出演。配給東宝＝東和ピクチャーズ。",""
"10","劇場シリーズ【第一部】メイドインアビス 目覚める神秘","","anime","new","東京都・葛飾区","TOHOシネマズ|イオンシネマ|109シネマズ|MOVIX|ユナイテッド・シネマ|T・ジョイ|USシネマ","https://www.tohotheater.jp/theater/010/","tokyo","2026-10-23","","","","","","","","","","","","","","ムビチケカード","","","2026-10-22","","","一般2,200円/大学生1,500円/高校生以下1,000円(目安、劇場により異なる)","2200","","","","","2026-10-08","","映画.com","https://miabyss.com/","https://miabyss.com/","35.7653","139.8524","人気漫画「メイドインアビス」劇場シリーズ第1部。深界七層へ挑む物語を描く。制作キネマシトラス、音楽ケヴィン・ペンキン。全国約153館規模で展開。","総集編のリバイバル上映も別途予定"
"11","うるわしの宵の月","","jp-live","new","東京都・千代田区","TOHOシネマズ|イオンシネマ|109シネマズ|MOVIX|ユナイテッド・シネマ|T・ジョイ|USシネマ","https://www.tohotheater.jp/theater/081/","tokyo","2026-10-23","","","","","","","","","","","","","","ムビチケ前売券（カード）","2026-07-31","","","","","ムビチケ前売1,500円（公開日前日までの購入）。当日料金は劇場により異なる","","","","","","2026-10-08","","映画.com","https://uruwashi.toho-movie.jp/","https://uruwashi.toho-movie.jp/","35.6748","139.7595","やまもり三香の人気漫画を実写映画化。「王子」と呼ばれる道枝駿佑(なにわ男子)と安斉星来が演じる男女の等身大のファーストラブストーリー。",""
"12","クレイフェイス","","foreign","new","東京都・港区","TOHOシネマズ|イオンシネマ|109シネマズ|MOVIX|ユナイテッド・シネマ|T・ジョイ|USシネマ","https://www.tohotheater.jp/theater/010/","tokyo","2026-10-30","","","","","","","","","","","","","","ムビチケ前売券（オンライン）","","","2026-10-29","23:59","","ムビチケ前売1,500円（公開日前日までの購入）。当日料金は劇場により異なる","","","","","","2026-10-08","","映画.com","https://clayface-movie.jp/","https://clayface-movie.jp/","35.6285","139.7387","DCスタジオ最新ホラー。事故で顔を失った俳優が禁断の治療で怪物へと変貌するゴッサムのヴィラン誕生譚。トム・リス・ハリス主演、脚本マイク・フラナガン。配給東宝＝東和ピクチャーズ。",""
"13","プラクティカル・マジック／魔女たちの秘密","","foreign","new","東京都・千代田区","TOHOシネマズ|109シネマズ|イオンシネマ|ユナイテッド・シネマ|MOVIX|T・ジョイ|USシネマ","https://www.unitedcinemas.jp/urawa/","tokyo","2026-11-27","","","","","","","","","","","","","","","","","","","","一般2,200円/大学生1,500円/高校生以下1,000円(目安、劇場により異なる)","","","","","","","","映画.com","https://practicalmagic2-movie.jp/","https://practicalmagic2-movie.jp/","35.8462","139.5460","1999年公開のヒット作「プラクティカル・マジック」の27年ぶりの続編。サンドラ・ブロックとニコール・キッドマンが魔女姉妹役で再共演し、運命に立ち向かう新たな物語を描くファンタジー。",""
"14","アベンジャーズ／ドゥームズデイ","","foreign|tokusatsu","new","東京都・千代田区","TOHOシネマズ|109シネマズ|イオンシネマ|ユナイテッド・シネマ|MOVIX|T・ジョイ|USシネマ","https://www.unitedcinemas.jp/urawa/","tokyo","2026-12-18","","","","","","","","","","","","","","","","","","","","要問合せ","","","","","","","","マーベル公式","https://marvel.disney.co.jp/movie/avengers-doomsday","https://marvel.disney.co.jp/movie/avengers-doomsday","35.6749","139.7599","マーベル・シネマティック・ユニバース最新作。歴代アベンジャーズが結集し、新たな脅威“ドゥーム”に立ち向かう完結章の幕開け。全国のシネコンで日米同時公開。",""
"15","進行曲 マーチングボーイズ","","foreign|music","new","東京都・新宿区","シネマート新宿|横浜シネマリン","https://www.cinemart.co.jp/theater/shinjuku/","tokyo","2026-10-23","","","","","","","","","","","","","","ムビチケカード","","","","","特典付き マーチング楽器チャーム(3種ランダム)","一般2,000円/大学生1,500円/シニア1,300円/高校・中学生1,000円/小人1,000円","2000","1600","20","ムビチケカード","","2026-10-08","公開前の前売券購入","シネマート新宿公式","https://www.cinemart.co.jp/theater/shinjuku/movie/002549.html","","","","台湾発の青春“部活”マーチング映画。前売券は8/28から販売中でマーチング楽器チャーム(3種ランダム)特典付き。",""
"16","影を売る女","","foreign","new","東京都・新宿区","シネマート新宿","https://www.cinemart.co.jp/theater/shinjuku/","tokyo","2026-10-16","","","","","","","","","","","","","","","","","","","","一般2,000円/大学生1,500円/シニア1,300円/高校・中学生1,000円/小人1,000円","2000","","","","","2026-10-08","","シネマート新宿公式","https://www.cinemart.co.jp/theater/shinjuku/movie/002569.html","","35.6907","139.7053","幸せを求めて自らの影を売った主人公の運命を描く。シネマート新宿でロードショー。",""
"17","刺青","","jp-live","new","東京都・新宿区","シネマート新宿","https://www.cinemart.co.jp/theater/shinjuku/","tokyo","2026-11-13","2026-11-19","","","","","","1週間限定上映","","","","","","","前売り紙券","","","","","刺青オリジナルポストカード付き","一般2,000円/大学生1,500円/シニア1,300円/高校・中学生1,000円/小人1,000円","2000","1500","25","前売り紙券","","2026-10-08","公開前の前売券購入（劇場窓口で座席指定券へ引換）","シネマート新宿公式","https://www.cinemart.co.jp/theater/shinjuku/movie/002548.html","","35.6907","139.7053","菅野恵と淵上泰史が共演する、快楽と痛みの果てを描くフェティシズム・ラブストーリー。前売り紙券は一般1,500円でオリジナルポストカード付き。",""
"18","静かな友人","","foreign","new","東京都・新宿区","シネマート新宿","https://www.cinemart.co.jp/theater/shinjuku/","tokyo","2026-12-04","","","","","","","","","","","","","","","","","","","","一般2,000円/大学生1,500円/シニア1,300円/高校・中学生1,000円/小人1,000円","2000","","","","","2026-10-08","","シネマート新宿公式","https://www.cinemart.co.jp/theater/shinjuku/movie/002518.html","","35.6907","139.7053","イルディコー・エニェディ監督とトニー・レオンがタッグを組んだ、約100年を行き来する人間と植物の交流劇。",""
"19","1977 あの写真の私たち","","foreign","new","東京都・新宿区","シネマート新宿","https://www.cinemart.co.jp/theater/shinjuku/","tokyo","2026-11-13","2026-11-19","","","","","","1週間限定上映","","","","","","","","","","","","","一般2,000円/大学生1,500円/シニア1,300円/高校・中学生1,000円/小人1,000円","2000","","","","","2026-10-08","","シネマート新宿公式","https://www.cinemart.co.jp/theater/shinjuku/movie/002565.html","","35.6907","139.7053","台湾民主化の転機となった中壢事件に巻き込まれる若者たちを描く青春映画。",""
"20","アフターバーン 世紀末の秘宝","","foreign","new","東京都・新宿区","シネマート新宿","https://www.cinemart.co.jp/theater/shinjuku/","tokyo","2026-11-13","","","","","","","","","","","","","","","","","","","","一般2,000円/大学生1,500円/シニア1,300円/高校・中学生1,000円/小人1,000円","2000","","","","","2026-10-08","","シネマート新宿公式","https://www.cinemart.co.jp/theater/shinjuku/movie/002562.html","","35.6907","139.7053","デイヴ・バウティスタ、サミュエル・L・ジャクソン出演のトレジャー・アクション。『モナ・リザ』を追う。",""
"21","マーダー・イン・ザ・フロント・ロウ〜俺たちのベイエリア・スラッシュ物語〜","","doc|music","new","東京都・新宿区","シネマート新宿","https://www.cinemart.co.jp/theater/shinjuku/","tokyo","2026-09-25","","","","","","","","","","","","","","","","","","","","一般2,000円/大学生1,500円/シニア1,300円/高校・中学生1,000円/小人1,000円","2000","","","","","2026-10-08","","シネマート新宿公式","https://www.cinemart.co.jp/theater/shinjuku/movie/002559.html","","35.6907","139.7053","ベイエリア・スラッシュメタル勃興期の若者たちを振り返る音楽ドキュメンタリー。10/3(土)16:10の回は上映後にマーティ・フリードマンらのトークショーあり。","10/3(土)16:10の回上映後にトークショー"
"22","ラブ・ライズ","","foreign","new","東京都・新宿区","シネマート新宿","https://www.cinemart.co.jp/theater/shinjuku/","tokyo","2026-09-18","2026-10-08","","","","","","","","","","","","","","","","","","","一般2,000円/大学生1,500円/シニア1,300円/高校・中学生1,000円/小人1,000円","2000","","","","","2026-10-08","","シネマート新宿公式","https://www.cinemart.co.jp/theater/shinjuku/movie/002541.html","","35.6907","139.7053","香港電影金像奨6部門ノミネート、金馬奨2部門ノミネートの香港発ロマンティック・コメディ。",""
"23","シネマート新宿「ドラッグストア・カウボーイ デジタルリマスター版」","","foreign","revival","東京都・新宿区","シネマート新宿","https://www.cinemart.co.jp/theater/shinjuku/","tokyo","2026-09-18","","","","","","","","","","","","","","","","","","","","一般2,000円/大学生1,500円/シニア1,300円/高校・中学生1,000円/小人1,000円","2000","","","","","2026-10-08","","シネマート新宿公式","https://www.cinemart.co.jp/theater/shinjuku/movie/002529.html","","35.6907","139.7053","ドラッグにのめり込む若者たちの狂い始める日々を描いた作品のデジタルリマスター版を上映。",""
"24","デス・バイ・メタル〜デス・メタルを作った男〜","","doc|music","new","東京都・新宿区","シネマート新宿","https://www.cinemart.co.jp/theater/shinjuku/","tokyo","2026-09-25","","","","","","","","","","","","","","","","","","","","一般2,000円/大学生1,500円/シニア1,300円/高校・中学生1,000円/小人1,000円","2000","","","","","2026-10-08","","シネマート新宿公式","https://www.cinemart.co.jp/theater/shinjuku/movie/002558.html","","35.6907","139.7053","“デス・メタルの父”と呼ばれたミュージシャンの孤独を描く音楽ドキュメンタリー。シネマート新宿で9/25からロードショー。",""
"25","雌鶏","","foreign","new","東京都・新宿区","シネマート新宿","https://www.cinemart.co.jp/theater/shinjuku/","tokyo","2026-09-25","","","","","","","","","","","","","","","","","","","","一般2,000円/大学生1,500円/シニア1,300円/高校・中学生1,000円/小人1,000円","2000","","","","","2026-10-08","","シネマート新宿公式","https://www.cinemart.co.jp/theater/shinjuku/movie/002542.html","","35.6907","139.7053","CG・AIを使わず実演で撮った、ニワトリを主演にして人間社会をその目から描く異色のヒューマンドラマ。","2026-10-08時点の公式一覧に終了日の記載なし"
"26","エヴィレンコ","","foreign","new","東京都・新宿区","シネマート新宿","https://www.cinemart.co.jp/theater/shinjuku/","tokyo","2026-10-09","","","","","","","","","","","","","","","","","","","","一般2,000円/大学生1,500円/シニア1,300円/高校・中学生1,000円/小人1,000円","2000","","","","","2026-10-08","","シネマート新宿公式","https://www.cinemart.co.jp/theater/shinjuku/movie/002563.html","","35.6907","139.7053","旧ソ連最大の連続殺人犯チカチーロをマルコム・マクダウェルが演じた問題作の日本初公開。",""
"27","CBGB ニューヨーク、PUNKが生まれた場所","","foreign|music","new","東京都・新宿区","シネマート新宿","https://www.cinemart.co.jp/theater/shinjuku/","tokyo","2026-10-23","","","","","","","","","","","","","","全国共通特別鑑賞券","","","","","特典付き 特製ポストカード","一般2,000円/大学生1,500円/シニア1,300円/高校・中学生1,000円/小人1,000円","2000","","","","","2026-10-08","","シネマート新宿公式","https://www.cinemart.co.jp/theater/shinjuku/movie/002553.html","","35.6907","139.7053","伝説のライブハウスCBGBをアラン・リックマン主演で描く。テレヴィジョンやラモーンズらの名曲が流れる。","10/15(木)18:20の回は監督来日先行上映会（サイン会あり）"
"28","もしもの愛","","foreign","new","東京都・新宿区","シネマート新宿","https://www.cinemart.co.jp/theater/shinjuku/","tokyo","2026-10-30","2026-11-05","","","","","","1週間限定上映","","","","","","","","","","","","","一般2,000円/大学生1,500円/シニア1,300円/高校・中学生1,000円/小人1,000円","2000","","","","","2026-10-08","","シネマート新宿公式","https://www.cinemart.co.jp/theater/shinjuku/movie/002568.html","","35.6907","139.7053","イ・チャンドン監督8年ぶりの最新作で、ヴェネツィア国際映画祭コンペ出品作。1週間限定上映。",""
"29","ピリオン","","foreign","new","東京都・新宿区","シネマート新宿","https://www.cinemart.co.jp/theater/shinjuku/","tokyo","2026-12-04","","","","","","","","","","","","","","","","","","","","一般2,000円/大学生1,500円/シニア1,300円/高校・中学生1,000円/小人1,000円","2000","","","","","2026-10-08","","シネマート新宿公式","https://www.cinemart.co.jp/theater/shinjuku/movie/002546.html","http://transformer.co.jp/m/pillion/","35.6907","139.7053","カンヌ国際映画祭ある視点部門で最優秀脚本賞とパルムドッグ賞の2冠を得たラブストーリー。",""
"30","横浜シネマリン「パフォーマンス・アート：身体と空間をめぐる映画祭」","","doc|foreign","festival","神奈川県・横浜市中区","横浜シネマリン","https://cinemarine.co.jp/","kanagawa","2026-10-10","2026-10-23","","","","","","","","","","","","","","","","","","","一般1,900円/会員・大専・シニア1,300円/高校生以下800円","1900","","","","","2026-10-08","","横浜シネマリン公式","https://cinemarine.co.jp/","","35.4420","139.6375","身体と空間表現をテーマにしたパフォーマンス・アート関連作品の特集。初日『ナム・ジュン・パイク 月は最古のTV』上映後にトークあり。","10/10(土)上映後、日比野民蓉さん・佐藤小百合さんのトークあり"
"31","ウィー・ハブ・ア・ドリーム","","doc","new","神奈川県・横浜市中区","横浜シネマリン","https://cinemarine.co.jp/","kanagawa","2026-09-12","","","","","","","","","","","","","","","","","","","","一般1,900円/会員・大専・シニア1,300円/高校生以下800円","1900","","","","","2026-09-24","","横浜シネマリン公式","https://cinemarine.co.jp/","","35.4420","139.6375","ハンディキャップを抱えながらもバレエやダンス、陸上競技に打ち込む子どもたちを追ったフランス発のドキュメンタリー。",""
"32","零下五十度の抑留者","","doc","new","神奈川県・横浜市中区","横浜シネマリン","https://cinemarine.co.jp/","kanagawa","2026-09-05","","","","","","","","","","","","","","","","","","","","一般1,900円/会員・大専・シニア1,300円/高校生以下800円","1900","","","","","2026-09-24","","横浜シネマリン公式","https://cinemarine.co.jp/","","35.4420","139.6375","シベリア抑留から生還した台湾出身の元日本兵の記憶をたどる台湾ドキュメンタリー。9/6上映後に出演者と監督の舞台挨拶あり。",""
"33","横浜シネマリン「シグロ40周年特集上映－差別と冤罪」","","doc","revival|festival","神奈川県・横浜市中区","横浜シネマリン","https://cinemarine.co.jp/","kanagawa","2026-12-26","2026-12-31","","","","","","","","","","","","","","","","","","","要問合せ","","","","","","2026-10-01","","横浜シネマリン公式","https://cinemarine.co.jp/","","35.4420","139.6375","ドキュメンタリー制作会社シグロの創立40周年を記念し、差別と冤罪をテーマにした2作品「人間の街－大阪・被差別部落－」「狭山事件－石川一雄・獄中27年－」を上映する回顧特集。",""
"34","遥かな町へ","","jp-live","new","神奈川県・横浜市中区","横浜シネマリン","https://cinemarine.co.jp/","kanagawa","2026-10-09","","","","","","","","","","","","","","","","","","","","一般1,900円/会員・大専・シニア1,300円/高校生以下800円","1900","","","","","2026-10-08","","横浜シネマリン公式","https://cinemarine.co.jp/","","35.4420","139.6375","谷口ジロー原作の名作漫画を日本初実写化。14歳の“あの日”にタイムスリップした中年男の人生を見つめ直す物語。10/10(土)上映後に主演陣と監督の舞台挨拶あり。","10/10(土)上映後、大谷亮平さん・滝藤賢一さんほか舞台挨拶あり"
"35","プーチンの愛国教室","","doc","new","神奈川県・川崎市麻生区","川崎市アートセンター","https://kawasaki-ac.jp/","kanagawa","2026-10-17","2026-10-30","","","","","","","","","","","","","","","","","","","一般2,000円/シニア・会員1,300円/大学・専門学校生1,000円/障がい者・付添(1名まで)1,000円/高校生以下800円","2000","","","","","2026-10-08","","川崎市アートセンター公式","https://kawasaki-ac.jp/movie/theater/detail/?id=002525","https://transformer.co.jp/movie/mrnobody/","35.4420","139.6375","ロシアの小学校で戦争賛美の愛国教育が広がる様子を、教員自らが撮影したドキュメンタリー。アカデミー賞長篇ドキュメンタリー賞受賞。","休映日は10/19・10/26"
"36","ナウ・アンド・ゼン","","doc","new","神奈川県・横浜市中区","横浜シネマリン","https://cinemarine.co.jp/","kanagawa","2026-10-17","","","","","","","","","","","","","","","","","","","","一般1,900円/会員・大専・シニア1,300円/高校生以下800円","1900","","","","","2026-10-08","","横浜シネマリン公式","https://cinemarine.co.jp/","","35.4420","139.6375","百年前の死が今日も繰り返されているという問いから、過去と現在の声をつなぐドキュメンタリー。10/17・18・24に舞台挨拶あり。","10/17(土)・10/18(日)・10/24(土)上映後、西原孝至監督らの舞台挨拶あり"
"37","聴く隣人のいるところ","","doc","new","神奈川県・横浜市中区","横浜シネマリン","https://cinemarine.co.jp/","kanagawa","2026-10-24","2026-10-30","","","","","","","","","","","","","","","","","","","一般1,900円/会員・大専・シニア1,300円/高校生以下800円","","","","","","2026-10-01","","横浜シネマリン公式","https://cinemarine.co.jp/","","35.4420","139.6375","全寮制高校の一年間を追い、声と歌が届く瞬間を記録したドキュメンタリー。1週間限定上映。10/24(土)上映後、早川嗣監督の舞台挨拶あり。","10/24(土)上映後、早川嗣監督・出演者の舞台挨拶あり"
"38","CBGB ニューヨーク、PUNKが生まれた場所","","foreign|music","new","神奈川県・横浜市中区","横浜シネマリン","https://cinemarine.co.jp/","kanagawa","2026-10-24","","","","","","","","","","","","","","","","","","","","一般1,900円/会員・大専・シニア1,300円/高校生以下800円","","","","","","2026-10-01","","横浜シネマリン公式","https://cinemarine.co.jp/","","35.4420","139.6375","テレヴィジョン、トーキング・ヘッズ、パティ・スミス、ラモーンズらを輩出した伝説のクラブCBGBを舞台に、PUNK誕生の時代を描く2013年アメリカ映画。",""
"39","ザ・ゴールドディガーズ","","foreign","revival","神奈川県・横浜市中区","横浜シネマリン","https://cinemarine.co.jp/","kanagawa","2026-10-24","","","","","","","","","","","","","","","","","","","","一般1,900円/会員・大専・シニア1,300円/高校生以下800円","","","","","","2026-10-01","","横浜シネマリン公式","https://cinemarine.co.jp/","","35.4420","139.6375","サリー・ポッター長編監督デビュー作、国内劇場初公開。1983年制作のモノクロ作品で、《黄金》が支配する世界を描く。",""
"40","ナイトシフト","","foreign","revival","神奈川県・横浜市中区","横浜シネマリン","https://cinemarine.co.jp/","kanagawa","2026-10-24","","","","","","","","","","","","","","","","","","","","一般1,900円/会員・大専・シニア1,300円/高校生以下800円","","","","","","2026-10-01","","横浜シネマリン公式","https://cinemarine.co.jp/","","35.4420","139.6375","サッチャー政権下、ポストパンク時代のロンドンで撮られたミニマルな対抗映画。1981年制作、国内劇場初公開。",""
"41","眺めのいい部屋 4K","","foreign","revival","神奈川県・横浜市中区","横浜シネマリン","https://cinemarine.co.jp/","kanagawa","2026-10-31","2026-11-06","","","","","","","","","","","","","","","","","","","一般1,900円/会員・大専・シニア1,300円/高校生以下800円","","","","","","2026-10-01","","横浜シネマリン公式","https://cinemarine.co.jp/","","35.4420","139.6375","E.M.フォースター原作、ジェームズ・アイヴォリー監督の1986年不朽の名作を、作品生誕40周年記念で4Kレストア版として1週間限定上映。",""
"42","春樹","","foreign","new","神奈川県・横浜市中区","横浜シネマリン","https://cinemarine.co.jp/","kanagawa","2026-11-07","","","","","","","","","","","s-changlu2026","","","","","","","","","一般1,900円/会員・シニア1,300円/大専・高校生以下500円（学生応援プライス500）","","","","","","2026-10-01","","横浜シネマリン公式","https://cinemarine.co.jp/","","35.4420","139.6375","釜山国際映画祭・東京国際映画祭で3冠受賞のチャン・リュル（張律）監督最新作。挫折の先でも流れていく時間を描く。「ルオムの黄昏」と同時公開。",""
"43","ルオムの黄昏","","foreign","new","神奈川県・横浜市中区","横浜シネマリン","https://cinemarine.co.jp/","kanagawa","2026-11-07","","","","","","","","","","","s-changlu2026","","","","","","","","","一般1,900円/会員・シニア1,300円/大専・高校生以下500円（学生応援プライス500）","","","","","","2026-10-01","","横浜シネマリン公式","https://cinemarine.co.jp/","","35.4420","139.6375","釜山国際映画祭・東京国際映画祭で3冠受賞のチャン・リュル（張律）監督最新作。消えた恋人の痕跡を追うほど遠ざかる道を描く。「春樹」と同時公開。",""
"44","《Fire in Water 永田康祐映像作品集》","","doc","revival","神奈川県・横浜市中区","横浜シネマリン","https://cinemarine.co.jp/","kanagawa","2026-11-07","2026-11-13","","","","","","","","","","","","","","","","","","","要問合せ","","","","","","2026-10-01","","横浜シネマリン公式","https://cinemarine.co.jp/","","35.4420","139.6375","アーティスト・永田康祐の初の特集上映。「Fire in Water」「鮭になる」など映像作品6本をまとめて上映する1週間限定企画。",""
"45","憎しみ 4K","","foreign","revival","神奈川県・横浜市中区","横浜シネマリン","https://cinemarine.co.jp/","kanagawa","2026-11-14","","","","","","","","","","","","","","","","","","","","一般1,900円/会員・シニア1,300円/大専・高校生以下500円（学生応援プライス500）","","","","","","2026-10-01","","横浜シネマリン公式","https://cinemarine.co.jp/","","35.4420","139.6375","パリ郊外の暴動翌日、異なるルーツを持つ3人の若者の24時間を描く1995年フランス映画の傑作。90年代を代表する青春映画が4Kレストア版で蘇る。",""
"46","コール＆レスポンス","","doc","new","神奈川県・横浜市中区","横浜シネマリン","https://cinemarine.co.jp/","kanagawa","2026-12-12","","","","","","","","","","","","","","全国共通特別鑑賞券（2,500円・当館受付で販売中）","","","","","オリジナルステッカー特典付き","要問合せ","","","","","","2026-10-08","","横浜シネマリン公式","https://cinemarine.co.jp/","","35.4420","139.6375","日本初となる少年院でのラップ・ワークショップの記録。前編130分・後編99分（途中休憩あり）の計229分。",""
"47","みらいしのほこう","","jp-live","new","神奈川県・横浜市中区","横浜シネマリン","https://cinemarine.co.jp/","kanagawa","2026-12-05","2026-12-11","","","","","","","","","","","","","","","","","","","要問合せ","","","","","","2026-10-01","","横浜シネマリン公式","https://cinemarine.co.jp/","","35.4420","139.6375","人生迷走中の教師と予知能力者の生徒が逆転を目指す“不純な”SF青春エンターテインメント。埼玉県・SKIPシティ制作作品。",""
"48","モネと時間旅行","","foreign","new","神奈川県・川崎市麻生区","川崎市アートセンター","https://kawasaki-ac.jp/","kanagawa","2026-09-19","2026-10-09","","","","","","","","","","","","","","","","","","","一般2,000円/シニア・会員1,300円/大学・専門学校生1,000円/障がい者・付添(1名まで)1,000円/高校生以下800円","2000","","","","","2026-10-08","","川崎市アートセンター公式","https://kawasaki-ac.jp/movie/theater/detail/?id=002493","https://monetojikan.com/","35.6015","139.5035","再開発対象となったノルマンディーの家から見つかった絵画をめぐり、親族たちが先祖アデルと印象派の誕生をたどるフランス映画。10/9が最終日。","休映日は9/24・9/28・10/5"
"49","第32回 KAWASAKIしんゆり映画祭2026","","foreign|jp-live|doc|anime|fam","festival","神奈川県・川崎市麻生区","川崎市アートセンター","https://kawasaki-ac.jp/","kanagawa","2026-10-24","2026-11-03","","2026-10-24|2026-10-25|2026-10-31|2026-11-01|2026-11-02|2026-11-03","","","","","","","","","","","前売券（窓口・オンライン）","2026-09-12","09:00","","","前売りは各作品の上映前日19:30まで販売","前売り:一般・シニア1,300円/学生・高校生以下・障がい者1,000円(要証明書)/『映画ドラえもん のび太の絵世界物語』900円均一。当日:一般・シニア1,600円/学生等1,200円","1600","","","","","2026-10-08","","川崎市アートセンター公式","https://kawasaki-ac.jp/movie/theater/detail/?id=002518","https://www.main.siff.jp/","35.6015","139.5035","新百合ヶ丘で開く地域密着の映画祭。10/24・25は小劇場、10/31〜11/3は映像館と小劇場で上映。10/24夜には宇多丸さん出演のトークライブ（抽選制・無料）がある。","前売り完売の場合は当日券なし。会員割引・招待券は使えない"
"50","K's cinema「奇想天外映画祭2026」","","foreign","festival","東京都・新宿区","K's cinema","https://www.ks-cinema.com/","tokyo","2026-09-12","2026-10-16","","","","","","","","","","","","","","","","","","","一般1,600円/大学生・高校生1,400円/シニア1,200円/3歳〜小学生・中学生・障がい者1,000円","1600","","","","","2026-10-08","","K's cinema公式","https://www.ks-cinema.com/movie/kisoutengai2026/","","35.6935","139.7048","コミックの世界をテーマにした奇想天外映画祭。『ミート・ザ・フィーブルズ』『コミック・ストリップ・ヒーロー』『ステッペンウルフ／荒野の狼』『探偵スルース』など異色作を上映。3回券3,600円あり（ネット予約不可）。","特別鑑賞券3回券3,600円（数量限定・ネット予約不可）"
"51","K's cinema「インド大映画祭IDE2026番外編」","","foreign","festival","東京都・新宿区","K's cinema","https://www.ks-cinema.com/","tokyo","2026-10-03","2026-10-16","","","","","","","","","","","","","","","","","","","一般1,800円/大学生・高校生1,500円/シニア1,200円/3歳〜小学生・中学生・障がい者1,000円","1800","","","","","2026-10-01","","K's cinema公式","https://www.ks-cinema.com/movie/ide2026_spinoff/","","35.6935","139.7048","インド映画特集の番外編。日本初公開の『ドリダム』『29』に加え、『マーリーサン-幻術師』『ボンブ -神の音』『サルダール』をアンコール上映する。各作品の上映時刻は作品案内ページで確認。",""
"52","Man","","jp-live","new","東京都・新宿区","K's cinema","https://www.ks-cinema.com/","tokyo","2026-09-26","","","","","17:00","","","","","","","","","","","","","","","一般1,800円/大学生・高校生1,500円/シニア1,200円/3歳〜小学生・中学生・障がい者1,000円","1800","","","","","2026-10-01","","K's cinema公式","https://www.ks-cinema.com/movie/man/","","35.6935","139.7048","前田弘二監督の新作。犯罪に手を染める青年が、謎の男に更生を迫られる奇妙な共同生活を描く。宇野祥平・唐田えりか出演、94分。","10/7(水)のみ17:20。10/10以降の上映時刻は未定（10/8時点の公式サイトの表示）"
"53","新文芸坐「追悼・岸恵子① 自由を抱き、凛と咲き」","","jp-live","revival","東京都・豊島区","新文芸坐","https://www.shin-bungeiza.com/","tokyo","2026-10-01","2026-10-10","","2026-10-01|2026-10-02|2026-10-05|2026-10-06|2026-10-07|2026-10-08|2026-10-09|2026-10-10","","","","","","","","","","","","","","","","","一般1,500円/各種割引1,100円（同日2本目割: 一般1,900円/割引1,500円）","1500","","","","","2026-10-08","","新文芸坐公式","https://www.shin-bungeiza.com/schedule","","35.7328","139.7136","女優・岸恵子を偲ぶ追悼特集の第1弾。『おとうと』『約束』の2本を日替わりで組み合わせて上映する。","2026-11-01から一般1,600円/各種割引1,200円に改定予定、2本目割は10/31で終了"
"54","新文芸坐「追悼・サム・ニール 狂気に蝕まれた男」","","foreign","revival","東京都・豊島区","新文芸坐","https://www.shin-bungeiza.com/","tokyo","2026-10-09","2026-10-15","","","","","","","","","","","","","","","","","","","『ポゼッション』一般1,500円/各種割引1,100円、『マウス・オブ・マッドネス』一般2,000円/各種割引1,800円（特別興行・クーポン利用不可）","","","","","","2026-10-08","","新文芸坐公式","https://www.shin-bungeiza.com/schedule","","35.7328","139.7136","俳優サム・ニールを偲ぶ追悼特集。『ポゼッション 40周年HDリマスター版』と日本独占限定上映『マウス・オブ・マッドネス』の2本立て。","前回記録の一般1,900円/各種割引1,300円は誤りで、実際は作品ごとに料金が異なる（本欄参照）"
"55","新文芸坐「孤高の巨匠フレディ・M・ムーラー ＜マウンテン・トリロジー＞＋1」","","foreign","revival","東京都・豊島区","新文芸坐","https://www.shin-bungeiza.com/","tokyo","2026-10-19","2026-10-26","","","","","","","","","","","","","","","","","","","","","","","","","","","新文芸坐公式","https://www.shin-bungeiza.com/schedule","","35.7328","139.7136","スイスの巨匠フレディ・M・ムーラー監督の山岳三部作にもう1本を加えた特集上映。2本目割あり。","前回記録の一般1,900円/各種割引1,300円は誤りで、正しくは本欄の2本目割料金"
"56","新文芸坐「劇場版『名探偵コナン』フィルム＆デジタル上映vol.3」","","anime","revival","東京都・豊島区","新文芸坐","https://www.shin-bungeiza.com/","tokyo","2026-10-17","2026-10-28","","2026-10-17|2026-10-18|2026-10-19|2026-10-20|2026-10-24|2026-10-25|2026-10-26|2026-10-27|2026-10-28","","","","","","","","s-conan-film-digital","","","","","","","","","一般1,500円/各種割引1,100円（特別興行・クーポン利用不可）","1500","","","","","2026-10-08","","新文芸坐公式","https://www.shin-bungeiza.com/schedule","","35.7328","139.7136","『名探偵コナン 14番目の標的』『天国へのカウントダウン』を35mmフィルムで、『緋色の弾丸』をデジタルで上映するセレクション企画。日替わりで上映作品が変わる。",""
"57","新文芸坐「劇場版『名探偵コナン』フィルム＆デジタル上映vol.4」","","anime","revival","東京都・豊島区","新文芸坐","https://www.shin-bungeiza.com/","tokyo","2026-11-14","2026-11-24","","2026-11-14|2026-11-15|2026-11-17|2026-11-18|2026-11-19|2026-11-22|2026-11-24","","","","","","","","s-conan-film-digital","","","","","","","","","要問合せ","","","","","","2026-09-24","","新文芸坐公式","https://www.shin-bungeiza.com/schedule","","35.7328","139.7136","『名探偵コナン 世紀末の魔術師』『銀翼の奇術師』を35mmフィルムで、『黒鉄の魚影』をデジタルで上映するセレクション企画第4弾。料金・上映時間は現時点で調整中。",""
"58","神保町シアター「80年代ノスタルジアⅢ」","","jp-live","revival","東京都・千代田区","神保町シアター","https://www.shogakukan.co.jp/jinbocho-theater/","tokyo","2026-10-10","2026-11-06","","","","","","","","","","","","","","","","","","","要問合せ","","","","","","","","神保町シアター公式","https://www.shogakukan.co.jp/jinbocho-theater/features/2026-10-10_80s_3rd.html","","35.6968","139.7565","1980年代劇場公開作を振り返る人気企画の第3弾。相米慎二の監督デビュー作『翔んだカップル＜オリジナル版＞』、『野蛮人のように』『十階のモスキート』ほか、ラブコメ・特撮・アニメと幅広く選定。DVD・配信のない作品も含み、デジタル上映表記のない作品は35mmフィルム上映。","休館明けの10/10開始"
"59","クリスマス・キャロル／3人のゴーストたち","","foreign","new","東京都・千代田区","TOHOシネマズ|109シネマズ|イオンシネマ|ユナイテッド・シネマ|MOVIX|T・ジョイ|USシネマ|ピカデリー","","tokyo","2026-11-13","","","","","","","","","","","","","","ムビチケ前売券（オンライン）","","","2026-11-12","23:59","","","","","","","","","","映画.com","https://eigakan.org/theaterpage/schedule.php?t=christmascarol","https://christmas-carol.jp/","","","ジョニー・デップが守銭奴スクルージを演じるゴシックファンタジー。ディケンズの名作をA24系のタイ・ウェスト監督が映画化し、クリスマスイブに現れる3人の幽霊との出会いを通した再生の物語を描く。",""
"60","ハウスメイド","","foreign","new","東京都・渋谷区","ピカデリー|ヒューマントラストシネマ|109シネマズ|イオンシネマ|T・ジョイ|MOVIX|ユナイテッド・シネマ","","tokyo","2026-11-27","","","","","","","","","","","","","","ムビチケ前売券（オンライン）","","","2026-11-26","23:59","","","","","","","","","","映画.com","https://eigakan.org/theaterpage/schedule.php?t=housemaid","https://housemaid-movie.com/","","","全世界興収650億円のベストセラー小説を映画化したシークレット・サスペンス。豪邸に住み込む家政婦ミリー（シドニー・スウィーニー）が、富豪一家に隠された恐るべき秘密に迫る。ネタバレ厳禁の展開が話題。",""
"61","映画ドラえもん のび太の蒸気時間車","","anime|fam","new","東京都・千代田区","TOHOシネマズ|109シネマズ|イオンシネマ|ユナイテッド・シネマ|MOVIX|T・ジョイ|USシネマ","https://www.unitedcinemas.jp/urawa/","tokyo","2027-03-05","","","","","","","","","","","","","","","","","","","","","","","","","","","","公式サイト","https://doraeiga.com/2027/","https://doraeiga.com/2027/","35.8462","139.5460","「映画ドラえもん」シリーズ通算46作目。19世紀のロンドンを舞台に、ドラえもんとのび太たちが時空を越えて繰り広げる完全オリジナルストーリー。脚本はヨーロッパ企画代表の上田誠が担当。",""
"62","ダーウィンズゲーム","","jp-live","new","東京都・千代田区","TOHOシネマズ|109シネマズ|イオンシネマ|ユナイテッド・シネマ|MOVIX|T・ジョイ|USシネマ","https://www.unitedcinemas.jp/urawa/","tokyo","2027-03-12","","","","","","","","","","","","2026-07-10","","","","","","","","要問合せ","","","","","","","","公式サイト","https://darwinsgame-movie.com/","https://darwinsgame-movie.com/","35.8462","139.5460","累計発行部数1000万部突破の人気漫画を実写映画化。中川大志演じる大学生カナメが謎のアプリをきっかけに命がけの異能バトルに巻き込まれる、曽利文彦監督によるVFXアクション超大作。",""
"63","リバイアサン","","jp-live","new","東京都・千代田区","TOHOシネマズ|109シネマズ|イオンシネマ|ユナイテッド・シネマ|MOVIX|T・ジョイ|USシネマ","https://www.unitedcinemas.jp/urawa/","tokyo","2027-02-11","","","","","","","","","","","","","","","","","","","","","","","","","","","","公式サイト","https://lev.toho-movie.jp/","https://lev.toho-movie.jp/","35.8462","139.5460","酸素が尽きる宇宙船を舞台に、生存率1/38のデスゲームに巻き込まれる38人の生徒を描くSFサバイバル。道枝駿佑と出口夏希が初共演し、藤井道人と新宮良平がW監督を務めるフランス発漫画の映画化。",""
"64","立川シネマシティ bスタジオ【極音】再誕祭","","jp-live|foreign","special","東京都・立川市","立川シネマシティ シネマ・ツー","https://cinemacity.co.jp/","tokyo","2026-08-14","","","","","","","継続開催（9月はガールズ＆パンツァー劇場版のDolby Atmos版を上映）","","","","","","","","","","","","","一般2,000円（20時以降1,500円）/シニア1,300円/学生1,500円/中高生1,000円","2000","","","","","2026-10-01","","シネマシティNEWS","https://ccnews.cinemacity.co.jp/b_st_reborn_2026_summer/","","35.6941","139.4137","bスタジオの音響刷新（Meyer Sound「ASTRYA」導入、Dolby Atmos対応）を記念した上映企画。『トップガン マーヴェリック』『ラ・ラ・ランド』『RRR』『BLUE GIANT』『君の名は。』などを上映。","今冬より【極音02】【極爆02】は+300円、【Dolby Atmos】は+200円の追加料金"
"65","第39回東京国際映画祭2026","","jp-live|foreign|doc|anime","festival","東京都・千代田区","日比谷・有楽町・丸の内エリア各劇場","https://2026.tiff-jp.net/ja/","tokyo","2026-10-26","2026-11-04","","","","","","","","","","","","","","","","","","","","","","","","","","","東京国際映画祭公式","https://2026.tiff-jp.net/ja/","https://2026.tiff-jp.net/ja/","35.6749","139.7595","アジア最大級の国際映画祭。日比谷・有楽町・丸の内エリアを中心に国内外の最新作からクラシック上映まで多彩なプログラムを展開する10日間。TIFFCOMも同時開催される。","9/11にチケット料金改定を発表。オープニング作品『SUKIYAKI 上を向いて歩こう』、センターピース『ゴジラ-0.0』、クロージング作品『コロニー』が決定"
"66","ラピュタ阿佐ヶ谷「森繁力」特集","","jp-live","revival","東京都・杉並区","ラピュタ阿佐ヶ谷","https://www.laputa-jp.com/","tokyo","2026-08-16","2026-10-17","","","","","","","","","","","","","","","","","","","一般1,400円/シニア・学生1,200円/会員1,000円（水曜サービスデーは1,200円均一）","1400","","","","","2026-10-01","","ラピュタ阿佐ヶ谷公式","http://www.laputa-jp.com/laputa/program/morishigehisaya/","","35.7048","139.6363","名優・森繁久彌の軌跡を辿る9週間の長期特集。『夫婦善哉』『次郎長三国志』『社長太平記』『警察日記』など喜劇からシリアスまで豪華36作品を上映。",""
"67","ラピュタ阿佐ヶ谷「昭和の銀幕に輝くヒロイン 淡島千景」","","jp-live","revival","東京都・杉並区","ラピュタ阿佐ヶ谷","https://www.laputa-jp.com/","tokyo","2026-09-20","2026-11-28","","","","","","","","","","","","","","","","","","","","","","","","","","","ラピュタ阿佐ヶ谷公式","http://www.laputa-jp.com/laputa/program/awashimachikage02/","","35.7048","139.6363","淡島千景の出演作を朝の1回のみ上映するモーニングショー特集。『本日休診』『大番』シリーズ、『鰯雲』『母のおもかげ』などを週替わりで上映。","9/28(月)は休館"
"68","国立映画アーカイブ「映画監督 木村荘十二」","","jp-live|doc","revival","東京都・中央区","国立映画アーカイブ","https://www.nfaj.go.jp/","tokyo","2026-10-13","2026-11-15","","","","","","10/13〜10/25、11/3〜11/15の2期に分けて上映（休館日は月曜）","","","","","","","","","","","","","一般1,300円/高校・大学生・65歳以上1,100円/小・中学生900円/障害者手帳800円","1300","","","","","2026-10-01","","国立映画アーカイブ公式","https://www.nfaj.go.jp/film-program/sotojikimura202610/","","35.6754","139.7708","商業映画から教育映画へ転身した映画作家・木村荘十二の仕事を、長瀬記念ホールOZUで2期に分けて辿る特集。各回入替制・全席指定。","各回入替制・全席指定、開映後は入場不可"
"69","早稲田松竹クラシックスvol.256「曽根中生、相米慎二、青山真治 ――逸脱のゆくえ」","","jp-live","revival","東京都・新宿区","早稲田松竹","","tokyo","2026-10-03","2026-10-09","","","","","","","","","","","","","","","","","","","一般1,500円/学生1,200円/シニア・小学生1,100円","1500","","","","","2026-10-01","","早稲田松竹公式","https://wasedashochiku.co.jp/","","35.7133","139.7036","相米慎二『台風クラブ』『お引越し』の二本立てに、35mmの特別興行として曽根中生『博多っ子純情』、青山真治『Helpless』を加えた特集。当日券のみ。",""
"70","シネマヴェーラ渋谷「映画を輝かせるために ―蓮實重彦 山田宏一 山根貞男 映画談義集成」刊行記念特集","","foreign","revival","東京都・渋谷区","シネマヴェーラ渋谷","http://www.cinemavera.com/","tokyo","2026-09-26","2026-10-23","","","","","","","","","","","","","","","","","","","1,300円均一（ポイント鑑賞不可）","1300","","","","","2026-10-08","","シネマヴェーラ渋谷公式","http://cinemavera.com/","","35.6570","139.6975","蓮實・山田・山根の映画談義集成の刊行を記念した特集。特別上映として『暗黒街の帝王レッグス・ダイヤモンド』『スパイクス・ギャング』、『旅籠屋騒動』『太陽に背く者』など。10/18に阪本順治監督のトーク付上映。","各回入替制・当日券のみ・ポイント鑑賞不可"
"71","ラピュタ阿佐ヶ谷「野村芳太郎監督特集」","","jp-live","revival","東京都・杉並区","ラピュタ阿佐ヶ谷","https://www.laputa-jp.com/","tokyo","2026-10-18","2026-12-30","","","","","","","","","","","","","","","","","","","一般1,400円/シニア・学生1,200円/会員1,000円（水曜サービスデーは1,200円均一）","1400","","","","","2026-10-01","","ラピュタ阿佐ヶ谷公式","http://www.laputa-jp.com/laputa/program/nomurayoshitaro/","","35.7048","139.6363","『張込み』『ゼロの焦点』『拝啓天皇陛下様』『砂の器』『事件』など、野村芳太郎監督作約50本を2カ月半かけて上映。国立映画アーカイブ所蔵の『鳩』『亡命記』も含む。","日程が一部変更されている場合あり"
"72","ハワの手習い","","doc","new","神奈川県・横浜市中区","横浜シネマリン","https://cinemarine.co.jp/","kanagawa","2026-09-05","","","","","","","","","","","","","","","","","","","","一般1,900円/会員・大専・シニア1,300円/高校生以下800円","1900","","","","","2026-09-17","","横浜シネマリン公式","https://cinemarine.co.jp/","","35.4420","139.6375","13歳で結婚させられ自由を奪われたアフガニスタン人女性ハワの学びへの挑戦を追うドキュメンタリー。",""
"73","撃たれた自由の声を撮れ","","doc","new","神奈川県・横浜市中区","横浜シネマリン","https://cinemarine.co.jp/","kanagawa","2026-09-05","","","","","","","","","","","","","","","","","","","","一般1,900円/会員・大専・シニア1,300円/高校生以下800円","1900","","","","","2026-09-17","","横浜シネマリン公式","https://cinemarine.co.jp/","","35.4420","139.6375","女性が教育を受けられないタリバン支配下のアフガニスタンで声を上げ続ける人々を追うドキュメンタリー。",""
"74","よき谷の物語","","foreign","new","神奈川県・横浜市中区","横浜シネマリン","https://cinemarine.co.jp/","kanagawa","2026-09-05","","","","","","","","","","","","","","","","","","","","一般1,900円/会員・大専・シニア1,300円/高校生以下800円","1900","","","","","2026-09-17","","横浜シネマリン公式","https://cinemarine.co.jp/","","35.4420","139.6375","スペインの名匠ホセ・ルイス・ゲリン、10年ぶりの新作長編。行ったことがないのに懐かしいある土地と人々の物語。",""
"75","爆音映画祭 in ユナイテッド・シネマ アクアシティお台場 vol.15","","foreign|jp-live","special|festival","東京都・港区","ユナイテッド・シネマ アクアシティお台場","https://www.unitedcinemas.jp/odaiba/","tokyo","2026-10-26","2026-11-04","","","","","","","","","","","","","","","","","","","","","","","","","","","爆音映画祭公式","https://www.bakuon-bb.net/","https://www.bakuon-bb.net/","35.6267","139.7746","映画・音楽評論家の樋口泰人が手がける、コンサート仕様の大音量スピーカーで映画を体感する上映イベント。お台場を舞台にした第15回目の開催で、期間中は複数作品を爆音上映する。","上映作品ラインナップの詳細は公式サイトで順次発表"
"76","仮面ライダーカブト 20th 天を継ぐもの","","tokusatsu","new","東京都・新宿区","新宿バルト9","","tokyo","2026-11-06","","","","","","","","","","","","","","","","","","","","","","","","","","","","映画.com","https://eiga.com/movie/105953/","https://www.toei-video.co.jp/vcinext-kabuto/","35.6938","139.7036","『仮面ライダーカブト』20周年を記念したVシネクスト完全新作。20年後の世界を舞台に、オリジナルキャスト6名が集結する期間限定劇場上映。",""
"77","機動警察パトレイバー EZY File 2","","anime","new|special","東京都・新宿区","新宿ピカデリー","https://www.smt-cinema.com/site/shinjuku_p/","tokyo","2026-08-14","","","","","","","8/15舞台挨拶付き上映あり","","","","","","","","","","","","","通常料金は要問合せ/8月15日舞台挨拶付き上映は2,800円均一","","","","","","","","映画.com","https://ezy.patlabor.tokyo/news/221/","https://ezy.patlabor.tokyo/","35.6928","139.7025","「機動警察パトレイバーEZY」シリーズ第2弾。8月15日には新宿ピカデリーで出渕裕監督・上坂すみれ・千葉繁ら登壇の公開記念舞台挨拶を2回開催する。","舞台挨拶付き上映は前売完売の可能性あり、詳細は公式サイト要確認"
"78","八月の杜","","jp-live","new","東京都・新宿区","K's cinema","https://www.ks-cinema.com/","tokyo","2026-08-22","","","","","","","","","","","","","","","","","","","","要問合せ","","","","","","","","シネマトゥデイ","https://8mori.com/","https://8mori.com/","35.6935","139.7048","東京大空襲で記憶を失った女性が、死期を悟りながら春季慰霊大法要で自らの過去と向き合うヒューマンドラマ。烏丸せつこ主演。K's cinemaでの上映を皮切りに全国順次公開。",""
"79","星の時 4K","","foreign","new","神奈川県・横浜市中区","横浜シネマリン","https://cinemarine.co.jp/","kanagawa","2026-08-29","","","","","","","","","","","","","","","","","","","","一般1,900円/会員・大専・シニア1,300円/高校生以下800円","1900","1500","21","全国共通特別鑑賞券（前売り）","","2026-08-27","公開日前日までの購入（劇場受付・オンラインショップにて発売中）","横浜シネマリン公式","https://cinemarine.co.jp/","https://cinemarine.co.jp/hoshinotoki/","35.4420","139.6375","20世紀ブラジル文学の異才クラリッセ・リスペクトルの遺作を映画化した伝説的作品。1985年制作、40年の時を経て日本初公開となる4Kレストア版。","全国共通特別鑑賞券1,500円を劇場受付で販売中(特典:ホログラム特製ポストカード)"
"80","トイ・ストーリー5","","foreign|fam","new","千葉県・千葉市美浜区","TOHOシネマズ|109シネマズ|ユナイテッド・シネマ|イオンシネマ|MOVIX","https://www.aeoncinema.com/cinema/makuhari/","chiba","2026-07-03","","","","","","","","","","","","","","","","","","","","要問合せ","","","","","","","","ディズニー公式","https://eiga.com/movie/104002/","https://www.disney.co.jp/movie/toy5","35.6480","140.0349","日本公開30周年を迎えるピクサー看板シリーズ最新作。タブレットなど現代のテクノロジーという新たな脅威を前に、ウッディとバズが再び手を取り合う。","実行日時点で公開から1カ月、上映終了時期は劇場により異なるため要確認"
"81","仮面ライダーゼッツ＆超宇宙刑事ギャバン インフィニティ Wヒーロー夏映画2026","","tokusatsu","new","東京都・千代田区","TOHOシネマズ","https://www.tohotheater.jp/theater/081/","tokyo","2026-07-24","","","","","","","","","","","","","","","","","","","","一般2,200円/大学生1,500円/高校生以下1,000円(目安)","","","","","","","","東映株式会社","https://zeztz-gavan-26movie.com/","https://zeztz-gavan-26movie.com/","35.6748","139.7595","「仮面ライダーゼッツ」と「超宇宙刑事ギャバン インフィニティ」の劇場版を2本立てで上映するWヒーロー夏映画。入場者特典で限定フォームが順次解禁される。",""
"82","だぁれかさんとアソぼ？","","jp-live","new","埼玉県・さいたま市浦和区","ユナイテッド・シネマ|109シネマズ|イオンシネマ","https://www.unitedcinemas.jp/urawa/","saitama","2026-07-24","","","","","","","","","","","","","","","","","","","","要問合せ","","","","","","","","映画.com","https://eiga.com/movie/105899/","https://movies.shochiku.co.jp/darekasantoasobo-movie/","35.8617","139.6547","清水崇監督最新作の学園ホラー。絶対にやってはいけない遊びを実行してしまった心理カウンセラーの姉妹が恐怖の連鎖に引きずり込まれる。FRUITS ZIPPERの鎮西寿々歌が単独初主演。",""
"83","映画クレヨンしんちゃん 奇々怪々！オラの妖怪バケ～ション","","anime|fam","new","東京都・千代田区","TOHOシネマズ","https://www.tohotheater.jp/","tokyo","2026-07-31","","","","","","","","","","","","","","","","","","","","一般2,200円/大学生1,500円/高校生以下1,000円(目安、劇場により異なる)","","","","","","","","シネマトゥデイ","https://eiga.com/movie/105228/","https://shinchan-movie.com/","35.6748","139.7595","クレヨンしんちゃん劇場版最新作。妖怪をテーマにした夏休み恒例のファミリー向けアニメ映画で、入場者プレゼントとして「天狗しんちゃん プニプニおしりだまシール」を配布。","入場者プレゼントは数量限定"
"84","スパイダーマン：ブランド・ニュー・デイ","","foreign","new","東京都・千代田区","TOHOシネマズ|109シネマズ|イオンシネマ|ユナイテッド・シネマ","https://www.tohotheater.jp/theater/081/","tokyo","2026-07-31","","","","","","","","","","","","","","","","","","","","一般2,200円/大学生1,500円/高校生以下1,000円(目安、IMAXは別途追加)","","","","","","","","ソニー・ピクチャーズ公式","https://eiga.com/movie/102846/","https://spiderman-movie.jp/","35.6748","139.7595","MCUスパイダーマン実写シリーズ第4弾。トム・ホランド、ゼンデイヤが続投。TOHOシネマズ・109シネマズ・イオンシネマ・ユナイテッド・シネマ等でIMAX上映を含め公開中。",""
"85","開戦前夜","","jp-live|doc","new","栃木県・宇都宮市","TOHOシネマズ|MOVIX|イオンシネマ","https://www.smt-cinema.com/site/utsunomiya/","tochigi","2026-07-31","","","","","","","","","","","","","","","","","","","","要問合せ","","","","","","","","映画ナタリー","https://eiga.com/movie/105306/","https://kaisenzenya.com/","36.4907","139.9065","猪瀬直樹のノンフィクション「昭和16年夏の敗戦」原案。NHKスペシャルのドラマパートに約40分を追加した完全版。石井裕也監督、池松壮亮主演。",""
"86","あの星が降る丘で、君とまた出会いたい。","","jp-live","new","埼玉県・富士見市","TOHOシネマズ|109シネマズ|イオンシネマ|ユナイテッド・シネマ|MOVIX|T・ジョイ|USシネマ","https://www.unitedcinemas.jp/urawa/","saitama","2026-08-07","","","","","","","","","","","","","","","","","","","","一般2,200円/大学生1,500円/高校生以下1,000円(目安、劇場により異なる)","","","","","","","","映画.com","https://eiga.com/movie/104441/","https://eiga.com/movie/104441/","35.8462","139.5460","350万人が涙した『あの花が咲く丘で、君とまた出会えたら。』待望の続編・完結編。福原遥主演、時空を超えたラブストーリーの結末を描く。",""
"87","ミニオンズ＆モンスターズ","","anime|fam|foreign","new","千葉県・市川市","TOHOシネマズ|109シネマズ|イオンシネマ|ユナイテッド・シネマ|MOVIX|T・ジョイ|USシネマ","https://www.aeoncinema.com/cinema/makuhari/","chiba","2026-08-07","","","","","","","","","","","","","","","","","","","","一般2,200円/大学生1,500円/高校生以下1,000円(目安、劇場により異なる)","","","","","","","","映画.com","https://eiga.com/movie/105870/","https://eiga.com/movie/105870/","35.7241","139.9207","イルミネーション制作、2022年『ミニオンズ フィーバー』から4年ぶりの最新作。舞台はハリウッド。日本語吹替版に松平健、山寺宏一が参加。配給は東宝東和。",""
"88","実写映画『ブルーロック』","","jp-live","new","東京都・千代田区","TOHOシネマズ|109シネマズ|イオンシネマ|ユナイテッド・シネマ|MOVIX|T・ジョイ|USシネマ","https://www.tohotheater.jp/","tokyo","2026-08-07","","","","","","","","","","","","","","","","","","","","一般2,200円/大学生1,500円/高校生以下1,000円(目安、劇場により異なる)","","","","","","","","映画.com","https://bluelock-movie.jp/","https://bluelock-movie.jp/","35.6749","139.7599","累計6000万部突破の人気サッカー漫画を実写化。高橋文哉主演、瀧悠輔監督。IMAX同時公開、主題歌はAdoの「モンストロ」。配給は東宝。",""
"89","プリミティヴ・ウォー 恐竜戦争","","foreign","new","東京都・渋谷区","ヒューマントラストシネマ","https://www.humantrustcinema.jp/shibuya/","tokyo","2026-08-07","","","","","","","","","","","","","","","","","","","","要問合せ","","","","","","","","映画.com","https://eiga.com/movie/106040/","https://eiga.com/movie/106040/","35.6592","139.6989","1968年ベトナム戦争下のジャングルで恐竜の大群に遭遇する米軍を描くオーストラリア製サバイバルアクション。133分、PG12指定。ヒューマントラストシネマ渋谷等で先行公開。",""
"90","レディ・オア・ノット2","","foreign","new","神奈川県・藤沢市","TOHOシネマズ|109シネマズ|イオンシネマ|ユナイテッド・シネマ|MOVIX|T・ジョイ|USシネマ","https://www.unitedcinemas.jp/urawa/","kanagawa","2026-08-14","","","","","","","","","","","","","","","","","","","","一般2,200円/大学生1,500円/高校生以下1,000円(目安、劇場により異なる)","","","","","","","","映画.com","https://www.searchlightpictures.jp/movies/readyornot2","https://www.searchlightpictures.jp/movies/readyornot2","35.3390","139.4460","サマラ・ウィービング続投。花嫁グレースが大富豪一族の覇権争いに巻き込まれるサバイバルホラー続編。108分、R15+。配給はサーチライト・ピクチャーズ。",""
"91","しらぬひ","","anime","new","埼玉県・さいたま市浦和区","ユナイテッド・シネマ","https://www.unitedcinemas.jp/urawa/","saitama","2026-08-21","","","","","","","","","","","","","","","","","","","","要問合せ","","","","","","","","アニメ！アニメ！","https://gaga.ne.jp/shiranuhi/","https://gaga.ne.jp/shiranuhi/","35.8617","139.6547","「君の名は。」制作のコミックス・ウェーブ・フィルムが手がける上映時間35分の短編アニメ。1996年夏の熊本を舞台に、酒に溺れる父と暮らす少年が海に浮かぶ光「しらぬひ」に祈りを捧げる。青葉市子が音楽・主題歌を担当。",""
"92","時には懺悔を","","jp-live","new","栃木県・宇都宮市","TOHOシネマズ|109シネマズ|イオンシネマ|ユナイテッド・シネマ|MOVIX|T・ジョイ|USシネマ","https://www.unitedcinemas.jp/urawa/","tochigi","2026-08-28","","","","","","","","","","","","","","","","","","","","一般2,200円/大学生1,500円/高校生以下1,000円(目安、劇場により異なる)","2200","1600","","ムビチケ前売券","","2026-08-27","公開日前日までの購入","映画.com","https://www.tokizan.jp","https://www.tokizan.jp","36.5580","139.9280","中島哲也監督最新作。西島秀俊・満島ひかり主演、打海文三の同名小説が原作。128分。配給はソニー・ピクチャーズ。",""
"93","顔－かお－","","foreign","new","東京都・千代田区","ヒューマントラストシネマ","https://www.humantrustcinema.jp/shibuya/","tokyo","2026-08-28","","","","","","","","","","","","","","","","","","","","要問合せ","","","","","","2026-08-27","","映画.com","https://kao-movie.com/","https://kao-movie.com/","35.6750","139.7630","韓国のヨン・サンホ監督（『新感染』）作品。失踪から40年後、白骨遺体となった母の秘密を息子が追うサスペンス・ミステリー。103分。新宿武蔵野館等で先行公開。",""
"94","劇場版 魔法少女まどか☆マギカ〈ワルプルギスの廻天〉","","anime","new","埼玉県・久喜市","TOHOシネマズ|109シネマズ|イオンシネマ|ユナイテッド・シネマ|MOVIX|T・ジョイ|USシネマ","https://www.smt-cinema.com/site/saitama/","saitama","2026-08-28","","","","","","","","","","","","","","","","","","","","一般2,200円/大学生1,500円/高校生以下1,000円(目安、劇場により異なる)","2200","1600","","ムビチケカード型前売券","","2026-08-27","公開日前日までの購入","映画.com","https://www.madoka-magica.com/wr/","https://www.madoka-magica.com/wr/","36.0263","139.5680","2013年『叛逆の物語』に続くシリーズ最新作。新房昭之総監督、虚淵玄脚本、シャフト制作。度重なる延期を経て公開に至った完結編。",""
"95","私はあなたを知らない、","","jp-live","new","茨城県・つくば市","USシネマ","https://uscinemas.jp/category/tsukuba/","ibaraki","2026-08-28","","","","","","","","","","","","","","","","","","","","要問合せ","","","","","","2026-08-27","","oricon","https://watashiramovie.com/","https://watashiramovie.com/","36.0349","140.1330","坂口健太郎主演、中野量太監督による日仏共同製作のヒューマンサスペンス。堀田真由・滝藤賢一・原田美枝子らが共演し、人を愛し赦すことをテーマに描く。",""
"96","シェルター","","foreign","new","群馬県・高崎市","イオンシネマ","https://www.aeoncinema.com/cinema/takasaki/","gunma","2026-08-28","","","","","","","","","","","","","","","","","","","","要問合せ","","","","","","","","シネマトゥデイ","https://eiga.com/movie/105507/","https://kinofilms.jp/movies/shelter/","36.3910","139.0066","ジェイソン・ステイサム最新作のリベンジ・スパイ・アクション。スコットランド沖の孤島の灯台で暮らす元特殊部隊員が、救った少女とともにイギリス政府に追われながら逃げ回る。",""
"97","ハリー・ポッターと賢者の石（公開25周年記念再上映）","","foreign","new","群馬県・高崎市","TOHOシネマズ|109シネマズ|イオンシネマ|ユナイテッド・シネマ|MOVIX|T・ジョイ|USシネマ","https://www.unitedcinemas.jp/urawa/","gunma","2026-08-28","","","","","","","期間限定再上映","","","","","","","","","","","","","要問合せ(通常興行料金と異なる場合あり)","","","","","","","","ワーナー・ブラザース公式","https://eigakan.org/theaterpage/schedule.php?t=harrypotter25thann","https://www.warnerbros.co.jp/news/om48k6z7-mb/","36.3913","139.0062","公開25周年を記念した全国規模の期間限定再上映。2D吹替・IMAX3D吹替・Dolby Cinema 3D字幕・4DX/MX4D等のプレミアムフォーマットに対応し、本編後に初公開ボーナス映像も上映。",""
"98","SEKIRO: NO DEFEAT","","anime","new","千葉県・印西市","TOHOシネマズ|109シネマズ|イオンシネマ|ユナイテッド・シネマ|MOVIX|T・ジョイ","","chiba","2026-09-04","","","","","","","","","","","","","","","","","","","","一般2,200円/大学生1,500円/高校生以下1,000円(目安、劇場により異なる)","2200","1600","","ムビチケカード","","2026-08-27","公開日前日までの購入","映画.com","https://eiga.com/movie/105845/","https://sekiro-anime.jp/","35.8026","140.1112","フロム・ソフトウェアのアクションゲーム「SEKIRO」を原作にした完全手描き2Dアニメ映画。制作はQzil.la。3週間限定上映、PG12指定。",""
"99","バックルームズ","","foreign","new","茨城県・水戸市","TOHOシネマズ","https://www.tohotheater.jp/theater/025/","ibaraki","2026-09-04","","","","","","","","","","","","","","","","","","","","要問合せ","","","","","","","","映画ナタリー","https://eiga.com/movie/106287/","","36.3740","140.3584","YouTube発の都市伝説「The Backrooms」を映画化したA24製作のホラー。世界44か国で興行成績1位を記録した話題作で、日本公開版は本編後に16分の新規映像を追加。",""
"100","最終楽章 響け！ユーフォニアム 後編","","anime","new","埼玉県・久喜市","TOHOシネマズ|109シネマズ|イオンシネマ|ユナイテッド・シネマ|MOVIX|T・ジョイ|USシネマ","https://www.smt-cinema.com/site/saitama/","saitama","2026-09-11","","","","","","","","","","","","","","","","","","","","一般2,200円/大学生1,500円/高校生以下1,000円(目安、劇場により異なる)","2200","1600","","ムビチケ前売券","","2026-08-27","公開日前日までの購入","映画.com","https://anime-eupho.com/","https://anime-eupho.com/","36.0263","139.5680","「響け！ユーフォニアム」シリーズ最終楽章の後編。配給は松竹。吹奏楽部員たちの物語のフィナーレを描く。",""
"101","映画「宇宙なんちゃら こてつくん」うっかり出てきた宇宙人を探せ！","","anime|fam","new","東京都・板橋区","イオンシネマ","https://www.aeoncinema.com/cinema/takasaki/","tokyo","2026-09-11","","","","","","","","","","","","","","","","","","","","要問合せ","","","","","","","","キネマ旬報WEB","https://space--academy.com/eiga.html","https://space--academy.com/eiga.html","35.7704","139.6611","にしむらゆうじ原作WEB漫画の映画化。NHK・JAXA提供の実写宇宙映像とアニメを融合したオリジナルストーリー。主題歌は中川翔子。上映時間約50分。","ムビチケ前売券（オンライン）大人・大学生1,400円/小人・中高生・シニア900円、購入特典（デジタルカード＋スマホ壁紙）あり"
"102","オデュッセイア","","foreign","new","群馬県・高崎市","TOHOシネマズ|109シネマズ|イオンシネマ|ユナイテッド・シネマ|MOVIX|T・ジョイ|USシネマ","https://www.tohotheater.jp/theater/081/","gunma","2026-09-11","","","","","","","","","","","","","","","","","","","","一般2,200円/大学生1,500円/高校生以下1,000円(目安、劇場により異なる)","2200","1600","","ムビチケ前売券","","2026-08-27","公開日前日までの購入","映画.com","https://odyssey-film.jp/","https://odyssey-film.jp/","36.3300","139.0050","クリストファー・ノーラン監督、長編映画史上初の全編IMAXフィルム撮影作。マット・デイモン、トム・ホランド、アン・ハサウェイら出演。172分、IMAX上映が目玉。",""
"103","ルックバック（実写版）","","jp-live","new","神奈川県・川崎市幸区","TOHOシネマズ|109シネマズ|イオンシネマ|ユナイテッド・シネマ|MOVIX|T・ジョイ|USシネマ","https://www.unitedcinemas.jp/urawa/","kanagawa","2026-09-11","","","","","","","","","","","","","","","","","","","","一般2,200円/大学生1,500円/高校生以下1,000円(目安、劇場により異なる)","","","","","","","","映画.com","https://eiga.com/movie/105185/","https://eiga.com/movie/105185/","35.5314","139.6934","藤本タツキ原作漫画の実写化。是枝裕和が監督・脚本・編集を務める。出口夏希、蒔田彩珠主演。2024年公開のアニメ映画版とは別の実写化作品。",""
"104","踊る大捜査線 N.E.W. メトロポリスを駆け抜けろ！","","jp-live","new","東京都・新宿区","TOHOシネマズ|109シネマズ|イオンシネマ|ユナイテッド・シネマ|MOVIX|T・ジョイ|USシネマ","https://www.tohotheater.jp/theater/081/","tokyo","2026-09-18","","","","","","","","","","","","","","","","","","","","一般2,200円/大学生1,500円/高校生以下1,000円(目安、劇場により異なる)","","","","","","","","映画.com","https://odoru.com/odorunew/news.html","https://odoru.com/odorunew/news.html","35.6954","139.7018","織田裕二演じる青島俊作が念願の捜査一課となり、再び現場へ。監督は本広克行。出演は織田裕二、趣里、白洲迅、佐々木蔵之介、増田貴久。",""
"105","八つ墓村（2026）","","jp-live","new","千葉県・千葉市中央区","TOHOシネマズ|109シネマズ|イオンシネマ|ユナイテッド・シネマ|MOVIX|T・ジョイ|USシネマ","https://www.unitedcinemas.jp/urawa/","chiba","2026-09-18","","","","","","","","","","","","","","","","","","","","一般2,200円/大学生1,500円/高校生以下1,000円(目安、劇場により異なる)","","","","","","","","映画.com","https://www.shochiku.co.jp/cinema/lineup/yatsuhakamura/","https://www.shochiku.co.jp/cinema/lineup/yatsuhakamura/","35.5810","140.1290","横溝正史「金田一耕助ファイル」の完全新作リメイク。清水崇監督、新・金田一耕助役に尾上松也。配給はソニー・ピクチャーズ/松竹。",""
"106","映画名探偵プリキュア！不思議な庭と2人の秘密","","anime|fam","new","埼玉県・さいたま市大宮区","TOHOシネマズ|109シネマズ|イオンシネマ|ユナイテッド・シネマ|MOVIX|T・ジョイ|USシネマ","https://www.unitedcinemas.jp/urawa/","saitama","2026-09-18","","","","","","","","","","","","","","","","","","","","一般2,200円/大学生1,500円/高校生以下1,000円(目安、劇場により異なる)","2200","1600","","ムビチケ前売券","","2026-08-27","公開日前日までの購入（一般）","映画.com","https://2026.precure-movie.com/","https://2026.precure-movie.com/","35.8947","139.6361","東映配給プリキュアシリーズ最新作。テレビシリーズで正体判明のキュアエクレールも登場し、「キミプリ」「わんぷり」のプリキュアと共演する。",""
"107","モネと時間旅行","","foreign","new","東京都・千代田区","ヒューマントラストシネマ","https://www.humantrustcinema.jp/yurakucho/","tokyo","2026-09-18","","","","","","","","","","","","","","","","","","","","要問合せ","","","","","","2026-08-27","","映画.com","https://monetojikan.com/","https://monetojikan.com/","35.6750","139.7630","セドリック・クラピッシュ監督。モネ没後100年、遺された屋敷と1枚の絵画をめぐる家族の謎を描く。ベル・エポックと現代を行き来する物語、126分。",""
"108","ワンオペレーション","","foreign","new","東京都・渋谷区","ヒューマントラストシネマ","https://www.humantrustcinema.jp/shibuya/","tokyo","2026-09-18","","","","","","","","","","","","","","","","","","","","要問合せ","","","","","","2026-08-27","","映画.com","https://synca.jp/oneoperation/","https://synca.jp/oneoperation/","35.6592","139.6989","A24製作、第75回ベルリン国際映画祭銀熊賞受賞。ローズ・バーン主演、育児・家事・仕事を一人で担う「ワンオペ」問題を描くスリラー×ダークコメディ。",""
"109","アベンジャーズ／エンドゲーム：アンコール","","foreign|tokusatsu","new","栃木県・宇都宮市","TOHOシネマズ|109シネマズ|イオンシネマ|ユナイテッド・シネマ|MOVIX|T・ジョイ|USシネマ","https://www.unitedcinemas.jp/urawa/","tochigi","2026-09-23","2026-10-08","","","","","","期間限定","","","","","","1","","","","","","","要問合せ","","","","","","","","マーベル公式","https://marvel.disney.co.jp/movie/avengers-doomsday/news/20260730_01","https://marvel.disney.co.jp/movie/avengers-doomsday/news/20260730_01","36.5280","139.9660","12月公開『アベンジャーズ／ドゥームズデイ』への布石となる新規シーンを追加した特別版。全国329館で期間限定上映。",""
"110","我々は宇宙人","","anime","new","千葉県・印西市","TOHOシネマズ","https://www.aeoncinema.com/cinema/makuhari/","chiba","2026-09-25","","","","","","","","","","","","","","","","","","","","一般2,200円/大学生1,500円/高校生以下1,000円(目安、劇場により異なる)","","","","","","","","映画.com","https://nothingnew.film/wearealiens/","https://nothingnew.film/wearealiens/","35.8026","140.1112","門脇康平監督の長編アニメ。平成の田舎町で出会った少年2人、30年にわたる友情を描く。カンヌ国際映画祭監督週間正式出品作。配給は東宝。",""
"111","デス≠キル／ゲーム","","jp-live","new","埼玉県・所沢市","TOHOシネマズ|イオンシネマ|109シネマズ|MOVIX|ユナイテッド・シネマ|T・ジョイ|USシネマ","https://www.tohotheater.jp/theater/010/","saitama","2026-10-02","","","","","","","","","","","","","","","","","","","","要問合せ","","","","","","","","映画.com","https://deathkillgame.com/","https://deathkillgame.com/","35.7990","139.4690","深堀未来(BALLISTIK BOYZ)×木津つばさ映画初主演のデスゲームスリラー。賞金1億円をかけ廃校で殺人鬼「モンスター」から逃げる11人を描く。",""
"112","沖晴くんの涙を殺して","","jp-live","new","千葉県・柏市","TOHOシネマズ|イオンシネマ|109シネマズ|MOVIX|ユナイテッド・シネマ|T・ジョイ|USシネマ","https://www.tohotheater.jp/theater/010/","chiba","2026-10-02","","","","","","","","","","","","","","","","","","","","要問合せ","","","","","","","","映画.com","https://okiharu-movie.jp/","https://okiharu-movie.jp/","35.8340","139.9660","余命1年の音楽教師と、津波で家族を失い喜び以外の感情を失った高校生との交流を描く。広瀬アリス主演、主題歌はTOMORROW X TOGETHER。配給は彩プロ。",""
"113","劇場版ダーウィンが来た！世界のネコのなかまたち","","doc|fam","new","群馬県・伊勢崎市","TOHOシネマズ|イオンシネマ|109シネマズ|MOVIX|ユナイテッド・シネマ|T・ジョイ|USシネマ","https://www.tohotheater.jp/theater/010/","gunma","2026-10-02","","","","","","","","","","","","","","","","","","","","要問合せ","","","","","","","","映画.com","https://www.worldcat-darwin.com/","https://www.worldcat-darwin.com/","36.3010","139.1830","NHK「ダーウィンが来た！」放送20周年記念、映画化第6弾。世界のネコ科動物の生態に迫る。山田孝之・水瀬いのりが声優参加、エンディングテーマはMISIA。",""
"114","時給三〇〇円の死神","","jp-live","new","栃木県・宇都宮市","TOHOシネマズ|MOVIX|イオンシネマ|109シネマズ|ユナイテッド・シネマ|T・ジョイ|USシネマ","https://www.smt-cinema.com/site/utsunomiya/","tochigi","2026-10-02","","","","","","","","","","","","","","","","","","","","要問合せ","","","","","","","","映画.com","https://gaga.ne.jp/jikyu-300movie/","https://gaga.ne.jp/jikyu-300movie/","36.4907","139.9065","生きる希望を失った大学生が死神のバイトを始める青春ファンタジー。西畑大吾×福本莉子W主演。原作は累計36万部の小説/漫画。配給ソニー・ピクチャーズ/ギャガ。",""
"115","本当にあった話（の話）","","jp-live","new","栃木県・宇都宮市","MOVIX|TOHOシネマズ|イオンシネマ|109シネマズ|ユナイテッド・シネマ|T・ジョイ|USシネマ","https://www.smt-cinema.com/site/utsunomiya/","tochigi","2026-10-02","","","","","","","","","","","","","","","","","","","","要問合せ","","","","","","","","映画.com","https://www.honbana.com/","https://www.honbana.com/","36.4907","139.9065","鴻池留衣の小説を実写化。配偶者入れ替え連続殺人事件を題材にした舞台劇の主演をめぐる欲望と支配の連鎖を描く。水上恒司主演、竹村武司監督作。",""
"116","デューン 砂の惑星PART3","","foreign","new","神奈川県・川崎市川崎区","TOHOシネマズ|109シネマズ|イオンシネマ|ユナイテッド・シネマ|MOVIX|T・ジョイ|USシネマ","https://www.unitedcinemas.jp/urawa/","kanagawa","2026-12-18","","","","","","","","","","","","","","","","","","","","一般2,200円/大学生1,500円/高校生以下1,000円(目安、劇場により異なる)","","","","","","","","映画.com","https://eiga.com/movie/105854/","https://dune-movie-3.jp/","35.5308","139.6966","ティモシー・シャラメ主演のSF超大作、シリーズ完結篇。壮大な宇宙叙事詩がついに決着を迎える。東和ピクチャーズ・東宝配給で日米同時公開の話題作。",""
"117","劇場版 薬屋のひとりごと 亡妃の秘宝","げきじょうばんくすりやのひとりごとぼうひのひほう","anime","new","東京都・千代田区","TOHOシネマズ|イオンシネマ|109シネマズ|MOVIX|ユナイテッド・シネマ|T・ジョイ|USシネマ|ピカデリー","https://www.tohotheater.jp/theater/081/index.html","tokyo","2026-12-11","","","","","","","","","","","","","","ムビチケ前売券（カード）","2026-08-17","","","","","要問合せ","","","","","","","","映画.com","https://eiga.com/movie/104923/","https://kusuriyanohitorigoto.jp/movie/","35.6749","139.7599","人気アニメ「薬屋のひとりごと」の劇場版。後宮を舞台にした謎解きを描き、東宝配給で関東の主要シネコン全チェーンで上映予定。ティザービジュアル版のムビチケカードが先行発売されている。","ムビチケ前売一般1,500円（ティザーKV版カード）。販売終了日は公式ページに記載なし"
"118","ジュマンジ／オープンワールド","","foreign|fam","new","千葉県・市川市","TOHOシネマズ|109シネマズ|イオンシネマ|ユナイテッド・シネマ|MOVIX|T・ジョイ|USシネマ","https://www.unitedcinemas.jp/urawa/","chiba","2026-12-25","","","","","","","","","","","","","","","","","","","","一般2,200円/大学生1,500円/高校生以下1,000円(目安、劇場により異なる)","","","","","","","","映画.com","https://eiga.com/movie/106626/","","35.7241","139.9207","ドウェイン・ジョンソン、ジャック・ブラック、ケヴィン・ハート出演のシリーズ最終章。ゲーム内の異常事態が現実世界に飛び出す新展開。日米同時公開。",""
"119","キャット・イン・ザ・ハット","","foreign|fam","new","茨城県・ひたちなか市","TOHOシネマズ|109シネマズ|イオンシネマ|ユナイテッド・シネマ|MOVIX|T・ジョイ|USシネマ","https://www.unitedcinemas.jp/urawa/","ibaraki","2026-12-25","","","","","","","","","","","","","","","","","","","","要問合せ","","","","","","","","公式サイト","https://catinthehat-movie.jp/news/","https://catinthehat-movie.jp/news/","36.3915","140.5323","ワーナー・ブラザース・ピクチャーズ・アニメーション初の長編。引っ越し先に現れた騒動好きなネコが巻き起こすクリスマスのドタバタファミリーファンタジー。",""
"120","劇場版 虎に翼","","jp-live","new","栃木県・宇都宮市","TOHOシネマズ|109シネマズ|イオンシネマ|ユナイテッド・シネマ|MOVIX|T・ジョイ|USシネマ","https://www.unitedcinemas.jp/urawa/","tochigi","2027-01-15","","","","","","","","","","","","","","","","","","","","要問合せ","","","","","","","","映画.com","https://eiga.com/movie/105484/","https://toranitsubasa.toho-movie.jp/","36.5580","139.9280","NHK連続テレビ小説「虎に翼」を完全オリジナルストーリーで映画化。主演の伊藤沙莉ら朝ドラキャストが続投する、朝ドラ史上初の主演続投映画化。",""
"121","カイジ 人生リベンジゲーム","","jp-live","new","東京都・千代田区","TOHOシネマズ|109シネマズ|イオンシネマ|ユナイテッド・シネマ|MOVIX|T・ジョイ|USシネマ","https://www.unitedcinemas.jp/urawa/","tokyo","2027-01-29","","","","","","","","","","","","","","","","","","","","一般2,200円/大学生1,500円/高校生以下1,000円(目安、劇場により異なる)","","","","","","","","映画.com","https://eiga.com/movie/106322/","https://kaiji.toho-movie.jp/","35.6749","139.7599","藤原竜也主演、7年ぶりのシリーズ第4弾。亀梨和也演じる最強の敵・兵藤和也が立ちはだかる、絶望と一発逆転が入り混じるギャンブル心理劇。",""
"122","ビーキーパー2","","foreign","new","神奈川県・川崎市川崎区","TOHOシネマズ|109シネマズ|イオンシネマ|ユナイテッド・シネマ|MOVIX|T・ジョイ|USシネマ","https://www.unitedcinemas.jp/urawa/","kanagawa","2027-01-15","","","","","","","","","","","","","","","","","","","","要問合せ","","","","","","","","公式サイト","https://klockworx-v.com/bkp2/","https://klockworx-v.com/bkp2/","35.5308","139.6966","ジェイソン・ステイサム主演の人気アクション続編。前作の“養蜂家”が新たな敵に立ち向かう、日米同時公開のノンストップバイオレンスアクション。",""
"123","映画 九条の大罪","","jp-live","new","埼玉県・富士見市","TOHOシネマズ|109シネマズ|イオンシネマ|ユナイテッド・シネマ|MOVIX|T・ジョイ|USシネマ","https://www.unitedcinemas.jp/urawa/","saitama","2027-01-08","","","","","","","","","","","","","","","","","","","","一般2,200円/大学生1,500円/高校生以下1,000円(目安、劇場により異なる)","","","","","","","","映画.com","https://eiga.com/movie/106588/","https://sinsofkujo.toho-movie.jp/","35.8462","139.5460","柳楽優弥主演、Netflixドラマの人気キャストが再集結する完全新作の劇場版。悪徳弁護士・九条に逮捕状が出される衝撃の展開を描く。",""
"124","映画 1リットルの涙","","jp-live","new","千葉県・市川市","TOHOシネマズ|109シネマズ|イオンシネマ|ユナイテッド・シネマ|MOVIX|T・ジョイ|USシネマ","https://www.unitedcinemas.jp/urawa/","chiba","2027-02-26","","","","","","","","","","","","","","","","","","","","要問合せ","","","","","","","","公式サイト","https://1l-namida-movie.com/","https://1l-namida-movie.com/","35.7241","139.9207","難病と闘った少女の実話を描くベストセラー原作の再映画化。錦戸亮が主演を務め、知念英和・月島琉衣が学生時代の主人公らを演じる。",""
"125","ビリーと魔法のはじまり","","foreign|fam","new","群馬県・高崎市","TOHOシネマズ|109シネマズ|イオンシネマ|ユナイテッド・シネマ|MOVIX|T・ジョイ|USシネマ","https://www.unitedcinemas.jp/urawa/","gunma","2026-12-04","","","","","","","","","","","","","","","","","","","","要問合せ","","","","","","","","公式サイト","https://www.disney.co.jp/movie/billie","https://www.disney.co.jp/movie/billie","36.3913","139.0062","ディズニーのアニメーション最新作(原題『Hexed』)。魔法に目覚めた高校生ビリーの大冒険を描くファンタジー。",""
"126","SUKIYAKI 上を向いて歩こう","","jp-live","new","東京都・千代田区","TOHOシネマズ|109シネマズ|イオンシネマ|ユナイテッド・シネマ|MOVIX|T・ジョイ|USシネマ","https://www.unitedcinemas.jp/urawa/","tokyo","2026-12-25","","","","","","","","","","","","","","","","","","","","要問合せ","","","","","","","","映画.com","https://sukiyaki.toho-movie.jp/","https://sukiyaki.toho-movie.jp/","35.6748","139.7595","岡田准一主演、東宝配給。名曲「上を向いて歩こう」誕生の背景にある中村八大・永六輔・坂本九3人の友情を史実をもとに描くヒューマンドラマ。",""
"127","存在のすべてを","","jp-live","new","千葉県・柏市","TOHOシネマズ|109シネマズ|イオンシネマ|ユナイテッド・シネマ|MOVIX|T・ジョイ|USシネマ","https://www.unitedcinemas.jp/urawa/","chiba","2027-02-05","","","","","","","","","","","","","","","","","","","","一般2,200円/大学生1,500円/高校生以下1,000円(目安、劇場により異なる)","","","","","","","","映画.com","https://eiga.com/movie/104476/","","35.8340","139.9660","塩田武士原作のミステリー小説を実写化。西島秀俊×広瀬すず、瀬々敬久監督が27年ぶりに再タッグ。未解決の誘拐事件を追う新聞記者の物語。",""
"128","殺人の門","","jp-live","new","群馬県・高崎市","TOHOシネマズ|109シネマズ|イオンシネマ|ユナイテッド・シネマ|MOVIX|T・ジョイ|USシネマ","https://www.unitedcinemas.jp/urawa/","gunma","2027-02-19","","","","","","","","","","","","","","","","","","","","一般2,200円/大学生1,500円/高校生以下1,000円(目安、劇場により異なる)","","","","","","","","映画.com","https://eiga.com/movie/106051/","","36.3300","139.0050","東野圭吾原作のミステリーを山﨑賢人×松下洸平W主演で実写化。約30年に及ぶ歪んだ友情の行方を描く。",""
"129","劇場版TOKYO MER～走る緊急救命室～CAPITAL CRISIS","","jp-live","new","神奈川県・海老名市","TOHOシネマズ|109シネマズ|イオンシネマ|ユナイテッド・シネマ|MOVIX|T・ジョイ|USシネマ","https://www.tohotheater.jp/","kanagawa","2026-08-21","","","","","","","","","","","","","","","","","","","","一般2,200円/大学生1,500円/高校生以下1,000円(目安、劇場により異なる)","","","","","","","","映画.com","https://tokyomer-movie.jp/","https://tokyomer-movie.jp/","35.4497","139.3897","TBS系ドラマ発の劇場版シリーズ第3弾。首都直下地震に挑む鈴木亮平・賀来賢人ら。IMAX上映対応、監督は松木彩。",""
"130","汝、星のごとく","","jp-live","new","神奈川県・川崎市川崎区","TOHOシネマズ|109シネマズ|イオンシネマ|MOVIX|ユナイテッド・シネマ|T・ジョイ|USシネマ","https://www.tohotheater.jp/theater/010/","kanagawa","2026-10-09","","","","","","","","","","","","","","","","","","","","ムビチケ前売1,500円（公開日前日までの購入）。当日料金は劇場により異なる","","","","","","2026-10-01","","映画.com","https://nanji.toho-movie.jp/","https://nanji.toho-movie.jp/","35.5308","139.6969","本屋大賞受賞の凪良ゆう原作を横浜流星×広瀬すずW主演で映画化。瀬戸内の島で出会った漫画家志望の男子高生と女子高生の15年にわたる愛と人生を藤井道人監督が描く。",""
"131","バイオハザード","","foreign","new","神奈川県・川崎市川崎区","TOHOシネマズ|イオンシネマ|109シネマズ|MOVIX|ユナイテッド・シネマ|T・ジョイ|USシネマ","https://www.tohotheater.jp/theater/010/","kanagawa","2026-10-09","","","","","","","","","","","","","","","","","","","","要問合せ","","","","","","2026-10-08","","eiga.com","https://eiga.com/movie/106123/","","35.5308","139.6969","カプコンの人気ゲームを完全新作として映画化したサバイバルホラー。ザック・クレッガー監督。ゲーム世界に迷い込んだ医療品配送員がラクーンシティで一夜を生き延びる。",""
"132","DIGGER／ディガー","","foreign","new","茨城県・水戸市","TOHOシネマズ|イオンシネマ|109シネマズ|MOVIX|ユナイテッド・シネマ|T・ジョイ|USシネマ","https://www.tohotheater.jp/theater/025/","ibaraki","2026-10-09","","","","","","","","","","","","","","前売券（劇場限定特典付き）","","","","","劇場限定特典付き","要問合せ","","","","","","","","映画.com","https://digger-movie.jp/","https://digger-movie.jp/","36.3740","140.3584","「バードマン」「レヴェナント」のイニャリトゥ監督とトム・クルーズが初タッグを組む規格外コメディ。石油採掘会社CEOが自らの強欲が招いた危機解決に奔走する。",""
"133","ガールズ＆パンツァー 最終章 第5話","","anime","new","埼玉県・久喜市","TOHOシネマズ|イオンシネマ|109シネマズ|MOVIX|ユナイテッド・シネマ|T・ジョイ|USシネマ","https://www.tohotheater.jp/theater/010/","saitama","2026-10-09","","","","","","","","","","","","","","","","","","","","要問合せ","","","","","","","","映画.com","https://girls-und-panzer-finale.jp/","https://girls-und-panzer-finale.jp/","36.0263","139.5680","「ガールズ＆パンツァー 最終章」決勝戦を描く第5話。シリーズ初のDolby Cinema上映を含む全5形態で展開。配給ショウゲート。",""
"134","どこよりも遠い場所にいる君へ","","anime","new","千葉県・柏市","TOHOシネマズ|イオンシネマ|109シネマズ|MOVIX|ユナイテッド・シネマ|T・ジョイ|USシネマ","https://www.tohotheater.jp/theater/010/","chiba","2026-10-09","","","","","","","","","","","","","","","","","","","","要問合せ","","","","","","","","映画.com","https://sh-anime.shochiku.co.jp/dokokimi-movie/","https://sh-anime.shochiku.co.jp/dokokimi-movie/","35.8340","139.9660","阿部暁子の青春小説をアニメ映画化。離島の高校に転校した少年と正体不明の少女の出会いを描く。監督は和田純一、配給松竹。",""
"135","ハードボイルド","","foreign","new","栃木県・佐野市","TOHOシネマズ|イオンシネマ|109シネマズ|MOVIX|ユナイテッド・シネマ|T・ジョイ|USシネマ","https://www.tohotheater.jp/theater/010/","tochigi","2026-10-09","","","","","","","","","","","","","","","","","","","","要問合せ","","","","","","","","映画.com","https://eiga.com/movie/106585/","https://hardboiled-movie.jp","36.3050","139.5960","リーアム・ニーソン、キャリア集大成のアクション（原題「Absolution」）。記憶を失う病に侵されながら人身売買から少女たちを救う運び屋を演じる。監督ハンス・ペテル・モランド。",""
"136","青春ブタ野郎はディアフレンドの夢を見ない","","anime","new","神奈川県・相模原市緑区","TOHOシネマズ|イオンシネマ|109シネマズ|MOVIX|ユナイテッド・シネマ|T・ジョイ|USシネマ","https://www.tohotheater.jp/theater/010/","kanagawa","2026-10-16","","","","","","","","","","","","","","","","","","","","ムビチケ前売1,600円（公開日前日までの購入）。当日料金は劇場により異なる","","","","","","2026-10-01","","映画.com","https://ao-buta.com/dearfriend/","https://ao-buta.com/dearfriend/","35.5936","139.3459","累計300万部超の人気ライトノベル「青春ブタ野郎」シリーズ、劇場アニメ完結編。配給アニメック。",""
"137","mentor","","jp-live","new","埼玉県・さいたま市大宮区","TOHOシネマズ|イオンシネマ|109シネマズ|MOVIX|ユナイテッド・シネマ|T・ジョイ|USシネマ","https://www.tohotheater.jp/theater/010/","saitama","2026-10-16","","","","","","","","","","","","","","ムビチケ前売券（カード/オンライン/コンビニ）","2026-06-12","11:00","2026-10-15","","","ムビチケ前売1,600円（公開日前日までの購入）。当日料金は劇場により異なる","","","","","","2026-10-08","","公式サイト","https://www.mentor-movie.jp/ticket/","https://www.mentor-movie.jp/","35.8947","139.6361","吉田恵輔監督作。少年時代の花火遊びが招いたアパート火災から15年後、被害者だった男が加害者の前に現れる贖罪ドラマ。磯村勇斗×末澤誠也×綾野剛。","ムビチケ終了日は10/15。公開初日舞台挨拶のライブビューイングあり"
"138","クジラに落ちた男","","foreign","new","群馬県・伊勢崎市","TOHOシネマズ|イオンシネマ|109シネマズ|MOVIX|ユナイテッド・シネマ|T・ジョイ|USシネマ","https://www.tohotheater.jp/theater/010/","gunma","2026-10-16","","","","","","","","","","","","","","","","","","","","要問合せ","","","","","","","","映画.com","https://www.20thcenturystudios.jp/movies/whalefall","https://www.20thcenturystudios.jp/movies/whalefall","36.3010","139.1830","ダニエル・クラウスのベストセラー小説「Whalefall」実写化。巨大マッコウクジラに丸呑みされた青年が酸素が尽きる1時間で脱出を目指すサバイバルスリラー。配給ディズニー。",""
"139","わたしの知らない子どもたち","","jp-live","new","栃木県・宇都宮市","TOHOシネマズ|イオンシネマ|109シネマズ|MOVIX|ユナイテッド・シネマ|T・ジョイ|USシネマ","https://www.tohotheater.jp/theater/010/","tochigi","2026-10-16","","","","","","","","","","","","","","","","","","","","要問合せ","","","","","","","","映画.com","https://eiga.com/movie/106187/","https://k2pic.com/film/wsk/","36.5580","139.9280","西川美和監督最新作。二階堂ふみ主演。戦後の混乱期に少年として生きることを選んだ少女と軍国主義教育に加担した元教師の物語。日本映画初のトロント国際映画祭コンペ部門オープニング上映作。",""
"140","BOSS／ボス","","foreign","new","神奈川県・横浜市西区","TOHOシネマズ|イオンシネマ|109シネマズ|MOVIX|ユナイテッド・シネマ|T・ジョイ|USシネマ","https://www.tohotheater.jp/theater/010/","kanagawa","2026-10-23","","","","","","","","","","","","","","","","","","","","ムビチケ前売1,600円（公開日前日までの購入）。当日料金は劇場により異なる","","","","","","2026-10-01","","映画.com","https://boss-movie.jp/","https://boss-movie.jp/","35.4657","139.6220","韓国で244万人動員、2025年年間興収5位のギャング・コメディ。カリスマボス急死後の後継者争いを描く。チョ・ウジン、チョン・ギョンホ出演。",""
"141","昨夜は殺れたかも","","jp-live","new","千葉県・市原市","TOHOシネマズ|イオンシネマ|109シネマズ|MOVIX|ユナイテッド・シネマ|T・ジョイ|USシネマ","https://www.tohotheater.jp/theater/010/","chiba","2026-10-23","","","","","","","","","","","","","","","","","","","","要問合せ","","","","","","","","映画.com","https://eiga.com/movie/106186/","https://sakuyare-movie.com/","35.4890","140.0910","藤石波矢×辻堂ゆめ原作のラブサスペンス。正体を隠す元ヤクザの夫と敏腕社長の妻、仲良し夫婦がまさかの殺し合いに発展する。吉野北人×鈴木愛理W主演。",""
"142","映画 ひつじのショーン かぼちゃ畑の怪物！","","foreign|fam","new","群馬県・高崎市","イオンシネマ|TOHOシネマズ|109シネマズ|MOVIX|ユナイテッド・シネマ|T・ジョイ|USシネマ","https://www.aeoncinema.com/cinema/takasaki/","gunma","2026-10-23","","","","","","","","","","","","","","ムビチケ前売券","","","","","","ムビチケ前売1,600円（公開日前日までの購入）。当日料金は劇場により異なる","","","","","","","","映画.com","https://eiga.com/movie/105502/","https://movies.shochiku.co.jp/shaun-kabocha/","36.3910","139.0066","アカデミー賞常連スタジオ、アードマン・アニメーションズ設立50周年記念作。ひつじのショーン長編映画第3弾。モッシーボトム牧場のかぼちゃ畑を巡る騒動を描く。",""
"143","劇場版 前橋ウィッチーズ ～魔女見習いのエモエモリーズ～","","anime","new","群馬県・高崎市","イオンシネマ|TOHOシネマズ|109シネマズ|MOVIX|ユナイテッド・シネマ|T・ジョイ|USシネマ","https://www.aeoncinema.com/cinema/takasaki/","gunma","2026-10-23","","","","","","","","","","","","","","ムビチケ前売券","","","","","","ムビチケ前売1,900円（公開日前日までの購入）。当日料金は劇場により異なる","","","","","","","","映画.com","https://www.maebashi-witches.com/","https://www.maebashi-witches.com/","36.3910","139.0066","群馬県前橋市を舞台にしたオリジナルTVアニメ「前橋ウィッチーズ」の総集編。魔女になりたい5人の女子高生の奮闘を120分に再構成。主題歌の作詞はハライチ・岩井勇気。","群馬を舞台にした作品として県内でも上映される見込み"
"144","RYUJI 竜二","","jp-live","new","神奈川県・川崎市川崎区","TOHOシネマズ|イオンシネマ|109シネマズ|MOVIX|ユナイテッド・シネマ|T・ジョイ|USシネマ","https://www.tohotheater.jp/theater/010/","kanagawa","2026-10-30","","","","","","","","","","","","","","","","","","","","要問合せ","","","","","","2026-10-08","","eiga.com","https://eiga.com/movie/105714/","","35.3390","139.4460","金子正次が脚本・主演を務めた1983年作を柳楽優弥主演でリメイク。川栄李奈、萩原利久らが共演。PG12指定。",""
"145","見上げてごらん","","jp-live","new","埼玉県・久喜市","TOHOシネマズ|イオンシネマ|109シネマズ|MOVIX|ユナイテッド・シネマ|T・ジョイ|USシネマ","https://www.tohotheater.jp/theater/010/","saitama","2026-10-30","","","","","","","","","","","","","","ムビチケ前売券","","","","","","ムビチケ前売1,600円（公開日前日までの購入）。当日料金は劇場により異なる","","","","","","","","映画.com","https://gaga.ne.jp/miagetegoran/","https://gaga.ne.jp/miagetegoran/","36.0263","139.5680","是枝裕和監督の映像制作集団「分福」の新鋭2監督(森本晶一・佐藤快磨)によるヒューマンドラマ。42歳の漫画家アシスタントを森田剛が演じる。配給ギャガ。",""
"146","ヤマトよ永遠に REBEL3199 第七章 虹色の輪廻","","anime","new","千葉県・浦安市","TOHOシネマズ|イオンシネマ|109シネマズ|MOVIX|ユナイテッド・シネマ|T・ジョイ|USシネマ","https://www.tohotheater.jp/theater/010/","chiba","2026-10-30","","","","","","","","","","","","","","","","","","","","要問合せ","","","","","","","","映画.com","https://starblazers-yamato.net/","https://starblazers-yamato.net/","35.6345","139.8856","「ヤマトよ永遠に REBEL3199」シリーズ最終第七章。2024年から展開してきた全七章の完結編。麻宮騎亜描き下ろしビジュアル。配給松竹ODS事業室。",""
"147","ゴジラ-0.0","","tokusatsu","new","東京都・豊島区","TOHOシネマズ|イオンシネマ|109シネマズ|MOVIX|ユナイテッド・シネマ|T・ジョイ|USシネマ","https://www.tohotheater.jp/theater/010/","tokyo","2026-11-03","","","","","","","","","","","","","","ムビチケ前売券（カード）","2026-09-11","14:00","2026-11-02","23:59","","ムビチケ前売1,500円（公開日前日までの購入）。当日料金は劇場により異なる","","","","","","2026-10-08","","映画.com","https://eiga.com/movie/102826/","https://godzilla-minuszero.toho-movie.jp/","35.7296","139.7147","「ゴジラ-1.0」の2年後を描く直接の続編。山崎貴が監督・脚本・VFXを続投、神木隆之介・浜辺美波も続投。邦画史上初の「Filmed For IMAX」作品で、日本製ゴジラ作品として初の日米同時期公開。","グッズ付きムビチケも別途販売（ゴジラ・ストア ONLINE等）"
"148","装甲騎兵ボトムズ 灰色の魔女","","anime","new","栃木県・宇都宮市","TOHOシネマズ|109シネマズ|イオンシネマ|ユナイテッド・シネマ|MOVIX|T・ジョイ|USシネマ","https://www.unitedcinemas.jp/urawa/","tochigi","2026-11-20","","","","","","","","","","","","","","ムビチケ前売券（カード・オンライン）","2026-08-21","10:00","","","第1作ムビチケカードに大河原邦男描き下ろしイラストボード付き（数量限定）","要問合せ","","","","","","","","映画.com","https://votoms-gh.com","https://votoms-gh.com","36.5580","139.9280","サンライズ50周年記念作品。押井守監督による『装甲騎兵ボトムズ』シリーズ5年ぶりの完全新作、全2部作の第1作。原作の高橋良輔が監修として参加し、Production I.G.が制作協力する。",""
"149","ワンダンス","","jp-live","new","茨城県・ひたちなか市","TOHOシネマズ|109シネマズ|イオンシネマ|ユナイテッド・シネマ|MOVIX|T・ジョイ|USシネマ","https://www.unitedcinemas.jp/urawa/","ibaraki","2026-11-27","","","","","","","","","","","","","","ムビチケ前売券（カード・オンライン）","","","2026-11-26","23:59","購入特典あり（スマホ壁紙）","要問合せ","","","","","","","","映画.com","https://happinet-phantom.com/wandance/","https://happinet-phantom.com/wandance/","36.3915","140.5323","同名人気コミックの実写映画化。&TEAM・JOが映画初出演にして初主演を務める。吃音のある内気な高校生がストリートダンスと出会い、自分を表現していく姿を描く青春ドラマ。主題歌は&TEAM「For us」。",""
"150","BYE BYE LOVE 探偵はBARにいる","","jp-live","new","埼玉県・さいたま市大宮区","TOHOシネマズ|109シネマズ|イオンシネマ|ユナイテッド・シネマ|MOVIX|T・ジョイ|USシネマ","https://www.unitedcinemas.jp/urawa/","saitama","2026-12-25","","","","","","","","","","","","","","ムビチケ前売券（カード）","2026-10-02","10:00","","","","要問合せ","","","","","","","","映画.com","https://tantei-bar.com","https://tantei-bar.com","35.8947","139.6361","大泉洋×松田龍平「探偵はBARにいる」シリーズ第4弾。9年ぶりの新作で監督は白石和彌。すすきのを舞台にした探偵シリーズが、鈴木京香ら新キャストを迎えて完結を思わせる一作を届ける。",""
"151","人生を変えたコント","","jp-live","new","千葉県・柏市","TOHOシネマズ|109シネマズ|イオンシネマ|ユナイテッド・シネマ|MOVIX|T・ジョイ|USシネマ","https://www.unitedcinemas.jp/urawa/","chiba","2026-12-18","","","","","","","","","","","","","","","","","","","","要問合せ","","","","","","","","映画.com","https://eiga.com/movie/106264/","","35.8340","139.9660","霜降り明星・せいやの半自伝ベストセラー小説を実写映画化。なにわ男子・大橋和也が単独初主演を務める。いじめで青春を奪われかけた高校生が、文化祭の大舞台でお笑いに人生を懸ける姿を描く。",""
"152","早稲田松竹クラシックスvol.257「わたしならこう撮る」","","foreign","revival","東京都・新宿区","早稲田松竹","","tokyo","2026-10-10","2026-10-16","","","","","","","","","","","","","","","","","","","一般1,500円/学生1,200円/シニア・小学生1,100円（モーニング・レイトは一律1,200円）","1500","","","","","2026-10-01","","早稲田松竹公式","https://wasedashochiku.co.jp/","","35.7133","139.7036","女性監督の作品を集めた特集。『海賊のフィアンセ』『アダプション／ある母と娘の記録』『流転の王妃』『リュミエール』を二本立てで組み、モーニングは『リリアン・ギッシュの肖像』、レイトは『WANDA／ワンダ』を別枠で上映する。","当日券のみ・現金払い"
"153","早稲田松竹「蔦哲一朗監督特集」","","jp-live","revival","東京都・新宿区","早稲田松竹","","tokyo","2026-10-24","2026-10-30","","","","","","","","","","","","","","","","","","","","","","","","","","","早稲田松竹公式","https://wasedashochiku.co.jp/","","35.7133","139.7036","『黒の牛』と『祖谷物語―おくのひと―』の二本立てに、民俗記録映画『越後奥三面』『ゆきははなである 新野の雪まつり』を日替わりのモーニングショーで添える。","当日券のみ・現金払い"
"154","シネマヴェーラ渋谷「映画監督 篠田正浩 レトロスペクティブ」","","jp-live","revival","東京都・渋谷区","シネマヴェーラ渋谷","http://www.cinemavera.com/","tokyo","2026-10-24","2026-10-30","","","","","","","","","","","","","","","","","","","","","","","","","","","シネマヴェーラ渋谷公式","http://cinemavera.com/preview.html","","35.6570","139.6975","『恋の片道切符』『わが恋の旅路』『三味線とオートバイ』『私たちの結婚』『山の讃歌』『涙を、獅子のたて髪に』の6本を35mmで上映。10/25は武満真樹氏のトーク付。","当日券のみ"
"155","かぶと島が浮く日","","jp-live","new","東京都・新宿区","K's cinema","https://www.ks-cinema.com/","tokyo","2026-10-03","2026-10-16","","","","12:10","","","","","","","","","特別鑑賞券（特製ポストカード付き・1,500円）","","","2026-10-02","","数量限定","一般1,800円/大学生・高校生1,500円/シニア1,200円/3歳〜小学生・中学生・障がい者1,000円","1800","","","","","2026-10-01","","K's cinema公式","https://www.ks-cinema.com/movie/kabuto/","","35.6935","139.7048","山口県岩国市を舞台に、閉館した映画館の元支配人が再開発で取り壊される建物とともに自分の原点をたどる85分の邦画。片山享監督。","10/7(水)のみ12:30開始。特別鑑賞券はネット予約不可"
"156","冒険の夜","","jp-live","new","東京都・新宿区","K's cinema","https://www.ks-cinema.com/","tokyo","2026-10-03","2026-10-16","","","","19:10","","","","","","","","","","","","","","","一般1,800円/大学・高校1,500円/シニア1,200円/小中学生・障がい者1,000円","1800","","","","","2026-10-01","","K's cinema公式","https://www.ks-cinema.com/movie/bouken_still/","","35.6935","139.7048","引退試合を控えるボクサーの兄と気ままに生きる弟を描く髙橋雄祐監督の77分の邦画。併映企画として短編『still dark』も上映。","10/15(木)のみ19:30開始"
"157","【『冒険の夜』公開記念】still dark","","jp-live","special","東京都・新宿区","K's cinema","https://www.ks-cinema.com/","tokyo","2026-10-03","2026-10-16","","","","21:00","","","","","","","","","","","","","","","一般1,500円/大学・高校1,300円/シニア1,200円/小中学生・障がい者1,000円","1500","","","","","2026-10-08","","K's cinema公式","https://www.ks-cinema.com/movie/still-dark/","","35.6935","139.7048","『冒険の夜』公開を記念した髙橋雄祐監督の2019年の40分の短編。盲目の青年が料理人を目指す物語。","10/10(土)以降は上映時間未定"
"158","うそがほんとに ほんとがうそに","","doc","new","東京都・新宿区","K's cinema","https://www.ks-cinema.com/","tokyo","2026-10-17","2026-11-06","","","","10:00","","","","","","","","","特別鑑賞券（1,500円）","","","2026-10-16","","","一般1,800円/大学生・高校生1,500円/シニア1,200円/3歳〜小学生・中学生・障がい者1,000円","1800","","","","","2026-10-08","","K's cinema公式","https://www.ks-cinema.com/movie/usogahontoni/","","35.6935","139.7048","金聖雄監督の冤罪シリーズ第5作。無罪が確定した袴田事件と再審が開かない狭山事件、2つの家族を15年見つめた104分のドキュメンタリー。","特別鑑賞券はネット予約不可"
"159","戦場のボヘミアン カメラマン 石川文洋","","doc","new","東京都・新宿区","K's cinema","https://www.ks-cinema.com/","tokyo","2026-11-28","","","","","","","","","","","","","","","","","","","","一般1,800円/大学生・高校生1,500円/シニア1,200円/3歳〜小学生・中学生・障がい者1,000円","1800","","","","","2026-10-08","","K's cinema公式","https://www.ks-cinema.com/movie/senjo-no-bohemian/","","35.6935","139.7048","ベトナム戦争やカンボジア大虐殺を取材した報道カメラマン・石川文洋の半生を追うドキュメンタリー。河邑厚徳監督、88分。","K's cinema公式の上映開始は2026/11/28(土)〜（前回の11/21から変更）"
"160","ラピュタ阿佐ヶ谷 レイトショー「桃色女優図鑑 90-00年代のピンクの華たち」","","jp-live","revival","東京都・杉並区","ラピュタ阿佐ヶ谷","https://www.laputa-jp.com/","tokyo","2026-10-02","2026-11-20","","","","","","","","","","","","","","","","","","","一般1,400円/シニア・学生1,200円/会員1,000円（水曜は1,200円均一）","1400","","","","","2026-10-08","","ラピュタ阿佐ヶ谷公式","http://www.laputa-jp.com/laputa/program/momoirojoyuzukan/","","35.7048","139.6363","90〜00年代のピンク映画から女優たちの活躍に注目した連日21:00のレイトショー。10/2・10/11・10/16・10/17などは上映後に出演者・監督のトークイベントがある。","成人向け（ピンク映画）作品"
"161","BULLY ブリー4K","","foreign","new","東京都・新宿区","シネマート新宿","https://www.cinemart.co.jp/theater/shinjuku/","tokyo","2026-08-28","2026-10-08","","","","","","","","","","","","","","","","","","","一般2,000円/大学生1,500円/シニア1,300円/高校・中学生1,000円/小人1,000円","2000","","","","","2026-10-01","","シネマート新宿公式","https://www.cinemart.co.jp/theater/shinjuku/movie/002538.html","","35.6907","139.7053","ラリー・クラーク監督が実際の殺人事件を題材にした青春映画を25年ぶりに4Kで上映。R18+。","R18+"
"162","歓迎来龍餐館／龍飯店へようこそ【日本語字幕無し】","","foreign","special","東京都・新宿区","シネマート新宿","https://www.cinemart.co.jp/theater/shinjuku/","tokyo","2026-10-02","2026-10-15","","","","","","","","","","","","","","","","","","","一般2,000円/大学生1,500円/シニア1,300円/高校・中学生1,000円/小人1,000円","2000","","","","","2026-10-08","","シネマート新宿公式","https://www.cinemart.co.jp/theater/shinjuku/movie/002564.html","","35.6907","139.7053","中東で中華料理屋を営むシェフが命を救う物語。日本語字幕なしの1週間限定上映。",""
"163","セックス・ピストルズ 破壊の設計図","","doc|music","new","東京都・新宿区","シネマート新宿","https://www.cinemart.co.jp/theater/shinjuku/","tokyo","2026-10-09","","","","","","","","","","","","","","","","","","","","一般2,000円/大学生1,500円/シニア1,300円/高校・中学生1,000円/小人1,000円","2000","","","","","2026-10-01","","シネマート新宿公式","https://www.cinemart.co.jp/theater/shinjuku/movie/002577.html","","35.6907","139.7053","デビュー50年を迎え、初代ベーシストのグレン・マトロックがバンドの裏側を語るドキュメンタリー。",""
"164","スタンド・バイ・ミー","","foreign","special","東京都・新宿区","シネマート新宿","https://www.cinemart.co.jp/theater/shinjuku/","tokyo","2026-10-11","2026-10-11","","","","16:40","","1日限定上映","","","","","","","","","","","","","一般2,000円/大学生1,500円/シニア1,300円/高校・中学生1,000円/小人1,000円","2000","","","","","2026-10-01","","シネマート新宿公式","https://www.cinemart.co.jp/theater/shinjuku/movie/002574.html","","35.6907","139.7053","スティーブン・キング原作の名作を、毎月1回限定上映の“FAVE MOVIE”企画で上映。",""
"165","ちっぽけな僕の、おおきな世界","","foreign","new","東京都・新宿区","シネマート新宿","https://www.cinemart.co.jp/theater/shinjuku/","tokyo","2026-11-06","","","","","","","","","","","","","","","","","","","","一般2,000円/大学生1,500円/シニア1,300円/高校・中学生1,000円/小人1,000円","2000","","","","","2026-10-08","","シネマート新宿公式","https://www.cinemart.co.jp/theater/shinjuku/movie/002573.html","","35.6907","139.7053","ジャクソン・イー主演の人間ドラマ。1週間限定上映。",""
"166","アイアンマン","","foreign","special","東京都・新宿区","シネマート新宿","https://www.cinemart.co.jp/theater/shinjuku/","tokyo","2026-11-15","2026-11-15","","","","","","","","","","","","","","","","","","","一般2,000円/大学生1,500円/シニア1,300円/高校・中学生1,000円/小人1,000円","2000","","","","","2026-10-08","","シネマート新宿公式","https://www.cinemart.co.jp/theater/shinjuku/movie/002575.html","","35.6907","139.7053","MCUの出発点となった作品を、毎月1回限定上映の“FAVE MOVIE”企画で上映。",""
"167","インフォーマー／情報提供者","","foreign","new","東京都・新宿区","シネマート新宿","https://www.cinemart.co.jp/theater/shinjuku/","tokyo","2026-11-20","","","","","","","","","","","","","","","","","","","","一般2,000円/大学生1,500円/シニア1,300円/高校・中学生1,000円/小人1,000円","2000","","","","","2026-10-08","","シネマート新宿公式","https://www.cinemart.co.jp/theater/shinjuku/movie/002576.html","","35.6907","139.7053","「イカゲーム」のホ・ソンテが映画初主演の韓国クライム・アクション。",""
"168","ちゃんとした女の子は朝食までいるもんじゃない","","doc","new","東京都・新宿区","シネマート新宿","https://www.cinemart.co.jp/theater/shinjuku/","tokyo","2026-11-20","","","","","","","","","","","","","","","","","","","","一般2,000円/大学生1,500円/シニア1,300円/高校・中学生1,000円/小人1,000円","2000","","","","","2026-10-08","","シネマート新宿公式","https://www.cinemart.co.jp/theater/shinjuku/movie/002570.html","","35.6907","139.7053","怪優ロバート・ミッチャムに迫るドキュメンタリーの日本初公開。",""
"169","悪魔の毒々モンスター 4Kレストア版","","foreign","new","東京都・新宿区","シネマート新宿","https://www.cinemart.co.jp/theater/shinjuku/","tokyo","2026-11-20","","","","","","","","","","","","","","","","","","","","一般2,000円/大学生1,500円/シニア1,300円/高校・中学生1,000円/小人1,000円","2000","","","","","2026-10-08","","シネマート新宿公式","https://www.cinemart.co.jp/theater/shinjuku/movie/002567.html","","35.6907","139.7053","トロマの代表作を4Kレストア＆ディレクターズ・カットで上映。",""
"170","国立映画アーカイブ TIFF/NFAJ クラシックス「映画監督 溝口健二」","","jp-live","revival","東京都・中央区","国立映画アーカイブ","https://www.nfaj.go.jp/","tokyo","2026-10-27","2026-11-01","","","","","","","","","","s-mizoguchi2026","","","","","","","","","","","","","","","","","国立映画アーカイブ公式","https://www.nfaj.go.jp/film-program/tiff-nfaj202610/","","35.6754","139.7708","没後70年の溝口健二を、東京国際映画祭との共催で特集。『瀧の白糸』デジタル復元版など13作品(12プログラム)を英語字幕付きで上映する。","各回入替制・全席指定（310席）、開映後は入場不可"
"171","第18回下北沢映画祭","しもきたざわえいがさい","jp-live","festival","東京都・世田谷区","北沢タウンホール|下北沢トリウッド|シモキタ-エキマエ-シネマ K2","","tokyo","2026-10-10","2026-10-15","","2026-10-10|2026-10-11|2026-10-12|2026-10-13|2026-10-14|2026-10-15","","","","","","","","s-shimokita18","","","","","","","","","各回1,500円","","","","","","2026-10-01","","下北沢映画祭公式","https://shimokitafilm.com/","","35.6617","139.6680","下北沢の4会場を使う映画祭。インディー映画のコンペ9作品に加え、リンダ リンダ リンダ 4Kやストリート・キングダムなどの特別上映、ドキュメンタリー上映も並ぶ。前売はチケット9/19発売。","プログラムごとの回別チケット制"
"172","キッズインシネマ 子ども向け野外上映会（下北沢映画祭）","","fam|anime","outdoor","東京都・世田谷区","下北線路街 空き地","","tokyo","2026-10-09","2026-10-09","","","17:40","18:10","20:00","","","","","s-shimokita18","","","","","","","","","要問合せ","","","","","","","","下北沢映画祭公式","https://shimokitafilm.com/","","35.6604","139.6667","下北線路街の空き地に屋外スクリーンを組み、親子向けに吹替版で上映する夕方の野外上映会（公式の告知ではSINGの吹替版）。下北沢映画祭の前夜祭にあたる。","屋外開催のため天候の影響あり。20:00終了予定"
"173","第33回 キネコ国際映画祭","きねここくさいえいがさい","fam","festival","東京都・世田谷区","二子玉川エリア各所|せたがやイーグレットホール","","tokyo","2026-10-30","2026-11-03","","","","","","","","","","","","","","","","","","","要問合せ","","","","","","","","キネコ国際映画祭","https://www.kineko.jp/","","35.6117","139.6268","世界の子ども向け映画53作品（コンペ45・特別上映8）を上映するアジア最大級の子ども映画祭。プロ声優の生吹き替えによるライブシネマが特徴で、11/1にはオーケストラ生演奏付きの特別上映を行う。特集はスウェーデン。","プログラムごとに前売・当日の料金が異なる。前売完売時は当日券なし"
"174","HIBIYA CINEMA FESTIVAL 2026","ひびやしねまふぇすてぃばる","jp-live|foreign","outdoor|festival","東京都・千代田区","東京ミッドタウン日比谷 日比谷ステップ広場|日比谷公園|日比谷OKUROJI","","tokyo","2026-10-08","2026-10-25","","2026-10-08|2026-10-09|2026-10-10|2026-10-11|2026-10-12|2026-10-17|2026-10-18|2026-10-19|2026-10-20|2026-10-21|2026-10-22|2026-10-23|2026-10-24|2026-10-25","","","","","","","","","","","","","","","","","無料","0","","","","","2026-10-08","","東京ミッドタウン日比谷","https://www.hibiya.tokyo-midtown.com/hibiya-cinema-festival/","","35.6736","139.7595","日比谷ステップ広場の大型LEDビジョンを主会場に、日比谷公園とOKUROJIにも屋外スクリーンを設けて名作・話題作を無料上映。10/17はペット同伴日、会期中は短編映画の上映やトークも行う。東京国際映画祭へ続く。","入退場自由。荒天中止（トークは館内で実施）"
"175","新宿パークシネマフェスティバル2026","","foreign|music","outdoor","東京都・新宿区","新宿中央公園 ファンモアタイムひろば","","tokyo","2026-10-07","2026-10-09","","2026-10-07|2026-10-08|2026-10-09","17:00","19:00","","","","","","","","","","","","","","","無料","0","","","","","2026-10-01","","新宿観光振興協会","https://www.kanko-shinjuku.jp/cinema2026/-/index.html","","35.6927","139.6914","音楽映画をテーマに、ニュー・シネマ・パラダイス（7日）、ラ・ラ・ランド（8日）、シング・ストリート（9日）を上映。17時からキッチンカー、18時から生演奏があり、観覧は200席限定。","17:00はキッチンカー開店時刻。18:00から音楽ライブ"
"176","すみだパークシネマフェスティバル2026","","anime|jp-live|foreign","outdoor|festival","東京都・墨田区","隅田公園 そよ風ひろば","","tokyo","2026-10-10","2026-10-12","","2026-10-10|2026-10-11|2026-10-12","","","","","","","","","","","","","","","","","無料","0","","","","","2026-10-01","","すみだノート","https://www.sumida-note.com/event/spcf2026/","","35.7136","139.8018","隅田公園の芝生広場に大型スクリーンを立て、ルックバック・この夏の星を見る・ラ・ラ・ランド吹替版・ロボット・ドリームズ吹替版を上映。昼はマーケットやステージも開かれ、区内各所を結ぶ「すみだまるごとシネマ」も同時開催。","各日の上映時刻は公式Instagramで発表。上映内容は変更の場合あり"
"177","星空映画会（八千代市）","","fam|anime","outdoor","千葉県・八千代市","八千代総合運動公園 芝生広場","","chiba","2026-11-07","2026-11-07","","","","17:00","19:00","","2026-11-08","","","","","","","","","","","","無料","0","","","","","2026-10-01","","ちいコミ","https://chiicomi.com/press/events-posted/2081033/","","35.7266","140.1005","八千代総合運動公園の芝生広場で、LEGOムービー吹き替え版を夕方に屋外上映する。キッチンカーの出店やワークショップも予定。レジャーシートを持参して芝生で観る形式。","雨天延期は11/8（時間同じ）。持ち物はレジャーシート"
"178","《月イチ アニオール》「転生したら剣でした」オールナイト一挙上映","てんせいしたらけんでした","anime","special","東京都・立川市","立川シネマシティ シネマ・ツー","https://cinemacity.co.jp/","tokyo","2026-10-10","2026-10-10","","","","22:30","","オールナイト","","","","","","","Web予約（一般）","2026-09-27","00:00","","","","一般3,500円/シネマシティズン3,000円","3500","","","","","2026-10-08","","シネマシティNEWS","https://ccnews.cinemacity.co.jp/aa_40th_tenken_1st/","","35.6941","139.4137","TVアニメ第2期の放送開始を記念し、第1期を全話一挙にaスタジオで上映するオールナイト。上映前に監督・プロデューサー登壇のスタッフトークショーがある。都条例により未成年は保護者同伴でも入場不可。","Web予約とツー窓口で販売。18歳未満入場不可"
"179","SKIPシティ キネテク国際映画祭","すきっぷしてぃきねてくこくさいえいがさい","jp-live","festival","埼玉県・川口市","SKIPシティ 彩の国ビジュアルプラザ","","saitama","2027-01-31","2027-02-07","","","","","","","","","","","","","","","","","","","要問合せ","","","","","","","","ブランド・ニュース(branc)","https://branc.jp/article/2026/06/16/2818.html","","35.8337","139.7323","SKIPシティ国際Dシネマ映画祭を引き継ぎ、AIやVFXなど先端映像技術を使った映画・映像のコンペを行う新しい映画祭。映像技術の体験展示や地元映像産業の展示商談会も併催予定。","埼玉県・川口市・川口商工会議所の共催。会場は「など」で他にも使う可能性あり。上映プログラムは未発表"
"180","ハルバーシュタットの埋蔵金","","foreign","new","神奈川県・川崎市麻生区","川崎市アートセンター","https://kawasaki-ac.jp/","kanagawa","2026-09-26","2026-10-09","","","","","","","","","","","","","","","","","","","一般2,000円/シニア・会員1,300円/大学・専門学校生1,000円/障がい者・付添(1名まで)1,000円/高校生以下800円","2000","","","","","2026-10-08","","川崎市アートセンター公式","https://kawasaki-ac.jp/movie/theater/detail/?id=002498","https://2to1-movie.jp/","35.6015","139.5035","東ドイツマルク紙幣の処分跡を坑道で見つけた失業中の夫婦が、両替期限までの3日間で奔走する実話ベースのコメディ。10/9が最終日。","休映日は9/28・10/4・10/5"
"181","恐怖分子 デジタルリマスター","","foreign","revival","群馬県・高崎市","シネマテークたかさき","https://takasaki-cc.jp/","gunma","2026-09-25","2026-10-08","","","","","","","","","","","","","","","","","","","一般1,800円/大学・専門学校生1,400円/高校生以下1,000円/シニア(60歳以上)1,100円/レイト1,400円","1800","","","","","2026-10-08","","シネマテークたかさき","https://takasaki-cc.jp/","","36.3236","139.0056","デジタルリマスター版の再上映。高崎では2週間の上映で、同館の上映中ラインナップに並ぶ。上映時間帯は劇場のカレンダーで要確認。",""
"182","『GUN FISH あなたの知らないフグの世界』舞台挨拶付き上映","","doc","special","群馬県・高崎市","シネマテークたかさき","https://takasaki-cc.jp/","gunma","2026-10-31","2026-10-31","","","","13:00","","13:00の回上映後に宇野航監督が登壇","","","","","","","劇場会員先行→一般発売（オンライン/窓口）","2026-10-28","00:00","","","完売時は当日券なし","一般1,800円/大学・専門学校生1,400円/高校生以下1,000円/シニア(60歳以上)1,100円","1800","","","","","2026-10-08","","シネマテークたかさき","https://takasaki-cc.jp/news/1215/","","36.3236","139.0056","宇野航監督の舞台挨拶つきの回。スクリーン2（64席）で実施され、当日鑑賞者のみ参加でき、この回は予告篇なし。オンラインで完売すると当日券は出ない。","会員先行は10/26。オンライン購入はシアターパス無料会員登録が必要"
"183","『バナ穴 BANA_ANA』舞台挨拶付き上映","","jp-live","special","埼玉県・川越市","川越スカラ座","https://k-scalaza.com/","saitama","2026-10-12","2026-10-12","","","","15:00","","15:00の回上映後に舞台挨拶","","","","","","","","","","","","","一般1,700円/シニア1,300円","1700","","","","","2026-10-08","","川越スカラ座","https://k-scalaza.com/more/more.html","","","","山内ケンジ監督と鄭亜美さんが登壇する舞台挨拶の回。作品は稲垣吾郎・草彅剛・香取慎吾が出演する不条理エンタテイメントで、一週間限定（10/10〜10/16）の上映。","予約不可・当日券のみ（イベント時は予約受付の場合あり）。上映開始30分以降は入場不可"
"184","第41回水戸映画祭","","jp-live|foreign","festival","茨城県・水戸市","水戸芸術館ACM劇場","https://www.arttowermito.or.jp/","ibaraki","2026-11-07","2026-11-08","","","","","","","","","","s-mitoff41","2026-09-12","","水戸芸術館チケット（全席指定）","2026-09-25","10:00","","","","一般1,500円/U-25 1,000円(DプログラムのみU-12無料)","1500","","","","","2026-10-08","","水戸映画祭","https://mitofilmfes.jp/page-16/","https://mitofilmfes.jp/","36.3660","140.4713","市民実行委員会が運営する映画祭で、2日間6プログラム。初日は35mmフィルムで『砂の器』を上映し、『ハムネット』『この夏の星を見る』、2日目は『ライフテープ』『急に具合が悪くなる』と短編集を組む。","全プログラム入替制・全席指定。2026年9月25日10時からチケット発売。U-25・U-12は年齢確認書類が必要。未就学児はDプログラムを除き入場不可"
"185","第17回前橋映像祭2026","","doc","festival","群馬県・前橋市","裏ノ間（re/noma）","","gunma","2026-11-13","2026-11-15","","","","","","","","","","","","","","","","","","","要問合せ","","","","","","","","前橋映像祭公式","https://maebashimediafestival.jp/","https://maebashimediafestival.jp/","","","公募型の映像祭で、映画・ドキュメンタリー・ビデオアート・パフォーマンスなど領域横断の作品を前橋の場所性に引きつけて上映する。2026年は三田村光土里、岡田裕子ら招待作家を含む多数の作品を上映し、前橋国際芸術祭2026の地域協働プログラム。","プログラムのスケジュールは公式サイトで後日発表"
"186","シネポートシアターMITO vol.106 豊田利晃監督特集上映＋ティーチイン","","jp-live","revival|special","茨城県・水戸市","Café+zakka+gallery Minerva","https://310cinema.wordpress.com/","ibaraki","2026-10-24","2026-10-24","","","","13:00","18:50","定員20名程度。ブルーレイ上映","","","","","","","前売デジタルチケット","","","","","定員20名程度","当日 1作品2,000円/3作品5,500円、前売 1作品1,700円/3作品4,500円（ワンドリンク込）","2000","1700","15","前売デジタルチケット（teket）","","2026-10-08","前売デジタルチケットでの事前購入。ワンドリンク込","310+1 cinema project","https://310cinema.wordpress.com/2026/09/06/cineport106/","","","","『狼煙が呼ぶ』『破壊の日』『全員切腹』の狼蘇山三部作から『次元を超える』まで、豊田利晃監督の近作を1日で追う小規模特集。最後に監督本人のティーチインがあり、特集のチケット所持者なら誰でも参加できる。","会場の定員は20名程度。前売がデジタルチケットを使えない場合は予約フォームで当日現金払い"
"187","＜10月木曜名画座＞ポトフ 美食家と料理人","","foreign","revival","千葉県・千葉市","千葉県生涯学習センター 2Fホール","https://chiba-gakushu.jp/","chiba","2026-10-08","2026-10-08","","","","10:00","16:20","①10:00〜12:20 ②14:00〜16:20の2回上映","","","","","","","","","","","","","無料","","","","","","2026-10-08","","千葉県生涯学習センター","https://chiba-gakushu.jp/event/08-25-02-13-14/","","","","19世紀末フランスの美食家と料理人を描くトラン・アン・ユン監督作を、生涯学習センターのホールで上映する名画座企画。各回定員300人で当日受付、誰でも無料で観られる。","当日受付。定員各回300人"
"188","＜10月月曜名画座＞マダム・イン・ニューヨーク","","foreign","revival","千葉県・千葉市","千葉県生涯学習センター 2Fホール","https://chiba-gakushu.jp/","chiba","2026-10-19","2026-10-19","","","","10:00","16:15","①10:00〜12:15 ②14:00〜16:15の2回上映","","","","","","","","","","","","","無料","","","","","","2026-10-01","","千葉県生涯学習センター","https://chiba-gakushu.jp/event/08-25-01-13-14/","","","","英語が話せない主婦がNYで英会話を学ぶインド映画（2012年）を、生涯学習センターのホールで上映する月曜名画座。各回定員300人で当日受付、無料。","当日受付。定員各回300人"
"189","県立久喜図書館 世界紀行〜アジア特集〜「ベトナムの風に吹かれて」","","jp-live","revival","埼玉県・久喜市","埼玉県立久喜図書館 視聴覚ホール","https://www.lib.pref.saitama.jp/event/movie/schedule.html","saitama","2026-10-09","2026-10-09","","","","14:00","","","","","","","","","","","","","","","無料","","","","","","2026-10-08","","埼玉県立図書館","https://www.lib.pref.saitama.jp/event/movie/schedule.html","","","","アジアの国を毎月取り上げる名作映画鑑賞会の10月の回で、日本・ベトナム共同製作の劇映画（2015年・114分）を上映。予約不要・先着140名で入場無料。","予約不要・先着140名"
"190","南図書館名作映画会「地獄門」","","jp-live","revival","栃木県・宇都宮市","宇都宮市立南図書館 サザンクロスホール","https://www.minami-tosyokan.jp","tochigi","2026-10-18","2026-10-18","","","13:30","14:00","","","","","","","","","","","","","","","無料","","","","","","2026-10-08","","宇都宮市立南図書館","https://www.minami-tosyokan.jp/event/detail.php?id=0758","","","","1953年の大映作品（イーストマンカラー・89分）を図書館ホールで上映。カンヌ国際映画祭でグランプリを受賞した色彩美が見どころ。入場無料、先着300名で整理券なし。","先着300名・整理券なし"
"191","4アウト ─もう一度、プレイボール─","","jp-live","new","東京都・千代田区","TOHOシネマズ|イオンシネマ","","tokyo","2026-11-06","","","","","","","","","","","","","","ムビチケ前売券（オンライン・カード）","","","2026-11-05","23:59","","要問合せ","","","","","","","","公式サイト","https://4out-movie.com/","https://4out-movie.com/","","","作家・平山讓のノンフィクション小説を原作に、東京で初めて結成された身体障害者野球チーム「東京ブルーサンダース」の誕生を描く実話ベースの人間ドラマ。相葉雅紀主演、黒島結菜・松本利夫ら共演。ムビチケ一般券1枚1,600円。",""
"192","ミケランジェロ・アントニオーニ レトロスペクティヴ 愛の不毛、彷徨える魂","","foreign","revival","群馬県・高崎市","シネマテークたかさき","https://takasaki-cc.jp/","gunma","2026-10-16","2026-10-29","","","","","","10/22(木)休館","","","","s-antonioni2026-takasaki","2026-09-18","","","","","","","","一般1,900円/大学・専門学生1,500円/高校生以下1,000円/シニア1,200円","1900","","","","","2026-10-08","","シネマテークたかさき","https://takasaki-cc.jp/news/1205/","","36.3236","139.0056","イタリアの巨匠アントニオーニの初期5作をデジタル修復版で上映する特集。『愛と殺意』『敗北者たち』は日本劇場初公開で、『情事』『赤い砂漠』など代表作も並ぶ。当館では2K上映の作品がある。","作品により料金が異なる場合あり。上映作品は愛と殺意・敗北者たち・女ともだち・情事・赤い砂漠"
"193","ハイファイブ！","はいふぁいぶ","foreign","new","東京都・千代田区","TOHOシネマズ|イオンシネマ|MOVIX|109シネマズ|ユナイテッド・シネマ|T・ジョイ|USシネマ|ピカデリー","https://www.tohotheater.jp/theater/081/index.html","tokyo","2026-10-16","","","","","","","","","","","","","","ムビチケカード","","","","","","要問合せ","","","","","","","","映画.com","https://eiga.com/movie/105328/","https://klockworx.com/movies/hifive","35.6749","139.7599","「サニー 永遠の仲間たち」のカン・ヒョンチョル監督による韓国映画。臓器移植で超能力を得た寄せ集めの5人がヒーローとして集まる物語で、配給はクロックワークス。公式の劇場一覧には各チェーンの関東館が並ぶ。",""
"194","BanG Dream! Ave Mujica prima aurora","","anime|music","new","東京都・千代田区","TOHOシネマズ|イオンシネマ|109シネマズ|MOVIX|ユナイテッド・シネマ|T・ジョイ","https://www.tohotheater.jp/theater/081/index.html","tokyo","2026-10-16","","","","","","","","","","","","","","ムビチケカード","2026-08-15","","","","","ムビチケカード前売1,700円。当日料金は劇場により異なる","","","","","","2026-10-08","","映画.com","https://eiga.com/movie/104473/","https://avemujica-movie.bang-dream.com/","35.6749","139.7599","ガールズバンドプロジェクト「BanG Dream!」から生まれたバンド Ave Mujica の劇場作品。ムビチケカードは8月15日発売で1,700円、グッズ付き前売券は2,750円。公式の劇場一覧に関東の各チェーン館が載る。",""
"195","呪区","","jp-live","new","東京都・千代田区","TOHOシネマズ|T・ジョイ|ヒューマントラストシネマ","https://www.tohotheater.jp/theater/081/index.html","tokyo","2026-10-16","","","","","","","","","","","","","","","","","","","","要問合せ","","","","","","","","映画.com","https://eiga.com/movie/106115/","https://atemo.co.jp/juku/","35.6749","139.7599","千葉誠治監督のホラー。悪霊に追い詰められ、生き延びるには服を脱がなければならないという奇抜な状況設定の中で、登場人物が逃げ惑う。上映館は公式の劇場一覧で都内を中心に確認できた。",""
"196","GROTESQQQUE グロテスク","","anime","new","東京都・千代田区","TOHOシネマズ|イオンシネマ|109シネマズ|MOVIX|ユナイテッド・シネマ|T・ジョイ|USシネマ|ヒューマントラストシネマ","https://www.tohotheater.jp/theater/081/index.html","tokyo","2026-11-06","","","","","","","","","","","","","","","","","","","","要問合せ","","","","","","","","映画.com","https://eiga.com/movie/104218/","https://movie-gtq123.com/","35.6749","139.7599","「THE IDOLM@STER」「ダーリン・イン・ザ・フランキス」の監督や、「シン・エヴァンゲリオン劇場版」の総作画監督を務めた面々が手がけるオリジナルアニメ映画。配給はアニメック。関東の各チェーン館で上映される。",""
"197","星の教室","","jp-live","new","東京都・千代田区","TOHOシネマズ|イオンシネマ|109シネマズ|MOVIX|ユナイテッド・シネマ|T・ジョイ|USシネマ","https://www.tohotheater.jp/theater/081/index.html","tokyo","2026-11-06","","","","","","","","","","","","","","","","","","","","要問合せ","","","","","","","","映画.com","https://eiga.com/movie/106193/","https://nakachikapictures.com/hoshinokyoshitsu","35.6749","139.7599","角川春樹が総監督を務めた青春群像劇。配給はNAKACHIKA PICTURESとフライフリーエンターテイメント。公式の劇場一覧で関東の各シネコンでの上映が確認できる。",""
"198","男ともだち","","jp-live","new","東京都・千代田区","TOHOシネマズ|イオンシネマ|109シネマズ|MOVIX|ユナイテッド・シネマ|T・ジョイ|USシネマ|ピカデリー","https://www.tohotheater.jp/theater/081/index.html","tokyo","2026-11-06","","","","","","","","","","","","","","ムビチケカード","","","2026-11-05","23:59","","ムビチケカード前売1,600円（公開日前日までの購入）。当日料金は劇場により異なる","","","","","","2026-10-08","","映画.com","https://eiga.com/movie/106300/","https://happinet-phantom.com/otokotomodachi/","35.6749","139.7599","直木賞作家・千早茜の同名小説を三島有紀子監督が実写映画化。30歳を前に人生に行き詰まった主人公の物語で、配給はハピネットファントム・スタジオ。ムビチケカードは1,600円で、販売は公開前日まで。",""
"199","楽園追放 心のレゾナンス","","anime","new","東京都・千代田区","TOHOシネマズ|109シネマズ|MOVIX","https://www.tohotheater.jp/theater/081/index.html","tokyo","2026-11-13","","","","","","","","","","","","","","ムビチケ前売券（カード）","2026-07-24","","","","","ムビチケ前売券（カード）一般1,600円。当日料金は劇場により異なる","","","","","","2026-10-08","","映画.com","https://eiga.com/movie/101149/","https://rakuen-tsuiho-r.com","35.6749","139.7599","水島精二監督と虚淵玄の脚本で、電脳世界で暮らす人類を描くSFアニメ。ムビチケ前売券（カード）は7月24日発売、一般1,600円で、カードのみの取り扱い。関東ではTOHOシネマズ・109シネマズ・MOVIXなどで確認できた。",""
"200","呪いのスマホ","","jp-live","new","東京都・千代田区","TOHOシネマズ|イオンシネマ|109シネマズ|MOVIX|ユナイテッド・シネマ|T・ジョイ|USシネマ","https://www.tohotheater.jp/theater/081/index.html","tokyo","2026-11-13","","","","","","","","","","","","","","ムビチケ","","","2026-11-12","23:59","","要問合せ","","","","","","","","映画.com","https://eiga.com/movie/105501/","https://movies.shochiku.co.jp/noroi-sumaho/","35.6749","139.7599","山元環が監督・脚本を務めるホラー。呪いのスマホによって人々が次々と惨殺されていく物語を描く。配給は松竹で、関東の各シネコンで上映される。ムビチケの販売ページでは販売終了が公開前日と表示されていた。",""
"201","トキシック・アベンジャー","","foreign","new","東京都・千代田区","TOHOシネマズ|イオンシネマ|109シネマズ|MOVIX|ユナイテッド・シネマ|USシネマ|ヒューマントラストシネマ","https://www.tohotheater.jp/theater/081/index.html","tokyo","2026-11-13","","","","","","","","","","","","","","ムビチケ","","","2026-10-22","23:59","","要問合せ","","","","","","","","映画.com","https://eiga.com/movie/106771/","https://toxic-avenger.com/","35.6749","139.7599","低予算のB級作品で知られるトロマ・エンターテインメントの代表作、1984年版を原点とするシリーズの新作。配給はAMGエンタテインメント。ムビチケの販売ページでは販売終了日時が10月22日と表示されている。",""
"202","1971、ハイジャック事件","","foreign","new","東京都・千代田区","TOHOシネマズ|イオンシネマ|109シネマズ|MOVIX|ユナイテッド・シネマ|T・ジョイ|USシネマ","https://www.tohotheater.jp/theater/081/index.html","tokyo","2026-11-13","","","","","","","","","","","","","","ムビチケ","","","2026-11-12","23:59","","要問合せ","","","","","","","","映画.com","https://eiga.com/movie/106712/","https://1971hijack.com/","35.6749","139.7599","1971年の大韓航空フレンドシップ機ハイジャック事件を題材に、知られざる50分の攻防を描いた実話ベースのサスペンス。配給はツイン。関東の各シネコンで上映され、ムビチケは公開前日まで販売される。",""
"203","世界で最後の愛しい娘！","","foreign","new","東京都・千代田区","TOHOシネマズ|イオンシネマ|109シネマズ|MOVIX|ユナイテッド・シネマ|T・ジョイ","https://www.tohotheater.jp/theater/081/index.html","tokyo","2026-11-13","","","","","","","","","","","","","","ムビチケカード","","","","","","要問合せ","","","","","","","","映画.com","https://eiga.com/movie/106034/","https://klockworx.com/movies/sekamusu/","35.6749","139.7599","最愛の娘が世界で最後のゾンビになってしまった父親の奮闘を描く韓国のハートフルコメディ。ゾンビを日常に溶け込ませる設定が特徴で、配給はクロックワークス。関東の各チェーン館で上映される。",""
"204","すべて真夜中の恋人たち","","jp-live","new","東京都・千代田区","TOHOシネマズ|イオンシネマ|109シネマズ|MOVIX|ユナイテッド・シネマ|T・ジョイ|USシネマ","https://www.tohotheater.jp/theater/081/index.html","tokyo","2026-11-13","","","","","","","","","","","","","","ムビチケ","","","","","","要問合せ","","","","","","","","映画.com","https://eiga.com/movie/104828/","https://www.bitters.co.jp/subemayo/","35.6749","139.7599","川上未映子の同名恋愛小説を、「あのこは貴族」の岨手由貴子が監督・脚本で映画化。配給はビターズ・エンド。上映館はTOHOシネマズ新宿、ヒューマントラストシネマ渋谷、イオンシネマ板橋などで確認できた。",""
"205","劇場版 ブルーインパルスの空へ","","doc","new","東京都・千代田区","TOHOシネマズ|イオンシネマ|MOVIX|T・ジョイ|ヒューマントラストシネマ","https://www.tohotheater.jp/theater/081/index.html","tokyo","2026-12-11","","","","","","","","","","","","","","ムビチケカード","","","","","","要問合せ","","","","","","","","映画.com","https://eiga.com/movie/105347/","https://blueimpulse-film.jp/","35.6749","139.7599","第6回TBSドキュメンタリー映画祭2026の上映作品として公開されるドキュメンタリー。配給はKeyHolder Pictures。公式サイトでムビチケカードの販売開始と、関東のシネコン数館での上映が確認できた。",""
"206","魔法使いの夜","","anime","new","東京都・千代田区","TOHOシネマズ|イオンシネマ|109シネマズ|MOVIX|ユナイテッド・シネマ|T・ジョイ|USシネマ|ヒューマントラストシネマ|ピカデリー","https://www.tohotheater.jp/theater/081/index.html","tokyo","2026-11-20","","","","","","","","","","","","","","ムビチケ前売券","","","","","","要問合せ","","","","","","","","映画.com","https://eiga.com/movie/96352/","https://mahoyo-movie.com/","35.6749","139.7599","竹内將監督、戸松遥・花澤香菜・小林裕介が声の出演を務めるアニメ映画。配給は東宝とアニプレックス。ムビチケ前売券には特典が付き、関東の各シネコンで上映される。",""
"207","ファーザー マザー シスター ブラザー","","foreign","new","東京都・千代田区","TOHOシネマズ|イオンシネマ|109シネマズ|MOVIX|ユナイテッド・シネマ|T・ジョイ|USシネマ|ヒューマントラストシネマ|ピカデリー","https://www.tohotheater.jp/theater/081/index.html","tokyo","2026-11-20","","","","","","","","","","","","","","ムビチケ前売券（オンライン）","","","","","","要問合せ","","","","","","","","映画.com","https://eiga.com/movie/104404/","https://gaga.ne.jp/FMSB_NOROSHI/","35.6749","139.7599","ジム・ジャームッシュが6年ぶりに発表した監督作。ニュージャージー、ダブリンなど複数の舞台で親子・きょうだいを描く。配給はギャガ。ムビチケのカードとオンライン券があり、関東の各チェーンで上映される。",""
"208","日曜のあと","","jp-live","new","東京都・新宿区","109シネマズ|MOVIX","https://109cinemas.net/premiumshinjuku/","tokyo","2026-11-20","","","","","","","","","","","","","","ムビチケデジタルカード","","","2026-11-19","23:59","","要問合せ","","","","","","","","映画.com","https://eiga.com/movie/106661/","https://nichiyonoato.com/","35.6952","139.7025","劇作家・演出家の加藤拓也が、「わたし達はおとな」「ほつれる」に続いて監督・脚本を務めた長編第3作。黒木華が主演し、夫婦をめぐる物語を描く。ムビチケは公開前日まで販売される。",""
"209","月がみている","","jp-live","new","東京都・千代田区","TOHOシネマズ|イオンシネマ|MOVIX|ユナイテッド・シネマ|T・ジョイ|USシネマ","https://www.tohotheater.jp/theater/081/index.html","tokyo","2026-11-20","","","","","","","","","","","","","","ムビチケカード","","","","","","ムビチケカード前売1,600円。当日料金は劇場により異なる","","","","","","2026-10-08","","映画.com","https://eiga.com/movie/106250/","https://tsukigamiteiru-movie.jp/","35.6749","139.7599","渡辺淳一の長編小説「シャトウルージュ」を、渡辺淳一の娘でプロデューサーの渡辺淳子らが映画化。配給はキノフィルムズ。ムビチケカードは1,600円で、関東の各チェーン館で上映される。",""
"210","ないものねだりの君に光の花束を","","jp-live","new","東京都・千代田区","TOHOシネマズ|イオンシネマ|109シネマズ|MOVIX|ユナイテッド・シネマ|T・ジョイ|USシネマ|ヒューマントラストシネマ","https://www.tohotheater.jp/theater/081/index.html","tokyo","2026-11-20","","","","","","","","","","","","","","ムビチケカード","","","2026-11-19","23:59","","要問合せ","","","","","","","","映画.com","https://eiga.com/movie/106199/","https://naihanamovie.jp/","35.6749","139.7599","汐見夏衛の同名小説を、安藤尋監督が実写映画化。原菜乃華と作間龍斗が出演する10代向けの物語で、配給はショウゲート。ムビチケカードは公開前日まで販売され、関東の各シネコンで上映される。",""
"211","あなたが母親の手料理を食べられる回数は、あとどれくらい残ってますか？","","foreign","new","東京都・千代田区","TOHOシネマズ|イオンシネマ|109シネマズ|MOVIX|ユナイテッド・シネマ|T・ジョイ|ヒューマントラストシネマ","https://www.tohotheater.jp/theater/081/index.html","tokyo","2026-11-20","","","","","","","","","","","","","","ムビチケ前売券（オンライン券）","","","2026-11-19","23:59","購入特典あり（スマホ壁紙）","要問合せ","","","","","","","","映画.com","https://eiga.com/movie/106680/","https://kadokawa-kplus.com/numberone-movie","35.6749","139.7599","「パラサイト 半地下の家族」のチェ・ウシクとチャン・ヘジンが親子役で再共演。母親の手料理を食べられる残り回数が見えるようになった息子を描く韓国映画で、配給はKADOKAWA。関東の各チェーン館で上映。",""
"212","55 FIFTY FIVE 番号で呼ばれた少年","","foreign","new","東京都・千代田区","TOHOシネマズ|109シネマズ|MOVIX|ピカデリー","https://www.tohotheater.jp/theater/081/index.html","tokyo","2026-11-13","","","","","","","","","","","","","","","","","","","","要問合せ","","","","","","","","映画.com","https://eiga.com/movie/106869/","https://55-movie.jp/","35.6749","139.7599","シャーム・P・マディラージュー監督の作品。配給はインターフィルム。公式の劇場一覧でTOHOシネマズ、109シネマズ、MOVIX、新宿ピカデリーなど関東の複数館での上映が確認できた。",""
"213","薔薇の鎖","","jp-live","new","東京都・千代田区","TOHOシネマズ|イオンシネマ|109シネマズ|MOVIX|ユナイテッド・シネマ|T・ジョイ|USシネマ|ヒューマントラストシネマ","https://www.tohotheater.jp/theater/081/index.html","tokyo","2026-12-11","","","","","","","","","","","","","","ムビチケ","","","2026-12-10","23:59","","要問合せ","","","","","","","","映画.com","https://eiga.com/movie/106459/","https://www.nakachikapictures.com/baranokusari/","35.6749","139.7599","佐藤佐吉監督の作品。配給はNAKACHIKA。ムビチケの販売ページでは販売終了が公開前日の12月10日と表示されており、関東の各シネコンで上映される。",""
"214","ジン×エクソシスト","","foreign","new","東京都・新宿区","109シネマズ","https://109cinemas.net/premiumshinjuku/","tokyo","2026-11-06","","","","","","","","","","","","","","","","","","","","要問合せ","","","","","","","","映画.com","https://eiga.com/movie/106773/","https://atemo.co.jp/jinnexorcist/","35.6952","139.7025","「ダイ・ハード2」のレニー・ハーリン監督が、中東の悪霊とエクソシストの戦いを描くアクション映画。配給はAtemo。上映劇場は109シネマズの公開予定ページで確認できた。",""
"215","ヴェリティ 真実","","foreign","new","東京都・新宿区","109シネマズ","https://109cinemas.net/premiumshinjuku/","tokyo","2026-11-06","","","","","","","","","","","","","","","","","","","","要問合せ","","","","","","","","映画.com","https://eiga.com/movie/106119/","https://verity-shinjitsu.jp","35.6952","139.7025","コリーン・フーバーの同名ベストセラー小説を、アン・ハサウェイ主演で映画化したミステリー。配給はソニー・ピクチャーズエンタテインメント。上映劇場は109シネマズの公開予定ページで確認できた。",""
"216","3ミリの恋","","jp-live","new","東京都・新宿区","109シネマズ","https://109cinemas.net/premiumshinjuku/","tokyo","2026-11-06","","","","","","","","","","","","","","","","","","","","要問合せ","","","","","","","","映画.com","https://eiga.com/movie/106216/","","35.6952","139.7025","在日韓国人3世の全辰隆監督が長編商業デビューを飾る恋愛ドラマ。日韓の歴史的背景を抱える男女を描き、配給は東映と東映ビデオ。上映劇場は109シネマズの公開予定ページで確認できた。",""
"217","負けへんで","","jp-live","new","東京都・新宿区","109シネマズ","https://109cinemas.net/premiumshinjuku/","tokyo","2026-11-13","","","","","","","","","","","","","","ムビチケ","","","2026-11-12","23:59","","要問合せ","","","","","","","","映画.com","https://eiga.com/movie/106294/","https://gaga.ne.jp/makehende/","35.6952","139.7025","大阪の不動産デベロッパー社長・山岸忍が、自身に起きた実際の事件をつづった書籍を映画化。配給はギャガ。ムビチケは公開前日まで販売される。上映劇場は109シネマズの公開予定ページで確認できた。",""
"218","ザ・ハウスメAIド 服従","","foreign","new","東京都・新宿区","109シネマズ","https://109cinemas.net/premiumshinjuku/","tokyo","2026-10-23","","","","","","","","","","","","","","","","","","","","要問合せ","","","","","","","","映画.com","https://eiga.com/movie/106736/","https://atemo.co.jp/thehousemAId/","35.6952","139.7025","ミーガン・フォックスが主演を務め、従順な家政婦ロボットが巻き起こす恐怖を描くスリラー。配給はAtemo。上映劇場は109シネマズの公開予定ページで確認できた。R18+指定。",""
"219","フュリアス 怒りの頂上決戦（バトルロワイヤル）","","jp-live","new","東京都・千代田区","TOHOシネマズ|イオンシネマ|109シネマズ|MOVIX|T・ジョイ|ヒューマントラストシネマ","https://www.tohotheater.jp/theater/081/index.html","tokyo","2027-01-29","","","","","","","","","","","","","","ムビチケ前売券","2026-09-19","","","","","要問合せ","","","","","","","","映画.com","https://eiga.com/movie/106359/","https://furious-japan.jp/","35.6749","139.7599","谷垣健治監督のアクション映画。配給はショウゲートで、ムビチケ前売券は9月19日から発売されている。公式の劇場一覧で、関東のTOHOシネマズ・MOVIX・T・ジョイなどでの上映が確認できた。",""
"220","アンダー・ストレージ 未知なる脅威","","foreign","new","東京都・千代田区","TOHOシネマズ|イオンシネマ|MOVIX|T・ジョイ","https://www.tohotheater.jp/theater/081/index.html","tokyo","2027-01-15","","","","","","","","","","","","","","","","","","","","要問合せ","","","","","","","","映画.com","https://eiga.com/movie/105867/","https://understorage-movie.jp/","35.6749","139.7599","ジョニー・キャンベル監督の作品で、配給はキノフィルムズ。公式の劇場一覧でTOHOシネマズ、イオンシネマ、MOVIX、T・ジョイの関東館での上映が確認できた。",""
"221","風暴全史","","foreign","new","東京都・新宿区","シネマート新宿","https://www.cinemart.co.jp/theater/shinjuku/","tokyo","2026-11-06","","","","","","","","","","","","","","","","","","","","一般2,000円/大学生1,500円/シニア1,300円/高校・中学生1,000円/小人1,000円","2000","","","","","2026-10-08","","シネマート新宿公式","https://www.cinemart.co.jp/theater/shinjuku/movie/002579.html","","35.6907","139.7053","香港の汚職捜査官ロクを描く『風暴』シリーズ全5作（2014〜2021年）をルイス・クー主演で一挙上映する特集。『Z風暴』『S風暴』『L風暴』ほか。上映日程は劇場のタイムスケジュールで確認。",""
"222","恋傷","","jp-live","new","東京都・新宿区","シネマート新宿","https://www.cinemart.co.jp/theater/shinjuku/","tokyo","2026-11-27","2026-12-03","","","","","","1週間限定上映","","","","","","","","","","","","","一般2,000円/大学生1,500円/シニア1,300円/高校・中学生1,000円/小人1,000円","2000","","","","","2026-10-08","","シネマート新宿公式","https://www.cinemart.co.jp/theater/shinjuku/movie/002572.html","","35.6907","139.7053","天堂きりんの漫画を森岡利行監督が実写映画化。新婚夫婦と兄夫婦の間に生じる心の亀裂と寂しさを描く群像劇で、高畑結希、内藤秀一郎らが出演。R15+。",""
"223","ごじゃっぺタクシー","","jp-live","new","東京都・新宿区","K's cinema","https://www.ks-cinema.com/","tokyo","2026-10-17","","","","","","","","","","","","","","","","","","","","一般1,800円/大学生・高校生1,500円/シニア1,200円/3歳〜小学生・中学生・障がい者1,000円","1800","","","","","2026-10-08","","K's cinema公式","https://www.ks-cinema.com/movie/gojyappe-taxi/","","35.6935","139.7048","身に覚えのない三千万円の借金通知を受けた男が、謎のタクシー運転手に出会って人生をやり直そうとするヒューマンコメディ。85分。特別鑑賞券は10/16まで1,500円（ネット予約不可）。","10/24〜10/30は上映時間未定"
"224","ワンカモ","","jp-live","new","東京都・新宿区","K's cinema","https://www.ks-cinema.com/","tokyo","2026-10-17","2026-10-30","","","","19:20","","","","","","","","","","","","","","","1,600円均一（各種割引適用不可）","1600","","","","","2026-10-08","","K's cinema公式","https://www.ks-cinema.com/movie/oneandcomon/","","35.6935","139.7048","前田弘二監督による52分の中編。森と都会で出会うはずのなかった二人が、可笑しな一夜を通じて心を寄せ合う。併映の前田監督短編集企画あり。特別鑑賞券は10/16まで1,300円。",""
"225","イエロー・マシマシ・ラプソディ（仮）","","jp-live","new","東京都・新宿区","K's cinema","https://www.ks-cinema.com/","tokyo","2026-10-31","2026-11-06","","","","","","","","","","","","","","","","","","","1,200円均一（各種割引適用不可）","1200","","","","","2026-10-08","","K's cinema公式","https://www.ks-cinema.com/movie/yellomashimashi/","","35.6935","139.7048","結婚一周年の記念日に初ゴールを狙う愛妻家の主人公が、ラーメンのマシマシ注文バトルに巻き込まれる26分の短編コメディ。K's cinemaで1週間上映。",""
"226","NORMAL ノーマル","","foreign","new","東京都・千代田区","TOHOシネマズ|MOVIX|T・ジョイ|USシネマ","https://www.tohotheater.jp/theater/081/index.html","tokyo","2026-12-11","","","","","","","","","","","","","","ムビチケオンライン券","","","2026-12-10","23:59","","要問合せ","","","","","","","","映画.com","https://eiga.com/movie/106060/","https://movies.kadokawa.co.jp/normalmovie/","35.6749","139.7599","『Mr.ノーバディ』のボブ・オデンカークが主演・原案を務める、ミネソタの雪深い町を舞台にしたアクション・スリラー。平穏を求めて赴任した臨時保安官が町ぐるみの狂気と対決する。R15+、配給はKADOKAWA。","ムビチケ前売一般1,700円。購入特典はスマホ壁紙、鑑賞特典はムビチケデジタルカード"
"227","シークレット・エージェント","","foreign","new","東京都・千代田区","TOHOシネマズ|T・ジョイ","https://www.tohotheater.jp/theater/081/index.html","tokyo","2026-12-18","","","","","","","","","","","","","","","","","","","","要問合せ","","","","","","","","映画.com","https://eiga.com/movie/103733/","https://klockworx.com/movies/secretagent/","35.6749","139.7599","1977年、軍事政権下のブラジルを舞台にしたサスペンス。2025年カンヌ国際映画祭で監督賞と主演男優賞を受賞した話題作で、上映時間160分。配給はクロックワークス。関東では一部のシネコンと単館系で上映される。",""
"228","きみに贈る最強のうた","","music","new","東京都・千代田区","TOHOシネマズ","https://www.tohotheater.jp/theater/081/index.html","tokyo","2026-12-25","","","","","","","","","","","","","","ムビチケオンライン券","","","2026-12-24","23:59","","要問合せ","","","","","","","","映画.com","https://eiga.com/movie/105868/","https://powerballad.jp/","35.6749","139.7599","『はじまりのうた』『シング・ストリート』のジョン・カーニー監督の新作。ポール・ラッドとニック・ジョナスが共演する音楽ドラマで、2026年製作のアイルランド・アメリカ合作、98分。配給はキノフィルムズ。","ムビチケ前売一般1,600円"
"229","Y2K","","foreign","new","東京都・葛飾区","MOVIX|ユナイテッド・シネマ|ヒューマントラストシネマ|ピカデリー","https://www.smt-cinema.com/site/kameari/","tokyo","2026-12-25","","","","","","","","","","","","","","ムビチケオンライン券","","","2026-12-24","23:59","","要問合せ","","","","","","","","映画.com","https://eiga.com/movie/103055/","https://synca.jp/y2k/","35.7653","139.8524","2000年問題でバグが発生し人類が滅亡の危機に陥る、A24製作・ジョナ・ヒル製作の青春パニックホラー。R18+指定で、配給は東京テアトルとシンカ。関東ではMOVIXやユナイテッド・シネマなどで上映される。","ムビチケ前売一般1,600円。R18+"
"230","劇場版 メダリスト","げきじょうばんめだりすと","anime","new","東京都・千代田区","TOHOシネマズ|イオンシネマ|109シネマズ|MOVIX|ユナイテッド・シネマ|T・ジョイ|USシネマ","https://www.tohotheater.jp/theater/081/index.html","tokyo","2027-02-19","","","","","","","","","","","","","","ムビチケ前売券（カード）","2026-09-04","","2027-02-18","","数量限定、なくなり次第終了。グッズ付きは別販売","要問合せ","","","","","","","","映画.com","https://eiga.com/movie/105423/","https://medalist-pr.com/","35.6749","139.7599","フィギュアスケートに挑む少女・結束いのりと、コーチの明浦路司の物語を描くアニメ劇場版。中部ブロック大会で優勝し全日本ノービス大会への出場権を得るまでを描く。関東の主要シネコン各チェーンで上映予定。","ムビチケカード1,700円（描き下ろしイラスト2種）。オンライン券もあり"
"231","新文芸坐「公開50周年 大島渚、最大の問題作『愛のコリーダ 修復版』」","","jp-live","revival|special","東京都・豊島区","新文芸坐","https://www.shin-bungeiza.com/","tokyo","2026-10-09","2026-10-21","","2026-10-09|2026-10-11|2026-10-14|2026-10-15|2026-10-16|2026-10-21","","","","","","","","","","","","","","","","","一般1,500円/各種割引1,100円","1500","","","","","2026-10-08","","新文芸坐公式","https://www.shin-bungeiza.com/schedule","","35.7328","139.7136","公開50周年を迎える大島渚監督作『愛のコリーダ 修復版』を6日間上映。10/15は映画評論家・樋口尚文氏の上映後トークつき。R18+のため18歳未満は入場不可。","R18+。10/15は上映後トークあり"
"232","新文芸坐「世界の映画作家vol.267 デヴィッド・リンチ 耽美と迷夢、逡巡する記憶の果てへ」","","foreign","revival|special","東京都・豊島区","新文芸坐","https://www.shin-bungeiza.com/","tokyo","2026-10-24","2026-10-31","","2026-10-24|2026-10-25|2026-10-27|2026-10-28|2026-10-29|2026-10-30|2026-10-31","","","","10/24はオールナイト","","","","","","","","","","","","","通常上映 一般1,500円/各種割引1,100円、オールナイト 一般3,000円/各種割引2,800円","1500","","","","","2026-10-08","","新文芸坐公式","https://www.shin-bungeiza.com/schedule","","35.7328","139.7136","『イレイザーヘッド 4K』『マルホランド・ドライブ 4Kレストア版』『インランド・エンパイア 4K』を取り上げるリンチ特集。10/24は3本を通しで観るオールナイト上映（22:00開始）。","オールナイトは18歳未満入場不可"
"233","新文芸坐シネマテーク vol.58「アラン・カヴァリエ特集 静謐なる不服従」","","foreign","revival","東京都・豊島区","新文芸坐","https://www.shin-bungeiza.com/","tokyo","2026-10-16","2026-10-30","","2026-10-16|2026-10-23|2026-10-30","","19:30","","","","","","","","","","","","","","","2,200円均一（特別興行・クーポン利用不可）","2200","","","","","2026-10-08","","新文芸坐公式","https://www.shin-bungeiza.com/schedule","","35.7328","139.7136","フランスの監督アラン・カヴァリエのリストア版3本『テレーズ』『奇妙な旅』『リベラ・メ』を毎週金曜の夜に1本ずつ上映。10/30は映画批評家・大寺眞輔氏の上映後講義つき。",""
"234","新文芸坐「魔鬼雨 デジタルリマスター版」","","foreign","revival","東京都・豊島区","新文芸坐","https://www.shin-bungeiza.com/","tokyo","2026-10-11","2026-10-16","","2026-10-11|2026-10-15|2026-10-16","","","","","","","","","","","","","","","","","一般1,500円/各種割引1,100円","1500","","","","","2026-10-08","","新文芸坐公式","https://www.shin-bungeiza.com/schedule","","35.7328","139.7136","1975年の米オカルトホラー。悪魔の雨が人間を溶かすという筋立てのB級ホラーをデジタルリマスター版で3日間限定上映する。",""
"235","新文芸坐「悪夢の系譜 4Kデジタル修復版」","","foreign","special","東京都・豊島区","新文芸坐","https://www.shin-bungeiza.com/","tokyo","2026-10-13","2026-10-14","","2026-10-13|2026-10-14","","","","","","","","","","","","","","","","","一般2,000円/各種割引1,300円（特別興行・クーポン利用不可）","2000","","","","","2026-10-08","","新文芸坐公式","https://www.shin-bungeiza.com/schedule","","35.7328","139.7136","1982年の豪・NZ合作サスペンスホラーの4K修復版を2日間上映。10/13は神山大世監督の舞台挨拶つき。","10/13は舞台挨拶あり"
"236","新文芸坐「竜二 レストア＆リマスター版」","","jp-live","new","東京都・豊島区","新文芸坐","https://www.shin-bungeiza.com/","tokyo","2026-11-06","2026-11-12","","","","","","","","","","","","","","","","","","","一般2,000円/各種割引1,300円（特別興行・クーポン・ムビチケ利用不可）","2000","","","","","2026-10-08","","新文芸坐公式","https://www.shin-bungeiza.com/schedule","","35.7328","139.7136","金子正次主演・脚本、川島透監督の1983年作をレストア＆リマスター版でロードショー上映。上映時間は調整中。","上映時間調整中（2026-10-08時点）。紙の前売券1,600円を劇場限定で販売"
"237","早稲田松竹「トニー滝谷 4Kリマスター版／Love Letter 4Kリマスター」","","jp-live","revival","東京都・新宿区","早稲田松竹","","tokyo","2026-10-17","2026-10-23","","","","","","","","","","","","","","","","","","","一般1,500円/学生1,200円/シニア・小学生1,100円","1500","","","","","2026-10-01","","早稲田松竹公式","https://wasedashochiku.co.jp/","","35.7133","139.7036","市川準『トニー滝谷』と岩井俊二『Love Letter』をいずれも4Kリマスター版で組む二本立て。特別モーニング＆レイトショーとして『蝶の眠り』も上映。",""
"238","早稲田松竹「クレール・ドゥニ監督特集＋『赤い唇』」","","foreign","revival","東京都・新宿区","早稲田松竹","","tokyo","2026-10-31","2026-11-06","","","","","","","","","","","","","","","","","","","一般1,500円/学生1,200円/シニア・小学生1,100円","1500","","","","","2026-10-01","","早稲田松竹公式","https://wasedashochiku.co.jp/","","35.7133","139.7036","『美しき仕事』『ネネットとボニ』の二本立てに、特別興行として『ガーゴイル 4Kレストア版』『赤い唇』を加えたクレール・ドゥニ特集。",""
"239","沼影市民プール","","doc","new","神奈川県・横浜市中区","横浜シネマリン","https://cinemarine.co.jp/","kanagawa","2026-10-03","","","","","","","","","","","","","","","","","","","","一般1,900円/会員・大専・シニア1,300円/高校生以下800円","1900","","","","","2026-10-08","","横浜シネマリン公式","https://cinemarine.co.jp/","","35.4420","139.6375","とあるプールが閉館するまでの49日間を記録したドキュメンタリー。初日には太田信吾監督の舞台挨拶があった。",""
"240","ヒンド・ラジャブの声","","foreign|doc","new","神奈川県・横浜市中区","横浜シネマリン","https://cinemarine.co.jp/","kanagawa","2026-10-03","","","","","","","","","","","","","","","","","","","","一般1,900円/会員・大専・シニア1,300円/高校生以下800円","1900","","","","","2026-10-08","","横浜シネマリン公式","https://cinemarine.co.jp/","","35.4420","139.6375","2024年にガザで助けを求めた6歳の少女の通話音声をもとに、救助に向き合った人々を描くチュニジア・フランス作品。",""
"241","オービュッソンのタピスリーで綴る宮崎駿の世界","","doc|anime","special","神奈川県・横浜市中区","横浜シネマリン","https://cinemarine.co.jp/","kanagawa","2026-10-03","2026-10-09","","","","","","","","","","","","","","","","","","","一般1,800円/横浜シネマリン会員・アンスティチュ・フランセ会員・大専・シニア1,300円/高校生以下800円","1800","","","","","2026-10-08","","横浜シネマリン公式","https://cinemarine.co.jp/","","35.4420","139.6375","宮崎駿作品を巨大タピスリーで織り上げる制作過程を追ったフランスの52分のドキュメンタリー。横浜日仏学院との共催で1週間限定。",""
"242","MOTHERLAND マザーランド","","foreign","new","神奈川県・横浜市中区","横浜シネマリン","https://cinemarine.co.jp/","kanagawa","2026-10-03","2026-10-09","","","","","","","","","","","","","","","","","","","一般1,900円/会員・大専・シニア1,300円/高校生以下800円","1900","","","","","2026-10-08","","横浜シネマリン公式","https://cinemarine.co.jp/","","35.4420","139.6375","母の生まれたリトアニアで過ごす夏を描くリトアニア・ラトビア・ドイツ・ギリシャ合作。1週間限定上映。","初日来場者プレゼントあり（先着）"
"243","セックス・ピストルズ 破壊の設計図","","foreign|doc|music","new","神奈川県・横浜市中区","横浜シネマリン","https://cinemarine.co.jp/","kanagawa","2026-10-03","","","","","","","","","","","","","","","","","","","","一般1,900円/会員・大専・シニア1,300円/高校生以下800円","1900","","","","","2026-10-08","","横浜シネマリン公式","https://cinemarine.co.jp/","","35.4420","139.6375","1970年代ロンドンでパンクロックが誕生した経緯を、元メンバーの回想録を原作に描く音楽ドキュメンタリー。",""
"244","戦場0地点","","foreign|doc","new","神奈川県・横浜市中区","横浜シネマリン","https://cinemarine.co.jp/","kanagawa","2026-09-26","","","","","","","","","","","","","","","","","","","","一般1,900円/会員・大専・シニア1,300円/高校生以下800円","1900","","","","","2026-10-08","","横浜シネマリン公式","https://cinemarine.co.jp/","","35.4420","139.6375","『マリウポリの20日間』監督の最新作。兵士のヘルメットカメラ映像でウクライナ侵攻最前線を伝える。",""
"245","声をあげるということ－性犯罪 刑法改正の記録－","","doc","new","神奈川県・横浜市中区","横浜シネマリン","https://cinemarine.co.jp/","kanagawa","2026-09-26","","","","","","","","","","","","","","","","","","","","一般1,900円/会員・大専・シニア1,300円/高校生以下800円","1900","","","","","2026-10-08","","横浜シネマリン公式","https://cinemarine.co.jp/","","35.4420","139.6375","性犯罪の刑法改正に向けて声をあげた人々の歩みを記録したドキュメンタリー。9/26に監督舞台挨拶があった。",""
"246","竜二 レストア＆リマスター版","","jp-live","revival","神奈川県・横浜市中区","横浜シネマリン","https://cinemarine.co.jp/","kanagawa","2026-10-31","2026-11-06","","","","","","","","","","","","","全国共通特別鑑賞券（1,600円・当館受付で販売中）","","","","","","一般1,900円/会員・大専・シニア1,300円/高校生以下800円","1900","","","","","2026-10-08","","横浜シネマリン公式","https://cinemarine.co.jp/","","35.4420","139.6375","金子正次の初主演作・川島透監督の第1作（1983年）のレストア＆リマスター版。1週間限定上映。","全国共通特別鑑賞券1,600円を当館受付で販売中"
"247","A Window of Memories","","jp-live|doc","new","神奈川県・横浜市中区","横浜シネマリン","https://cinemarine.co.jp/","kanagawa","2026-11-07","2026-11-13","","","","","","","","","","","","","","","","","","","一般1,900円/会員・シニア1,300円/大専・高校生以下500円（学生応援プライス500）","1900","","","","","2026-10-08","","横浜シネマリン公式","https://cinemarine.co.jp/","","35.4420","139.6375","二人の祖母と編んだ暮らしの物語を、聞き書きの手法で映画にした清原惟監督作。11/8に監督舞台挨拶あり。1週間限定。","11/8(日)上映後、清原惟監督の舞台挨拶あり"
"248","魂のきせき","","jp-live|doc","new","神奈川県・横浜市中区","横浜シネマリン","https://cinemarine.co.jp/","kanagawa","2026-11-14","","","","","","","","","","","","","","","","","","","","一般1,900円/会員・シニア1,300円/大専・高校生以下500円（学生応援プライス500）","1900","","","","","2026-10-08","","横浜シネマリン公式","https://cinemarine.co.jp/","","35.4420","139.6375","「映画に何ができるのか」を問う小林茂監督作品。初日に監督の舞台挨拶あり。","11/14(土)上映後、小林茂監督の舞台挨拶あり"
"249","京都ALS患者嘱託殺人事件","","doc","new","神奈川県・横浜市中区","横浜シネマリン","https://cinemarine.co.jp/","kanagawa","2026-11-14","","","","","","","","","","","","","","","","","","","","一般1,900円/会員・シニア1,300円/大専・高校生以下500円（学生応援プライス500）","1900","","","","","2026-10-08","","横浜シネマリン公式","https://cinemarine.co.jp/","","35.4420","139.6375","ALS患者の嘱託殺人事件で、死の直前まで続いた二人のやり取りをたどるドキュメンタリー。",""
"250","さよなら、私のロシア","","foreign|doc","new","神奈川県・横浜市中区","横浜シネマリン","https://cinemarine.co.jp/","kanagawa","2026-11-14","","","","","","","","","","","","","","","","","","","","一般1,900円/会員・シニア1,300円/大専・高校生以下500円（学生応援プライス500）","1900","","","","","2026-10-08","","横浜シネマリン公式","https://cinemarine.co.jp/","","35.4420","139.6375","ロシア出身のジャーナリストが母として、報道者として向き合う葛藤を描くクロアチア・オランダ・フランス作品。",""
"251","東京上空300メートル","","doc","new","神奈川県・横浜市中区","横浜シネマリン","https://cinemarine.co.jp/","kanagawa","2026-11-21","","","","","","","","","","","","","","","","","","","","一般1,900円/会員・シニア1,300円/大専・高校生以下500円（学生応援プライス500）","1900","","","","","2026-10-08","","横浜シネマリン公式","https://cinemarine.co.jp/","","35.4420","139.6375","首都上空を飛ぶ米軍ヘリの実態を追った毎日新聞の調査報道をもとにした長編ドキュメンタリー。",""
"252","ムクドリと人生とレモンパスタ","","foreign","new","神奈川県・横浜市中区","横浜シネマリン","https://cinemarine.co.jp/","kanagawa","2026-11-28","","","","","","","","","","","","","","","","","","","","一般1,900円/会員・大専・シニア1,300円/高校生以下800円","1900","","","","","2026-10-08","","横浜シネマリン公式","https://cinemarine.co.jp/","","35.4420","139.6375","イザベル・コイシェ監督最新作。イタリア・スペイン合作で、危機の1年を3つのボウルの儀式で乗り越える女性の物語。",""
"253","戦場のボヘミアン カメラマン 石川文洋","","doc","new","神奈川県・横浜市中区","横浜シネマリン","https://cinemarine.co.jp/","kanagawa","2026-12-05","","","","","","","","","","","","","","","","","","","","一般1,900円/会員・大専・シニア1,300円/高校生以下800円","1900","","","","","2026-10-08","","横浜シネマリン公式","https://cinemarine.co.jp/","","35.4420","139.6375","ベトナム戦争を撮影した報道写真家・石川文洋の足跡を追うドキュメンタリー。",""
"254","プリズン・サークル","","doc","revival","神奈川県・横浜市中区","横浜シネマリン","https://cinemarine.co.jp/","kanagawa","2026-12-05","2026-12-11","","","","","","","","","","","","","","","","","","","一般1,900円/会員・大専・シニア1,300円/高校生以下800円","1900","","","","","2026-10-08","","横浜シネマリン公式","https://cinemarine.co.jp/","","35.4420","139.6375","日本の刑務所に初めてカメラを入れた坂上香監督のドキュメンタリー。『コール＆レスポンス』公開に合わせた1週間限定上映。",""
"255","恋する地球人 ‐劇場特別版‐","","jp-live","new","神奈川県・横浜市中区","横浜シネマリン","https://cinemarine.co.jp/","kanagawa","2026-12-11","","","","","","","","","","","","","","","","","","","","一般1,900円/会員・大専・シニア1,300円/高校生以下800円","1900","","","","","2026-10-08","","横浜シネマリン公式","https://cinemarine.co.jp/","","35.4420","139.6375","『カメラを止めるな！』の上田慎一郎監督の最新作の劇場特別版。",""
"256","まさゆめ","","jp-live|doc","new","神奈川県・横浜市中区","横浜シネマリン","https://cinemarine.co.jp/","kanagawa","2026-12-19","","","","","","","","","","","","","","","","","","","","一般1,900円/会員・大専・シニア1,300円/高校生以下800円","1900","","","","","2026-10-08","","横浜シネマリン公式","https://cinemarine.co.jp/","","35.4420","139.6375","映像作家・ダンサー吉開菜央が母の死の後に撮った「オン・スクリーン・エクササイズ」。",""
"257","うそがほんとに ほんとがうそに","","doc","new","神奈川県・横浜市中区","横浜シネマリン","https://cinemarine.co.jp/","kanagawa","2026-12-26","","","","","","","","","","","","","","","","","","","","一般1,900円/会員・大専・シニア1,300円/高校生以下800円","1900","","","","","2026-10-08","","横浜シネマリン公式","https://cinemarine.co.jp/","","35.4420","139.6375","冤罪に巻き込まれた袴田巖さん・石川一雄さんと家族を追うドキュメンタリー。",""
"258","宝島","","jp-live","new","神奈川県・川崎市麻生区","川崎市アートセンター","https://kawasaki-ac.jp/","kanagawa","2026-10-03","2026-10-09","","","","","","","","","","","","","","","","","","","一般2,000円/シニア・会員1,300円/大学・専門学校生1,000円/障がい者・付添(1名まで)1,000円/高校生以下800円","2000","","","","","2026-10-08","","川崎市アートセンター公式","https://kawasaki-ac.jp/movie/theater/detail/?id=002520","https://www.takarajima-movie.jp/","35.6015","139.5035","米軍統治下の沖縄で“戦果アギヤー”と呼ばれた若者3人の20年を、コザ暴動を軸に描く3時間11分の大作。10/9が最終日。","休映日は10/5"
"259","ポンペイ、雲の下に生きる","","doc|foreign","new","神奈川県・川崎市麻生区","川崎市アートセンター","https://kawasaki-ac.jp/","kanagawa","2026-10-03","2026-10-23","","","","","","","","","","","","","","","","","","","一般2,000円/シニア・会員1,300円/大学・専門学校生1,000円/障がい者・付添(1名まで)1,000円/高校生以下800円","2000","","","","","2026-10-08","","川崎市アートセンター公式","https://kawasaki-ac.jp/movie/theater/detail/?id=002509","https://www.bitters.co.jp/pompei/","35.6015","139.5035","ジャンフランコ・ロージ監督が、ポンペイ遺跡とナポリの街に暮らす人々を白黒で撮ったイタリアのドキュメンタリー。ヴェネチア国際映画祭審査員特別賞。","休映日は10/5・10/13・10/19"
"260","美しく、黙りなさい","","doc|foreign","revival","神奈川県・川崎市麻生区","川崎市アートセンター","https://kawasaki-ac.jp/","kanagawa","2026-10-10","2026-10-16","","","","","","","","","","","","","","","","","","","一般2,000円/シニア・会員1,300円/大学・専門学校生1,000円/障がい者・付添(1名まで)1,000円/高校生以下800円","2000","","","","","2026-10-08","","川崎市アートセンター公式","https://kawasaki-ac.jp/movie/theater/detail/?id=002513","https://moviola.jp/sbett/","35.6015","139.5035","1976年、女優デルフィーヌ・セリッグが23人の女優に職業観を問うインタビュー集。ジェーン・フォンダらが登場。","休映日は10/13"
"261","メレディス・モンク 踊る声、歌う身体","","doc|music","new","神奈川県・川崎市麻生区","川崎市アートセンター","https://kawasaki-ac.jp/","kanagawa","2026-10-10","2026-10-16","","","","","","","","","","","","","","","","","","","一般2,000円/シニア・会員1,300円/大学・専門学校生1,000円/障がい者・付添(1名まで)1,000円/高校生以下800円","2000","","","","","2026-10-08","","川崎市アートセンター公式","https://kawasaki-ac.jp/movie/theater/detail/?id=002512","https://www.mm-dancingvoice.com/","35.6015","139.5035","作曲家・歌手・振付家メレディス・モンク（83歳）の創作と人生を追う音楽ドキュメンタリー。ビョークらも登場。","休映日は10/13"
"262","ニホンジン","","anime|foreign","new","神奈川県・川崎市麻生区","川崎市アートセンター","https://kawasaki-ac.jp/","kanagawa","2026-10-10","2026-10-16","","","","","","","","","","","","","","","","","","","一般2,000円/シニア・会員1,300円/大学・専門学校生1,000円/障がい者・付添(1名まで)1,000円/高校生以下800円","2000","","","","","2026-10-08","","川崎市アートセンター公式","https://kawasaki-ac.jp/movie/theater/detail/?id=002511","https://nihonjin.2-meter.net/home","35.6015","139.5035","ブラジル日系3世の10歳の少年が自らのルーツを調べる宿題を通じて祖父の過去に向き合うブラジルのアニメ映画。","休映日は10/13"
"263","眺めのいい部屋 4K","","foreign","revival","神奈川県・川崎市麻生区","川崎市アートセンター","https://kawasaki-ac.jp/","kanagawa","2026-10-10","2026-10-23","","","","","","","","","","","","","","","","","","","一般2,000円/シニア・会員1,300円/大学・専門学校生1,000円/障がい者・付添(1名まで)1,000円/高校生以下800円","2000","","","","","2026-10-08","","川崎市アートセンター公式","https://kawasaki-ac.jp/movie/theater/detail/?id=002510","https://www.zaziefilms.com/nagame/","35.6015","139.5035","1986年のジェームズ・アイヴォリー監督作を4Kで上映。フィレンツェを旅する令嬢ルーシーの恋を描く。10/21には保育付き上映（要予約）。","休映日は10/13・10/19。10/21(水)10:00の回は保育付き上映（要予約）"
"264","ドラッグストア・カウボーイ デジタルリマスター版","","foreign","revival","神奈川県・川崎市麻生区","川崎市アートセンター","https://kawasaki-ac.jp/","kanagawa","2026-10-17","2026-10-23","","","","","","","","","","","","","","","","","","","一般2,000円/シニア・会員1,300円/大学・専門学校生1,000円/障がい者・付添(1名まで)1,000円/高校生以下800円","2000","","","","","2026-10-08","","川崎市アートセンター公式","https://kawasaki-ac.jp/movie/theater/detail/?id=002521","https://portland-movie.jp/","35.6015","139.5035","ガス・ヴァン・サント監督の1989年作をデジタルリマスターで上映。ドラッグストアを襲う薬物中毒者グループを描く。","休映日は10/19"
"265","ザ・コラール 希望を紡ぐ歌","","foreign|music","new","神奈川県・川崎市麻生区","川崎市アートセンター","https://kawasaki-ac.jp/","kanagawa","2026-10-17","2026-10-23","","","","","","","","","","","","","","","","","","","一般2,000円/シニア・会員1,300円/大学・専門学校生1,000円/障がい者・付添(1名まで)1,000円/高校生以下800円","2000","","","","","2026-10-08","","川崎市アートセンター公式","https://kawasaki-ac.jp/movie/theater/detail/?id=002514","https://longride.jp/choral/","35.6015","139.5035","第1次世界大戦下の英ヨークシャーで、敵国音楽を排除された合唱団の再起を描く。レイフ・ファインズ出演。副音声ガイド付き上映は要予約。","休映日は10/19。10/17・18・21 12:30の回は副音声イヤホンガイド付き（要予約）"
"266","マイ・プライベート・アイダホ デジタルリマスター版","","foreign","revival","神奈川県・川崎市麻生区","川崎市アートセンター","https://kawasaki-ac.jp/","kanagawa","2026-10-24","2026-10-30","","","","","","","","","","","","","","","","","","","一般2,000円/シニア・会員1,300円/大学・専門学校生1,000円/障がい者・付添(1名まで)1,000円/高校生以下800円","2000","","","","","2026-10-08","","川崎市アートセンター公式","https://kawasaki-ac.jp/movie/theater/detail/?id=002522","https://portland-movie.jp/","35.6015","139.5035","リヴァー・フェニックスとキアヌ・リーヴスの共演で知られる1991年のガス・ヴァン・サント作品を、デジタルリマスターで上映。","休映日は10/26"
"267","デッドマンズ・ワイヤー","","foreign","new","神奈川県・川崎市麻生区","川崎市アートセンター","https://kawasaki-ac.jp/","kanagawa","2026-10-24","2026-10-30","","","","","","","","","","","","","","","","","","","一般2,000円/シニア・会員1,300円/大学・専門学校生1,000円/障がい者・付添(1名まで)1,000円/高校生以下800円","2000","","","","","2026-10-08","","川崎市アートセンター公式","https://kawasaki-ac.jp/movie/theater/detail/?id=002519","https://movies.kadokawa.co.jp/deadmanswire/","35.6015","139.5035","1977年の人質事件をガス・ヴァン・サント監督が映画化。ビル・スカルスガルドとアル・パチーノが出演する。","休映日は10/26"
"268","第15回 茅ヶ崎映画祭","ちがさきえいがさい","jp-live","festival","神奈川県・茅ヶ崎市","茅ヶ崎館ほか（スタジオカフェバル TODO・CREATIVE SPACE HAYASHI）","","kanagawa","2026-10-10","2026-11-23","","2026-10-10|2026-10-18|2026-10-31|2026-11-01|2026-11-08|2026-11-23","","","","会場・作品は日により異なる","","","","","","","","","","","","","1,000円（夜明け・狐の嫁入り。会場により＋オーダー）","","","","","","2026-10-08","","公式サイト","https://chigasaki.cinema-festival.com/","https://chigasaki.cinema-festival.com/","","","市民有志による手づくりの映画祭で、15回目の今年は10/10から11/23まで会期中の6日に分けて開催。特別招待作は広瀬奈々子監督の長編デビュー作『夜明け』(10/18・上映後トーク)、最終日は小津『秋刀魚の味』。会場ごとに定員20〜50名程度で予約制の回が多い。","夜明けの回はPeatixで予約・定員50名。回ごとに会場・定員が異なる"
"269","Japan World Film Festival 2026 in 那珂川町","じゃぱんわーるどえいがさい","foreign","festival","栃木県・那珂川町","町立小川総合福祉センター あじさいホール","","tochigi","2026-10-24","2026-10-25","","2026-10-24|2026-10-25","9:30","10:00","","","","","","","","","","","","","","","無料（一部のVIP交流イベント等を除く）","","","","","","2026-10-08","","JWFF公式サイト","https://www.jwff.jp/2026/09/04/jwff_nakagawa2026/","https://jwff.jp/","","","世界各国のインディペンデント短編映画を那珂川町で上映する2日間の移動型映画祭。那珂川町ロケ作『石はなお白く』の世界最速上映と舞台挨拶、オーガニック食をめぐるトーク、刀匠とのワークショップなどが付く。入場無料、無料駐車場あり。",""
"270","第25回 伊参スタジオ映画祭","いさますたじおえいがさい","jp-live","festival","群馬県・中之条町","伊参スタジオ公園 体育館","","gunma","2026-11-07","2026-11-08","","2026-11-07|2026-11-08","","","","前売券は入金確認が10/29まで（窓口販売は11/4まで）","","","","","","","前売券（各日1,000円）","2026-10-07","09:00","2026-10-29","","","前売1,000円/当日1,500円（各日・全席自由）","1500","1000","33","前売券","","2026-10-08","2026-10-29までに入金（前売券）","公式サイト","https://isama-cinema.jp/isama2026/ticket2026.html","https://isama-cinema.jp/","","","旧中学校跡の伊参スタジオ公園体育館で開く、山の中の小さな映画祭。2日間にわたり上映作品を並べ、各日定員320名の全席自由席。体育館の暖房は十分でないため防寒が必要。",""
"271","那須ショートフィルムフェスティバル2026 那須アワード2026","なすしょーとふぃるむふぇすてぃばる","foreign|fam","festival","栃木県・那須町","エチゴビール那須工場 特設会場","","tochigi","2026-11-07","2026-11-14","","","","","","11/9は休映","","","","","","","","","","","","","1プログラム800円/5枚綴3,000円/パスポート5,000円（当日・現金のみ）","","","","","","2026-10-08","","公式サイト","https://filmfest.nasu-fc.com/ticket/","https://filmfest.nasu-fc.com/","","","那須独自の短編映画賞「那須アワード」の応募336作から選ばれた自由部門29作品を5プログラムに分けて上映し、最終日にグランプリを発表。特別長編プログラムも併映。ワークショップは無料、中学生以下は無料。前売券なし。","前売券なし。会期は公式チケットページの表記（他サイトは11/15終了）"
"272","前橋シネマハウス「すべての人がめぶく映画祭」","","doc|foreign","festival|revival","群馬県・前橋市","前橋シネマハウス（アーツ前橋3F）","","gunma","2026-10-17","2026-12-18","","","","","","1作品ずつ週替わり（毎週土曜入替）","","","","s-maecine-mebuku2026","","","","","","","","","一般1,500円/高校生以下500円（前橋国際芸術祭パスポート提示で1,000円）","1500","1000","33","前橋国際芸術祭2026パスポートチケット","","2026-10-08","前橋国際芸術祭2026パスポートチケット提示（3回まで）","前橋国際芸術祭","https://maebashi-biennale.com/events/626/","https://maecine.com/","","","前橋国際芸術祭2026のテーマ「めぶく。」に合わせ、ミニシアターが組む週替わり9作品の特集。『ビッグ・リトル・ファーム』『人生フルーツ』などドキュメンタリー中心に、ペルー・フランス・フィンランド・スウェーデンの作品も並ぶ。",""
"273","吉開菜央特集上映","よしがいなお","jp-live","special","群馬県・前橋市","前橋シネマハウス（アーツ前橋3F）","","gunma","2026-10-12","2026-10-12","","","13:45","14:00","","アフタートークあり（16:45〜）","","","","","","","","","","","","","前橋国際芸術祭2026パスポートチケットの提示が必要","","","","","","2026-10-08","","前橋国際芸術祭","https://maebashi-biennale.com/events/623/","https://maecine.com/","","","鑑賞者の身体感覚を揺さぶる「触覚映画」で知られる吉開菜央の短編・中編を2プログラムで上映する1日限り（10/12）の特集。『Shari』『風呼び』ほか、上映後に本人とキュレーターのアフタートークがある。",""
"274","ガールズ＆パンツァー 最終章 第5話 上映記念舞台挨拶 生中継（LIVE ZOUND）","がーるずあんどぱんつぁー","anime","special","神奈川県・川崎市川崎区","川崎チネチッタ","https://cinecitta.co.jp/","kanagawa","2026-10-10","2026-10-10","","","","8:55","","上映後に舞台挨拶を中継（会場に登壇者なし）","","","","","","","チネット・劇場窓口","2026-10-07","00:00","","","","2,500円均一（LIVE ZOUND音響は+300円）","","","","","","2026-10-08","","チネチッタ公式","https://cinecitta.co.jp/event/483","https://girls-und-panzer-finale.jp/","","","第5話公開記念の舞台挨拶を、10/10朝8:55の回の上映後に中継で見る回。上映は岩浪美和音響監督監修の7.1chチネチッタMix（LIVE ZOUND）。ムビチケ・各種割引は使えない特別興行で、チケットはチネット等で販売。","ムビチケ・各種割引・クーポン使用不可。登壇者は中継のみ"
"275","＜11月月曜名画座＞仁義","じんぎ","foreign","revival","千葉県・千葉市","千葉県生涯学習センター 2Fホール","https://chiba-gakushu.jp/","chiba","2026-11-09","2026-11-09","","","","10:00","","①10:00〜12:20 ②14:00〜16:20の2回上映","","","","","","","","","","","","","無料","","","","","","2026-10-08","","千葉県生涯学習センター","https://chiba-gakushu.jp/event/%ef%bc%9c11%e6%9c%88%e6%9c%88%e6%9b%9c%e5%90%8d%e7%94%bb%e5%ba%a7%ef%bc%9e%e3%80%8c%e4%bb%81%e7%be%a9%e3%80%8d/","","","","メルヴィル監督、アラン・ドロン出演の1970年フランス製モノクロ作品を、県生涯学習センターのホールで1日2回上映する名画座企画。各回定員300人、誰でも無料。","当日先着・整理券配布（上映30分前から）。途中入場不可"
"276","＜11月木曜名画座＞死刑台のエレベーター","しけいだいのえれべーたー","foreign","revival","千葉県・千葉市","千葉県生涯学習センター 2Fホール","https://chiba-gakushu.jp/","chiba","2026-11-26","2026-11-26","","","","10:00","","①10:00〜11:35 ②14:00〜15:35の2回上映","","","","","","","","","","","","","無料","","","","","","2026-10-08","","千葉県生涯学習センター","https://chiba-gakushu.jp/event/%ef%bc%9c11%e6%9c%88%e6%9c%a8%e6%9b%9c%e5%90%8d%e7%94%bb%e5%ba%a7%ef%bc%9e%e3%80%8c%e6%ad%bb%e5%88%91%e5%8f%b0%e3%81%ae%e3%82%a8%e3%83%ac%e3%83%99%e3%83%bc%e3%82%bf%e3%83%bc%e3%80%8d/","","","","ルイ・マル監督、ジャンヌ・モロー主演の1958年フランス製モノクロ作品を、県生涯学習センターのホールで1日2回上映する名画座企画。各回定員300人、誰でも無料。","当日先着・整理券配布（上映30分前から）。途中入場不可"
"277","シンプル・アクシデント／偶然","","foreign","new","埼玉県・川越市","川越スカラ座","https://k-scalaza.com/","saitama","2026-10-10","2026-10-16","","","","","","1週間限定","","","","","","","","","","","","","一般1,700円/シニア1,300円/U25・障がい者1,000円/高校生500円/小中学生800円（月曜は誰でも1,300円）","1700","","","","","2026-10-08","","川越スカラ座","https://k-scalaza.com/more/more.html","","","","ジャファル・パナヒ監督が自身の二度の投獄経験などから着想した、ある偶然の事故を発端に復讐の是非を問うサスペンス。川越スカラ座では1週間限定、103分。","予約不可・当日券のみ。上映開始30分以降は入場不可。火・水曜休館"
"278","大丈夫、大丈夫、大丈夫！","","foreign","new","埼玉県・川越市","川越スカラ座","https://k-scalaza.com/","saitama","2026-10-24","2026-10-30","","","","","","1週間限定","","","","","","","","","","","","","一般1,700円/シニア1,300円/U25・障がい者1,000円/高校生500円/小中学生800円（月曜は誰でも1,300円）","1700","","","","","2026-10-08","","川越スカラ座","https://k-scalaza.com/more/more.html","","","","母を失い家を追い出された高校生イニョンが、所属する芸術団の練習室で隠れて暮らす韓国映画（102分）。1週間限定上映で、本作のムビチケは使えない。","予約不可・当日券のみ。本作のムビチケは使用不可。上映開始30分以降は入場不可"
"279","新凱旋門物語","","foreign","new","埼玉県・川越市","川越スカラ座","https://k-scalaza.com/","saitama","2026-10-24","2026-10-30","","","","","","1週間限定","","","","","","","","","","","","","一般1,700円/シニア1,300円/U25・障がい者1,000円/高校生500円/小中学生800円（月曜は誰でも1,300円）","1700","","","","","2026-10-08","","川越スカラ座","https://k-scalaza.com/more/more.html","","","","パリの新凱旋門（グランダルシュ）完成の裏にあった、名もなき建築家の運命を史実に基づいて描くフランス映画（106分）。1週間限定上映。","予約不可・当日券のみ。上映開始30分以降は入場不可。火・水曜休館"
"280","プーチンの愛国教室","","doc","new","埼玉県・川越市","川越スカラ座","https://k-scalaza.com/","saitama","2026-10-24","2026-11-06","","","","","","","","","","","","","","","","","","","一般1,700円/シニア1,300円/U25・障がい者1,000円/高校生500円/小中学生800円（月曜は誰でも1,300円）","1700","","","","","2026-10-08","","川越スカラ座","https://k-scalaza.com/more/more.html","","","","ウラル山脈の麓の小さな学校を舞台に、2022年のウクライナ侵攻を機に教室が一変していく様子を記録したドキュメンタリー。2週間上映。","予約不可・当日券のみ。上映開始30分以降は入場不可。火・水曜休館"
"281","猫たちと7000マイルの旅","","doc|fam","new","埼玉県・川越市","川越スカラ座","https://k-scalaza.com/","saitama","2026-10-31","2026-11-06","","","","","","1週間限定","","","","","","","","","","","","","一般1,700円/シニア1,300円/U25・障がい者1,000円/高校生500円/小中学生800円（月曜は誰でも1,300円）","1700","","","","","2026-10-08","","川越スカラ座","https://k-scalaza.com/more/more.html","","","","米国の猫カフェ経営者が、カタールの野良猫25匹を米国へ移送し新しい家族を探すドキュメンタリー（95分）。11月1日の上映後に保護猫譲渡会を予定。","予約不可・当日券のみ。上映時間未定（10/8時点）。11/1上映後に保護猫譲渡会予定"
"282","モネと時間旅行","","foreign","new","群馬県・高崎市","シネマテークたかさき","https://takasaki-cc.jp/","gunma","2026-10-02","2026-10-15","","","","","","","","","","","","","","","","","","","一般1,800円/大学・専門学校生1,400円/高校生以下1,000円/シニア(60歳以上)1,100円/レイト1,400円","1800","","","","","2026-10-08","","シネマテークたかさき","https://takasaki-cc.jp/films/?movieId=1964","","36.3236","139.0056","セドリック・クラピッシュ監督作（126分）。パリの青年セブが、先祖アデルの遺した屋敷に集められた親族と過ごすうち、印象派誕生の時代と記憶がつながっていく。高崎では2週間上映。",""
"283","スワロウテイル ４Kリマスター","","jp-live","revival","群馬県・高崎市","シネマテークたかさき","https://takasaki-cc.jp/","gunma","2026-10-02","2026-10-15","","","","","","","","","","","","","","","","","","","一般1,800円/大学・専門学校生1,400円/高校生以下1,000円/シニア(60歳以上)1,100円/レイト1,400円","1800","","","","","2026-10-08","","シネマテークたかさき","https://takasaki-cc.jp/films/?movieId=1967","","36.3236","139.0056","岩井俊二監督作（148分）の4Kリマスター版。円が世界一強かった時代の架空の街「円都」を舞台に、娼婦グリコと少女アゲハたちの暮らしを描く。高崎では2週間上映。",""
"284","しらぬひ","","anime","new","群馬県・高崎市","シネマテークたかさき","https://takasaki-cc.jp/","gunma","2026-10-02","2026-10-15","","","","","","","","","","","","","","","","","","","一般1,800円/大学・専門学校生1,400円/高校生以下1,000円/シニア(60歳以上)1,100円/レイト1,400円","1800","","","","","2026-10-08","","シネマテークたかさき","https://takasaki-cc.jp/films/?movieId=1966","","36.3236","139.0056","1996年夏の終わり、熊本の海辺の町で父と暮らす10歳の少年が、願いを叶える海の光に祈った末に辿り着く愛の物語。36分の短編で、あの・花澤香菜・三木眞一郎が声の出演。",""
"285","ナギダイアリー","","jp-live","new","群馬県・高崎市","シネマテークたかさき","https://takasaki-cc.jp/","gunma","2026-09-25","","","","","","","終了未定","","","","","","","","","","","","","一般1,800円/大学・専門学校生1,400円/高校生以下1,000円/シニア(60歳以上)1,100円/レイト1,400円","1800","","","","","2026-10-08","","シネマテークたかさき","https://takasaki-cc.jp/films/?movieId=1949","","36.3236","139.0056","深田晃司監督作（110分）。自然豊かな町で創作に打ち込む彫刻家・寄子のもとへ、友人の建築家が数日間滞在する。松たか子・石橋静河らが出演。","10/11・12・13は日本語字幕付き上映"
"286","undo ＋ PiCNiC 4Kリマスター","","jp-live","revival","群馬県・高崎市","シネマテークたかさき","https://takasaki-cc.jp/","gunma","2026-10-02","2026-10-14","","","","","","","","","","","","","","","","","","","一般1,800円/大学・専門学校生1,400円/高校生以下1,000円/シニア(60歳以上)1,100円/レイト1,400円","1800","","","","","2026-10-08","","シネマテークたかさき","https://takasaki-cc.jp/films/?movieId=1968","","36.3236","139.0056","岩井俊二監督の初期作「undo」「PiCNiC」を併映する4Kリマスター版（119分）。山口智子・豊川悦司、Chara・浅野忠信らが出演。高崎では約2週間上映。",""
"287","ナイトボーン -夜哭-","","foreign","new","群馬県・高崎市","シネマテークたかさき","https://takasaki-cc.jp/","gunma","2026-09-18","","","","","","","終了未定","","","","","","","","","","","","","一般1,800円/大学・専門学校生1,400円/高校生以下1,000円/シニア(60歳以上)1,100円/レイト1,400円","1800","","","","","2026-10-08","","シネマテークたかさき","https://takasaki-cc.jp/films/?movieId=1948","","36.3236","139.0056","フィンランドの森深い田舎町へ移り住んだ新婚夫婦が、生まれた我が子への違和感から恐怖に追い詰められていくホラー（92分）。ルパート・グリント出演。","R15+"
"288","バグダッド・メッシ 片足のサッカー少年","","foreign","new","群馬県・高崎市","シネマテークたかさき","https://takasaki-cc.jp/","gunma","2026-09-25","2026-10-08","","","","","","","","","","","","","","","","","","","一般1,800円/大学・専門学校生1,400円/高校生以下1,000円/シニア(60歳以上)1,100円/レイト1,400円","1800","","","","","2026-10-08","","シネマテークたかさき","https://takasaki-cc.jp/films/?movieId=1916","","36.3236","139.0056","2009年、イラク戦争下のバグダッドでメッシに憧れる11歳の少年ハムディが、片足を失いながらもサッカーを続ける実話ベースの作品（84分）。",""
"289","美しく、黙りなさい","","doc|foreign","new","群馬県・高崎市","シネマテークたかさき","https://takasaki-cc.jp/","gunma","2026-10-02","2026-10-08","","","","","","","","","","","","","","","","","","","一般1,800円/大学・専門学校生1,400円/高校生以下1,000円/シニア(60歳以上)1,100円/レイト1,400円","1800","","","","","2026-10-08","","シネマテークたかさき","https://takasaki-cc.jp/films/?movieId=1965","","36.3236","139.0056","女優デルフィーヌ・セリッグが、ジェーン・フォンダらかつての共演者に2つの質問を投げかけ、女優の現実を浮かび上がらせるドキュメンタリー（112分）。",""
"290","愛し合ってるかい？忌野清志郎が教えてくれた","","doc|music","new","群馬県・高崎市","シネマテークたかさき","https://takasaki-cc.jp/","gunma","2026-10-23","","","","","","","","","","","","","","","","","","","","特別料金 一律2,200円（各種ご招待券・割引適用外）","","","","","","2026-10-08","","シネマテークたかさき","https://takasaki-cc.jp/news/1249/","","36.3236","139.0056","忌野清志郎を題材にした作品で、高崎では10月23日から上映。通常と異なり一律2,200円の特別料金で、招待券・割引は使えない。","特別料金一律2,200円。招待券・割引適用外"
